Keyword,Intent,Volume,Keyword Difficulty,CPC (JPY)
社会 保険 料,"Informational, Navigational",165000,36,43.92
社会 保険 料 と は,Informational,60500,35,4.88
社会 保険 料 計算,Informational,49500,32,9.76
社会 保険 料率,Informational,12100,35,0.00
パート 社会 保険 料,Informational,9900,30,3.25
社会 保険 料 パート,Informational,9900,28,3.25
社会 保険 料 賞与,Informational,9900,28,165.93
賞与 の 社会 保険 料,Informational,9900,27,165.93
賞与 社会 保険 料,Informational,9900,29,165.93
社会 保険 料 4 月 から 6 月,Informational,8100,21,217.99
社会 保険 料 標準 報酬 月額,Informational,8100,31,50.43
社会 保険 料 計算 シュミレーション,Commercial,8100,31,79.71
社会 保険 料 いくら,Informational,6600,31,4.88
社会 保険 料 高 すぎ,Informational,6600,31,56.94
社会保険料 計算 シュミレーション 2023,Commercial,6600,26,348.14
年収 社会 保険 料 早見 表,Informational,5400,43,0.00
社会 保険 料 等級,Navigational,5400,29,56.94
社会保険料 計算 シュミレーション 2022,Informational,5400,36,175.70
社会保険料 令和8年,,4400,,0.00
社会保険料計算,,4400,,6.51
社会保険料計算 シュミレーション,,4400,,53.68
休職 中 社会 保険 料,Informational,3600,15,32.54
年収 社会保険料 早見表,,3600,,0.00
年末 調整 社会 保険 料,Informational,3600,39,0.00
社会 保険 料 とは,Informational,3600,30,17.89
社会 保険 料 年末 調整,Informational,3600,36,0.00
賞与 社会 保険 料 計算,Informational,3600,26,87.85
4月から6月 社会保険料 シミュレーション,Informational,2900,25,276.56
社会 保険 料 の 決め方,Informational,2900,23,11.39
社会 保険 料 計算 表,Informational,2900,46,61.82
賞与 社会保険料 計算 シュミレーション 2021,Informational,2900,22,343.26
月 の 途中 で 退職 社会 保険 料,Informational,2400,15,3.25
社会 保険 料 と は わかり やすく,Informational,2400,27,14.64
社会 保険 料 の 壁,Informational,2400,33,4.88
社会 保険 料 会社 負担,Informational,2400,15,40.67
社会 保険 料 計算 ツール,Informational,2400,21,245.65
社会 保険 料 計算 方法,Informational,2400,31,53.68
社会 保険 料 高 すぎる,Informational,2400,16,45.55
社会保険料 標準報酬月額,,2400,,82.97
社会保険料 計算 シュミレーション 2021,Informational,2400,26,283.06
4 月 から 6 月 社会 保険 料,Informational,1900,18,32.54
ボーナス 社会 保険 料,Informational,1900,29,0.00
扶養 社会 保険 料,Informational,1900,40,3.25
社会 保険 料 おかしい,Informational,1900,19,0.00
社会 保険 料 ボーナス,Informational,1900,19,0.00
社会 保険 料 内訳,Informational,1900,22,24.40
社会 保険 料 扶養,Informational,1900,39,3.25
社会 保険 料 等級 一覧,Informational,1900,34,0.00
社会 保険 料 通勤 手当,Informational,1900,20,14.64
社会 保険 料率 表,"Informational, Navigational",1900,37,151.29
通勤 手当 社会 保険 料,Informational,1900,17,14.64
社会 保険 料 と は 国民 健康 保険,Informational,1600,30,11.39
社会 保険 料 勘定 科目,Informational,1600,26,0.00
社会 保険 料 国民 健康 保険,Informational,1600,26,11.39
社会 保険 料 国民 年金 保険 料 控除 証明 書,Informational,1600,29,0.00
社会 保険 料 早見 表,Informational,1600,45,69.95
社会 保険 料 表,"Informational, Navigational",1600,32,92.73
社会 保険 料 額 表,Navigational,1600,24,120.38
個人 事業 主 社会 保険 料,Informational,1300,34,78.09
大阪 社会 保険 料,Informational,1300,31,0.00
年収 別 社会 保険 料,Informational,1300,24,32.54
源泉 徴収 票 社会 保険 料 等 の 金額,Informational,1300,24,0.00
社会 保険 料 3 月 4 月 5 月,Informational,1300,14,0.00
社会 保険 料 シュミレーション,Informational,1300,24,203.35
社会 保険 料 個人 事業 主,Informational,1300,31,78.09
社会 保険 料 加入 要件,Informational,1300,42,8.13
社会 保険 料 大阪,"Informational, Navigational",1300,26,0.00
社会 保険 料 年収 別,Informational,1300,26,32.54
社会 保険 料 推移,Informational,1300,35,0.00
社会 保険 料 改定,Informational,1300,26,136.65
社会 保険 料 料率,Navigational,1300,43,42.30
社会 保険 料 税金,Informational,1300,28,0.00
社会 保険 料 納入 証明 書,Informational,1300,21,0.00
税金 社会 保険 料,Informational,1300,32,0.00
4 月 5 月 6 月 社会 保険 料,Informational,1000,18,0.00
交通 費 社会 保険 料,Informational,1000,16,56.94
休職 社会 保険 料,Informational,1000,15,45.55
傷病 手当 社会 保険 料,Informational,1000,16,34.16
副業 社会 保険 料,Informational,1000,12,4.88
月 の 途中 で 入社 社会 保険 料,Informational,1000,11,0.00
社会 保険 料 4 月 5 月 6 月,Informational,1000,20,13.01
社会 保険 料 いくら から,Informational,1000,37,9.76
社会 保険 料 いつから 変わる,Informational,1000,13,16.27
社会 保険 料 を 安く する 方法,Informational,1000,11,91.10
社会 保険 料 一覧,Navigational,1000,33,180.58
社会 保険 料 上限,Informational,1000,19,27.66
社会 保険 料 副業,Informational,1000,13,3.25
社会 保険 料 安く する 方法,Informational,1000,12,47.18
社会 保険 料 引き下げ,Informational,1000,38,0.00
社会 保険 料 確定 申告,Informational,1000,23,379.05
社会 保険 料 等 の 金額,Informational,1000,43,152.92
社会 保険 料 算定 期間,Informational,1000,12,3.25
社会保険料 計算 シュミレーション 2020,Informational,1000,17,177.32
育休 中 の 社会 保険 料,Informational,1000,26,0.00
育休 中 社会 保険 料,Informational,1000,27,0.00
パート 社会 保険 料 シュミレーション,Informational,880,24,0.00
傷病 手当 金 社会 保険 料,Informational,880,14,53.68
年収 社会 保険 料,Informational,880,28,0.00
年金 社会 保険 料,Informational,880,37,56.94
役員 報酬 社会 保険 料,Informational,880,16,120.38
役員 賞与 社会 保険 料,Informational,880,10,0.00
愛知 県 社会 保険 料,"Informational, Transactional",880,23,0.00
月末 退職 社会 保険 料,Informational,880,17,3.25
社会 保険 料 いつ 決まる,Informational,880,20,1.63
社会 保険 料 の 金額,Informational,880,46,24.40
社会 保険 料 値上げ,Informational,880,23,0.00
社会 保険 料 年収,Informational,880,27,0.00
社会 保険 料 役員 報酬,Informational,880,8,120.38
社会 保険 料 愛知 県,"Informational, Navigational",880,23,0.00
社会 保険 料 種類,Informational,880,25,30.91
社会 保険 料 賞与 上限,Informational,880,17,0.00
社会 保険 料 退職 後,Informational,880,19,3.25
社会 保険 料 退職 日,Informational,880,21,3.25
社会 保険 料 金額,Informational,880,44,24.40
社会 保険 料 随時 改定,Informational,880,13,0.00
社会 保険 料 高い,Informational,880,12,63.45
賞与 社会 保険 料 上限,Informational,880,25,0.00
退職 後 の 社会 保険 料,Informational,880,19,3.25
退職 後 社会 保険 料,Informational,880,28,3.25
退職 日 社会 保険 料,Informational,880,17,3.25
退職 月 社会 保険 料,Informational,880,13,4.88
456 月 社会 保険 料,Informational,720,20,0.00
アルバイト 社会 保険 料,Informational,720,28,13.01
パート 社会 保険 料 いくら,Informational,720,26,3.25
休職 中 社会 保険 料 払え ない,Informational,720,12,429.48
北海道 社会 保険 料,"Informational, Navigational",720,25,0.00
協会 けんぽ 社会 保険 料,Navigational,720,40,149.67
厚生 年金 社会 保険 料,Informational,720,38,0.00
年収 130 万 社会 保険 料,Informational,720,36,3.25
所得税 社会 保険 料,Informational,720,32,0.00
月 途中 退職 社会 保険 料,Informational,720,15,4.88
東京 都 社会 保険 料,Navigational,720,22,0.00
社会 保険 料 いくら 引 かれる,Informational,720,25,8.13
社会 保険 料 いつまで 払う,Informational,720,25,3.25
社会 保険 料 の 領収 書,Informational,720,19,0.00
社会 保険 料 アルバイト,Informational,720,31,13.01
社会 保険 料 交通 費,Informational,720,15,0.00
社会 保険 料 仕訳,Informational,720,26,0.00
社会 保険 料 北海道,Informational,720,24,0.00
社会 保険 料 協会 けんぽ,Navigational,720,28,0.00
社会 保険 料 厚生 年金,Informational,720,31,0.00
社会 保険 料 口座 振替,Informational,720,26,0.00
社会 保険 料 壁,Informational,720,37,3.25
社会 保険 料 変更,Informational,720,20,74.83
社会 保険 料 所得税,Informational,720,35,0.00
社会 保険 料 扶養 人数 で 変わる,Informational,720,24,0.00
社会 保険 料 扶養 条件,Informational,720,34,4.88
社会 保険 料 東京 都,Navigational,720,43,0.00
社会 保険 料 福岡,"Informational, Navigational",720,21,0.00
社会 保険 料 等級 表,"Informational, Navigational",720,19,0.00
社会 保険 料 計算 標準 報酬 月額,Informational,720,19,42.30
社会 保険 料 退職,Informational,720,17,3.25
社会 保険 料 領収 書,Informational,720,20,0.00
育休 明け 社会 保険 料,Informational,720,16,0.00
退職 社会 保険 料,Informational,720,17,3.25
4 6 月 社会 保険 料,Informational,590,20,0.00
チームみらい 社会保険料,Informational,590,43,0.00
バイト 社会 保険 料,Informational,590,19,3.25
休職 中 の 社会 保険 料,Informational,590,10,92.73
健康 保険 料 と 社会 保険 料 の 違い,Informational,590,29,45.55
健康 保険 料 社会 保険 料 違い,Informational,590,29,37.42
公務員 社会 保険 料,Informational,590,14,0.00
年末 調整 社会 保険 料 と は,Informational,590,27,0.00
年金 受給 者 社会 保険 料,Informational,590,32,1.63
産休 中 社会 保険 料,Informational,590,14,0.00
社会 保険 料 バイト,Informational,590,29,3.25
社会 保険 料 上がっ た,Informational,590,15,0.00
社会 保険 料 上がる,Informational,590,19,0.00
社会 保険 料 会社 負担 割合,Informational,590,23,0.00
社会 保険 料 何 パーセント,Informational,590,35,0.00
社会 保険 料 健康 保険 料 違い,Informational,590,24,52.06
社会 保険 料 公務員,Informational,590,15,0.00
社会 保険 料 割合,Informational,590,32,0.00
社会 保険 料 厚生 年金 保険 料,Informational,590,35,0.00
社会 保険 料 年金,Informational,590,36,0.00
社会 保険 料 年金 受給 者,Informational,590,26,0.00
社会 保険 料 扶養 家族,Informational,590,35,3.25
社会 保険 料 標準 報酬 月額 表,Informational,590,50,48.80
社会 保険 料 英語,Informational,590,34,0.00
社会 保険 料 計算 年収,Informational,590,30,162.68
社会 保険 料 還付,Informational,590,31,0.00
社会 保険 料率 賞与,Informational,590,25,0.00
社会保険料 何に使われる,Informational,590,27,0.00
社会保険料 自動計算 2020,Informational,590,11,167.56
賞与 社会 保険 料率,Informational,590,23,0.00
退職 金 社会 保険 料,Informational,590,18,130.14
65 歳 以上 社会 保険 料,Informational,480,14,3.25
休業 中 の 社会 保険 料,Informational,480,12,0.00
休業 中 社会 保険 料,Informational,480,15,0.00
兵庫 県 社会 保険 料,"Informational, Navigational",480,38,0.00
同月 得喪 社会 保険 料,Informational,480,11,0.00
無職 社会 保険 料,Informational,480,14,13.01
産休 社会 保険 料,Informational,480,14,0.00
社会 保険 料 4 月 から 6 月 無職,Informational,480,23,0.00
社会 保険 料 65 歳 以上,Informational,480,24,0.00
社会 保険 料 と は 給与 明細,Informational,480,17,11.39
社会 保険 料 上がる タイミング,Informational,480,13,0.00
社会 保険 料 任意 継続,Informational,480,19,3.25
社会 保険 料 住民 税,Informational,480,27,0.00
社会 保険 料 兵庫 県,"Informational, Transactional",480,34,0.00
社会 保険 料 取 られ すぎ,Informational,480,21,0.00
社会 保険 料 報酬 月額,Informational,480,32,26.03
社会 保険 料 変更 いつから,Informational,480,23,0.00
社会 保険 料 学生,Informational,480,25,0.00
社会 保険 料 支払い,Informational,480,24,65.07
社会 保険 料 月額,"Informational, Navigational",480,41,27.66
社会 保険 料 月額 報酬,Informational,480,27,26.03
社会 保険 料 月額 変更 いつから,Informational,480,26,0.00
社会 保険 料 月額 表,"Informational, Navigational",480,34,0.00
社会 保険 料 東京,Navigational,480,35,0.00
社会 保険 料 残業,Informational,480,15,0.00
社会 保険 料 産休,Informational,480,10,0.00
社会 保険 料 神奈川 県,"Informational, Navigational",480,12,0.00
社会 保険 料 算定,Informational,480,26,47.18
社会 保険 料 納付 書,Informational,480,19,0.00
社会 保険 料 負担 率,Informational,480,31,14.64
社会 保険 料 退職 月,Informational,480,16,4.88
社会保険料 令和8年 計算,,480,,0.00
神奈川 県 社会 保険 料,"Informational, Navigational",480,18,0.00
育休 復帰 社会 保険 料,Informational,480,16,0.00
育休 社会 保険 料,Informational,480,21,0.00
通勤 費 社会 保険 料,Informational,480,13,0.00
介護 休業 社会 保険 料,Informational,390,11,6.51
休職 中 社会 保険 料 全額 負担,Informational,390,12,0.00
会社 負担 社会 保険 料,Informational,390,20,437.61
月 途中 入社 社会 保険 料,Informational,390,10,0.00
確定 申告 社会 保険 料,Informational,390,37,0.00
社会 保険 料 上限 年収,Informational,390,33,0.00
社会 保険 料 下がる,Informational,390,23,0.00
社会 保険 料 仕組み,Informational,390,28,40.67
社会 保険 料 使い道,Informational,390,34,0.00
社会 保険 料 健康 保険 料,Informational,390,30,0.00
社会 保険 料 削減 スキーム,Informational,390,8,200.10
社会 保険 料 加入 条件,Informational,390,31,22.78
社会 保険 料 国民 年金,Informational,390,40,0.00
社会 保険 料 増額,Informational,390,22,0.00
社会 保険 料 子ども 子育て 拠出 金,Informational,390,27,0.00
社会 保険 料 年収 いくら から,Informational,390,38,3.25
社会 保険 料 延滞 金 勘定 科目,Informational,390,9,0.00
社会 保険 料 支払 月,Informational,390,23,0.00
社会 保険 料 料率 表,Navigational,390,53,0.00
社会 保険 料 最低 額,Informational,390,31,0.00
社会 保険 料 月 いくら,Informational,390,37,0.00
社会 保険 料 月 の 途中 退職,Informational,390,13,0.00
社会 保険 料 決め方,Informational,390,22,0.00
社会 保険 料 減額,Informational,390,22,0.00
社会 保険 料 率,Informational,390,41,0.00
社会 保険 料 税率,Informational,390,42,0.00
社会 保険 料 等 の 金額 2 段,Informational,390,16,0.00
社会 保険 料 納付 期限,Informational,390,27,0.00
社会 保険 料 納付 証明 書,Informational,390,22,0.00
社会 保険 料 納入 確認 書,Informational,390,18,0.00
社会 保険 料 給料,Informational,390,30,0.00
社会 保険 料 裏 ワザ,Informational,390,16,0.00
社会 保険 料 計算 月,Informational,390,24,0.00
社会 保険 料 転職,Informational,390,17,8.13
社会保険料 計算 2021,Informational,390,39,172.44
社会保険料計算 シュミレーション 2026,,390,,1.63
給料 社会 保険 料,Informational,390,33,0.00
育休 賞与 社会 保険 料,Informational,390,7,0.00
賞与 社会 保険 料 計算 シュミレーション,Informational,390,19,0.00
転職 社会 保険 料,Informational,390,16,8.13
18 万 社会 保険 料,Informational,320,15,0.00
20 万 社会 保険 料,Informational,320,28,0.00
ふるさと 納税 社会 保険 料,Informational,320,41,0.00
パート 社会 保険 料 計算,Informational,320,25,0.00
介護 保険 社会 保険 料,Informational,320,32,0.00
会社 社会 保険 料,Informational,320,28,0.00
埼玉 県 社会 保険 料,"Informational, Navigational",320,23,0.00
大阪 府 社会 保険 料,"Informational, Navigational",320,31,0.00
年収 500 万 社会 保険 料,Informational,320,25,0.00
年収 600 万 社会 保険 料,Informational,320,19,0.00
後期 高齢 者 社会 保険 料,Informational,320,28,0.00
月 中 退職 社会 保険 料,Informational,320,13,6.51
月末 退職 社会 保険 料 2 か 月 分,Informational,320,18,3.25
残業 代 社会 保険 料,Informational,320,13,0.00
法人 社会 保険 料,Informational,320,19,255.41
社会 保険 料 70 歳 以上,Informational,320,,0.00
社会 保険 料 いつから 引 かれる,Informational,320,10,0.00
社会 保険 料 と は 何 か,Informational,320,28,6.51
社会 保険 料 と 健康 保険 料 の 違い,Informational,320,27,8.13
社会 保険 料 と 国民 健康 保険 料,Informational,320,27,42.30
社会 保険 料 の 計算,Informational,320,36,65.07
社会 保険 料 クレジット カード 払い 法人,Informational,320,13,574.26
社会 保険 料 パート いくら,Informational,320,25,0.00
社会 保険 料 一覧 表,"Informational, Navigational",320,36,0.00
社会 保険 料 休職 中,Informational,320,13,0.00
社会 保険 料 会社,Informational,320,28,0.00
社会 保険 料 会社 負担 分,Informational,320,25,0.00
社会 保険 料 何,Informational,320,30,11.39
社会 保険 料 何 月,Informational,320,25,0.00
社会 保険 料 何 月 から 変わる,Informational,320,15,0.00
社会 保険 料 埼玉 県,"Informational, Navigational",320,24,0.00
社会 保険 料 定時 改定,Informational,320,14,0.00
社会 保険 料 平均,Informational,320,24,0.00
社会 保険 料 引き落とし 残高 不足 法人,Informational,320,18,0.00
社会 保険 料 当月 徴収 違法,Informational,320,12,0.00
社会 保険 料 払わ ない と どうなる,Informational,320,14,0.00
社会 保険 料 折半,Informational,320,32,0.00
社会 保険 料 日割り,Informational,320,11,1.63
社会 保険 料 月末 退職,Informational,320,15,4.88
社会 保険 料 月額 変更 届,Informational,320,21,0.00
社会 保険 料 条件,Informational,320,35,3.25
社会 保険 料 残業 代,Informational,320,13,0.00
社会 保険 料 決まり 方,Informational,320,27,0.00
社会 保険 料 法人,Informational,320,27,255.41
社会 保険 料 消費 税,Informational,320,12,0.00
社会 保険 料 滞納,Informational,320,11,0.00
社会 保険 料 算出 方法,Informational,320,26,13.01
社会 保険 料 算定 表,"Informational, Transactional",320,29,0.00
社会 保険 料 納付,Informational,320,28,0.00
社会 保険 料 納付 仕組み,Informational,320,24,0.00
社会 保険 料 給与,Informational,320,29,0.00
社会 保険 料 給料 が 下がっ た 場合,Informational,320,18,0.00
社会 保険 料 翌月 徴収,Informational,320,14,0.00
社会 保険 料 育休,Informational,320,26,0.00
社会 保険 料 見直し,Informational,320,26,0.00
社会 保険 料 負担,Informational,320,26,0.00
社会 保険 料 退職 時,Informational,320,16,3.25
社会 保険 料 通知 書,Informational,320,16,0.00
社会 保険 料 週 20 時間,Informational,320,25,0.00
社会 保険 料 雇用 保険,Informational,320,30,0.00
社会 保険 料 額,"Informational, Navigational",320,41,0.00
給与 社会 保険 料,Informational,320,30,0.00
育休 ボーナス 社会 保険 料,Informational,320,19,0.00
育児 休業 社会 保険 料,Informational,320,16,0.00
賞与 の 社会 保険 料 計算 方法,Informational,320,15,138.28
賞与 社会 保険 料 いつから,Informational,320,26,0.00
賞与 社会 保険 料 計算 方法,Informational,320,14,138.28
退職 時 社会 保険 料,Informational,320,15,3.25
静岡 県 社会 保険 料,"Informational, Navigational",320,14,0.00
高齢 者 社会 保険 料,Informational,320,30,0.00
65 歳 社会 保険 料,Informational,260,23,0.00
88000 円 社会 保険 料,Informational,260,12,0.00
ボーナス 社会 保険 料 計算,Informational,260,24,0.00
中途 入社 社会 保険 料 いつから,Informational,260,10,0.00
会社 負担 社会 保険 料 計算,Informational,260,20,232.63
傷病 手当 受給 中 社会 保険 料,Informational,260,11,0.00
入社 月 社会 保険 料,Informational,260,14,0.00
公務員 社会 保険 料 いくら,Informational,260,12,0.00
千葉 県 社会 保険 料,Navigational,260,33,0.00
国民 健康 保険 料 社会 保険 料,Informational,260,25,8.13
年収 200 万 社会 保険 料,Informational,260,15,0.00
年収 300 万 社会 保険 料,Informational,260,27,0.00
役員 報酬 5 万 円 社会 保険 料,Informational,260,9,0.00
月収 12 万 社会 保険 料,Informational,260,14,0.00
月収 15 万 社会 保険 料,Informational,260,12,0.00
月収 20 万 社会 保険 料,Informational,260,36,0.00
標準 報酬 月額 社会 保険 料,Informational,260,27,0.00
決算 賞与 社会 保険 料,Informational,260,22,0.00
派遣 社会 保険 料 高い,Informational,260,15,198.47
源泉 徴収 社会 保険 料,Informational,260,24,0.00
源泉 徴収 票 社会 保険 料 等 の 金額 内,Informational,260,10,0.00
源泉 徴収 票 社会 保険 料 等 の 金額 計算,Informational,260,26,390.43
社会 保険 料 456 月,Informational,260,17,0.00
社会 保険 料 パート 計算,Informational,260,18,0.00
社会 保険 料 下げる,Informational,260,22,0.00
社会 保険 料 事業 主 負担,Informational,260,26,0.00
社会 保険 料 京都,Informational,260,16,0.00
社会 保険 料 会社 負担 計算,Informational,260,29,232.63
社会 保険 料 入社 月,Informational,260,12,0.00
社会 保険 料 削減,Informational,260,10,120.38
社会 保険 料 加入 義務,Informational,260,39,52.06
社会 保険 料 千葉 県,Informational,260,26,0.00
社会 保険 料 変わる タイミング,Informational,260,15,0.00
社会 保険 料 岡山,"Informational, Navigational",260,15,0.00
社会 保険 料 年末 調整 戻っ て くる,Informational,260,17,0.00
社会 保険 料 延滞 金,Informational,260,8,0.00
社会 保険 料 延滞 金 損金 算入,Informational,260,5,0.00
社会 保険 料 引き落とし タイミング,Informational,260,15,0.00
社会 保険 料 引き落とし 日,Informational,260,26,0.00
社会 保険 料 推移 グラフ,Informational,260,31,0.00
社会 保険 料 支払 先,Informational,260,15,0.00
社会 保険 料 支払 方法,Informational,260,14,0.00
社会 保険 料 東急,"Informational, Transactional",260,28,0.00
社会 保険 料 毎月 変わる,Informational,260,16,0.00
社会 保険 料 決定 通知 書,Informational,260,14,0.00
社会 保険 料 減額 申請,Informational,260,24,0.00
社会 保険 料 無職,Informational,260,18,0.00
社会 保険 料 石川 県,"Informational, Navigational",260,17,0.00
社会 保険 料 算出,Informational,260,35,35.79
社会 保険 料 算定 月,Informational,260,23,6.51
社会 保険 料 納入 証明 申請 書,"Informational, Transactional",260,19,0.00
社会 保険 料 給与 明細,Informational,260,18,0.00
社会 保険 料 自 営業,Informational,260,25,60.19
社会 保険 料 計算 会社 負担,Informational,260,27,204.98
社会 保険 料 証明 書,Informational,260,28,0.00
社会 保険 料 賞与 計算,Informational,260,20,97.61
社会 保険 料 配偶 者 控除,Informational,260,35,0.00
社会 保険 料 預り 金,Informational,260,25,0.00
社会 保険 料率 変更,Informational,260,23,0.00
育休 明け 社会 保険 料 徴収 いつから,Informational,260,14,0.00
賞与 に かかる 社会 保険 料,Informational,260,16,3.25
退職 後 賞与 社会 保険 料,Informational,260,10,0.00
配偶 者 控除 社会 保険 料,Informational,260,39,0.00
障害 者 社会 保険 料,Informational,260,17,0.00
25 万 社会 保険 料,Informational,210,14,0.00
30 万 社会 保険 料,Informational,210,16,0.00
60 歳 以上 の 社会 保険 料,Informational,210,12,0.00
フリーター 社会 保険 料,Informational,210,17,4.88
年収 1000 万 社会 保険 料,Informational,210,26,0.00
年収 150 万 社会 保険 料,Informational,210,28,3.25
年収 400 万 社会 保険 料,Informational,210,26,0.00
時短 勤務 社会 保険 料,Informational,210,12,0.00
月額 報酬 社会 保険 料,Informational,210,28,0.00
残業 社会 保険 料,Informational,210,23,0.00
源泉 徴収 社会 保険 料 等 の 金額,Informational,210,24,0.00
源泉 徴収 票 社会 保険 料,Informational,210,14,0.00
社会 保険 料 4 月,Informational,210,14,0.00
社会 保険 料 から 国民 健康 保険,Informational,210,25,6.51
社会 保険 料 が かからない 手当,Informational,210,14,0.00
社会 保険 料 と 国民 保険 料 の 違い,Informational,210,24,3.25
社会 保険 料 に 含ま れる もの,Informational,210,30,0.00
社会 保険 料 二 重 払い,Informational,210,9,0.00
社会 保険 料 交通 費 含む,Informational,210,13,0.00
社会 保険 料 介護 保険 料,Informational,210,23,0.00
社会 保険 料 何 歳 まで,Informational,210,18,0.00
社会 保険 料 内容,Informational,210,29,0.00
社会 保険 料 労使 折半,Informational,210,30,0.00
社会 保険 料 収入,Informational,210,28,0.00
社会 保険 料 問い合わせ 先,Informational,210,36,0.00
社会 保険 料 基準,Informational,210,31,30.91
社会 保険 料 広島,Informational,210,17,0.00
社会 保険 料 引き上げ,Informational,210,18,0.00
社会 保険 料 引き落とし,Informational,210,22,0.00
社会 保険 料 当月 徴収,Informational,210,11,0.00
社会 保険 料 当月 徴収 翌月 徴収 見分け 方,Informational,210,11,0.00
社会 保険 料 所得,Informational,210,28,0.00
社会 保険 料 払え ない 場合,Informational,210,10,40.67
社会 保険 料 扶養 控除,Informational,210,32,3.25
社会 保険 料 改定 時期,Informational,210,15,0.00
社会 保険 料 月額 変更,Informational,210,19,0.00
社会 保険 料 決定 月,Informational,210,24,0.00
社会 保険 料 沖縄,Informational,210,20,0.00
社会 保険 料 熊本,Informational,210,16,0.00
社会 保険 料 目安,Informational,210,26,0.00
社会 保険 料 確認 方法,Informational,210,35,0.00
社会 保険 料 神奈川,Informational,210,11,0.00
社会 保険 料 科目,Informational,210,25,0.00
社会 保険 料 税金 違い,Informational,210,15,0.00
社会 保険 料 税額 表,Navigational,210,36,0.00
社会 保険 料 端数,Informational,210,13,0.00
社会 保険 料 端数 処理,Informational,210,13,0.00
社会 保険 料 等,Informational,210,33,0.00
社会 保険 料 等 の 控除 額 と は,Informational,210,28,0.00
社会 保険 料 等 の 金額 計算,Informational,210,25,0.00
社会 保険 料 等級 決め方,Informational,210,17,0.00
社会 保険 料 節税,Informational,210,15,79.71
社会 保険 料 納入 証明 書 見本,Informational,210,13,0.00
社会 保険 料 自動 計算,Informational,210,22,271.68
社会 保険 料 計算 式,Informational,210,28,21.15
社会 保険 料 過払い 返還,Informational,210,21,0.00
社会 保険 料 鹿児島,Informational,210,21,0.00
社会 保険 料率 推移,Informational,210,33,0.00
給与 社会 保険 料 計算,Informational,210,32,208.23
給料 20 万 社会 保険 料,Informational,210,23,0.00
雑 所得 社会 保険 料,Informational,210,28,0.00
香川 県 社会 保険 料,Informational,210,20,0.00
150 万 社会 保険 料,Informational,170,20,0.00
4 5 6 月 社会 保険 料,Informational,170,18,0.00
4 月 6 月 社会 保険 料,Informational,170,17,0.00
パート の 社会 保険 料,Informational,170,20,3.25
フリー ランス 社会 保険 料,Informational,170,31,76.46
休職 中 社会 保険 料 いくら,Informational,170,8,0.00
休職 期間 社会 保険 料,Informational,170,12,0.00
会社 が 負担 する 社会 保険 料,Informational,170,28,120.38
住民 税 は 社会 保険 料 か,Informational,170,24,0.00
国民 健康 保険 料 と 社会 保険 料 の 違い,Informational,170,23,9.76
外国 人 社会 保険 料,Informational,170,15,0.00
年収 120 万 社会 保険 料,Informational,170,30,0.00
年収 140 万 社会 保険 料,Informational,170,15,0.00
年収 700 万 社会 保険 料,Informational,170,18,0.00
役員 賞与 社会 保険 料 計算 シュミレーション,Informational,170,17,0.00
所得税 社会 保険 料 計算,Informational,170,30,0.00
月 の 途中 入社 社会 保険 料,Informational,170,10,0.00
月 の 途中 退職 社会 保険 料,Informational,170,13,3.25
月末 入社 社会 保険 料,Informational,170,14,0.00
東京 社会 保険 料,Navigational,170,24,0.00
派遣 の 社会 保険 料,Informational,170,12,55.31
派遣 社会 保険 料,Informational,170,15,82.97
源泉 徴収 票 社会 保険 料 2 段,Informational,170,12,0.00
特定 口座 社会 保険 料,Informational,170,23,0.00
産前 産後 休暇 社会 保険 料,Informational,170,11,0.00
申告 による 社会 保険 料 の 控除 分 と は,Informational,170,32,0.00
社会 保険 料 10 月 から,Informational,170,18,0.00
社会 保険 料 15 万,Informational,170,24,0.00
社会 保険 料 4 5 6 月,Informational,170,20,0.00
社会 保険 料 と は 国民 年金,Informational,170,37,0.00
社会 保険 料 と 国民 健康 保険 料 の 違い,Informational,170,28,6.51
社会 保険 料 は 何 歳 まで 払う,Informational,170,19,3.25
社会 保険 料 ダブル ワーク,Informational,170,10,4.88
社会 保険 料 テーブル,"Informational, Navigational",170,32,0.00
社会 保険 料 フリー ランス,Informational,170,31,105.74
社会 保険 料 メリット,Informational,170,26,52.06
社会 保険 料 上がる 理由,Informational,170,13,0.00
社会 保険 料 中途 入社 標準 報酬 月額,Informational,170,10,0.00
社会 保険 料 事務 所,Transactional,170,42,0.00
社会 保険 料 企業 負担,Informational,170,19,0.00
社会 保険 料 何 割 負担,Informational,170,16,0.00
社会 保険 料 値上がり,Informational,170,21,24.40
社会 保険 料 値段,Informational,170,42,0.00
社会 保険 料 加入,Informational,170,43,35.79
社会 保険 料 勘定 科目 個人 事業 主,Informational,170,12,0.00
社会 保険 料 口座 振替 依頼 書,Informational,170,22,0.00
社会 保険 料 国民 年金 保険 料,Informational,170,46,0.00
社会 保険 料 国民 年金 保険 料 違い,Informational,170,28,42.30
社会 保険 料 基準 月,Informational,170,20,0.00
社会 保険 料 変更 時期,Informational,170,31,0.00
社会 保険 料 安く なる,Informational,170,18,0.00
社会 保険 料 宮城 県,"Informational, Navigational",170,32,0.00
社会 保険 料 対象,Informational,170,37,0.00
社会 保険 料 山口 県,Navigational,170,23,0.00
社会 保険 料 年末 調整 書き方,Informational,170,24,0.00
社会 保険 料 年間,Informational,170,38,0.00
社会 保険 料 引き落とし 口座 変更,Informational,170,17,0.00
社会 保険 料 所得税 計算,Informational,170,28,0.00
社会 保険 料 扶養 内,Informational,170,33,3.25
社会 保険 料 支払 タイミング,Informational,170,21,0.00
社会 保険 料 改正,Informational,170,26,0.00
社会 保険 料 月 の 途中 で 退職,Informational,170,14,3.25
社会 保険 料 未納,Informational,170,8,0.00
社会 保険 料 源泉 徴収 票,Informational,170,16,0.00
社会 保険 料 等 の 金額 内訳,Informational,170,33,0.00
社会 保険 料 算定 基準,Informational,170,25,13.01
社会 保険 料 算定 基礎,Informational,170,24,0.00
社会 保険 料 算定 基礎 届,Informational,170,18,0.00
社会 保険 料 納入 告知 書,Informational,170,22,0.00
社会 保険 料 給料 の 何 割,Informational,170,25,0.00
社会 保険 料 給料 計算,Informational,170,24,258.66
社会 保険 料 見直し 時期,Informational,170,15,0.00
社会 保険 料 計算 パート,Informational,170,17,0.00
社会 保険 料 試算,Informational,170,29,0.00
社会 保険 料 負担 割合,Informational,170,29,0.00
社会 保険 料 負担 率 推移,Informational,170,36,0.00
社会 保険 料 返っ て くる,Informational,170,14,0.00
社会 保険 料 逆 進 性,Informational,170,21,0.00
社会 保険 料 随時 改定 いつから,Informational,170,15,0.00
社会 保険 料 非課税,Informational,170,15,0.00
福岡 県 社会 保険 料,"Informational, Navigational",170,30,0.00
給与 明細 社会 保険 料,Informational,170,20,0.00
給料 30 万 社会 保険 料,Informational,170,19,0.00
給料 社会 保険 料 計算,Informational,170,30,0.00
給料 計算 社会 保険 料,Informational,170,28,258.66
老後 社会 保険 料 シミュレーション,Informational,170,24,0.00
育休 中 賞与 社会 保険 料,Informational,170,4,0.00
転職 社会 保険 料 変わる,Informational,170,17,86.22
130 万 円 社会 保険 料,Informational,140,29,3.25
ひとり 親 社会 保険 料,Informational,140,15,0.00
アメリカ 社会 保険 料,Informational,140,16,0.00
アルバイト 社会 保険 料 計算,Informational,140,20,0.00
インセンティブ 社会 保険 料,Informational,140,17,0.00
ダブル ワーク 社会 保険 料,Informational,140,10,1.63
会社 が 払う 社会 保険 料,Informational,140,19,0.00
住宅 手当 社会 保険 料,Informational,140,9,0.00
個人 年金 社会 保険 料,Informational,140,17,0.00
傷病 手当 金 社会 保険 料 相殺,Informational,140,13,0.00
入社 祝い金 社会 保険 料,Informational,140,5,0.00
労災 休業 補償 社会 保険 料,Informational,140,12,0.00
学生 社会 保険 料,Informational,140,25,0.00
定年 後 社会 保険 料,Informational,140,12,1.63
専業 主婦 社会 保険 料,Informational,140,29,0.00
年収 106 万 社会 保険 料,Informational,140,35,1.63
年収 800 万 社会 保険 料,Informational,140,14,0.00
年末 調整 社会 保険 料 書き方,Informational,140,21,0.00
年金 社会 保険 料 計算,Informational,140,31,0.00
愛媛 県 社会 保険 料,"Informational, Navigational",140,14,0.00
所得 控除 社会 保険 料,Informational,140,32,0.00
月 の 途中 で 転職 社会 保険 料,Informational,140,12,3.25
月収 10 万 社会 保険 料,Informational,140,14,0.00
月収 13 万 社会 保険 料,Informational,140,23,0.00
月収 14 万 社会 保険 料,Informational,140,16,0.00
月末 退社 社会 保険 料,Informational,140,22,3.25
月給 20 万 社会 保険 料,Informational,140,27,0.00
東京 都 社会 保険 料率,Navigational,140,19,0.00
標準 報酬 月額 社会 保険 料 計算,Informational,140,26,0.00
滋賀 県 社会 保険 料,"Informational, Navigational",140,28,0.00
社会 保険 料 10 月 改定,Informational,140,24,0.00
社会 保険 料 130 万 円,Informational,140,35,0.00
社会 保険 料 20 万,Informational,140,33,0.00
社会 保険 料 60 歳 以上,Informational,140,21,0.00
社会 保険 料 88000 円,Informational,140,12,0.00
社会 保険 料 いつ 払う,Informational,140,21,0.00
社会 保険 料 どれくらい,Informational,140,28,0.00
社会 保険 料 の 種類,Informational,140,29,0.00
社会 保険 料 の 計算 の 仕方,Informational,140,24,6.51
社会 保険 料 の 計算 方法,Informational,140,19,84.59
社会 保険 料 カード 払い,Informational,140,17,507.56
社会 保険 料 クレジット カード,Informational,140,14,374.17
社会 保険 料 三重 県,"Informational, Transactional",140,17,0.00
社会 保険 料 住民 税 含ま れる,Informational,140,23,0.00
社会 保険 料 何 割,Informational,140,28,0.00
社会 保険 料 健康 保険,Informational,140,27,0.00
社会 保険 料 全額 自己 負担,Informational,140,29,0.00
社会 保険 料 前払い 後払い,Informational,140,20,0.00
社会 保険 料 加入 手続き,Informational,140,23,0.00
社会 保険 料 埼玉,"Informational, Transactional",140,23,0.00
社会 保険 料 変更 月,Informational,140,16,0.00
社会 保険 料 天引き,Informational,140,23,0.00
社会 保険 料 定時 改定 いつから,Informational,140,18,0.00
社会 保険 料 定時 決定,Informational,140,13,0.00
社会 保険 料 差し押さえ,Informational,140,9,0.00
社会 保険 料 年金 計算,Informational,140,33,0.00
社会 保険 料 年齢,Informational,140,11,0.00
社会 保険 料 引き落とし 日 法人,Informational,140,21,0.00
社会 保険 料 徴収,Informational,140,24,0.00
社会 保険 料 徴収 タイミング,Informational,140,10,0.00
社会 保険 料 愛媛 県,Informational,140,20,0.00
社会 保険 料 戻っ て くる,Informational,140,16,0.00
社会 保険 料 払い 過ぎ 還付,Informational,140,15,0.00
社会 保険 料 支払 時期,Informational,140,22,0.00
社会 保険 料 改定 月,Informational,140,18,0.00
社会 保険 料 料率 賞与,Informational,140,19,0.00
社会 保険 料 時効,Informational,140,10,0.00
社会 保険 料 最高 額,Informational,140,11,0.00
社会 保険 料 月,Informational,140,29,0.00
社会 保険 料 月 変,Informational,140,22,0.00
社会 保険 料 概算,Informational,140,28,0.00
社会 保険 料 標準 報酬 月額 変更,Informational,140,22,0.00
社会 保険 料 減免 制度,Informational,140,29,0.00
社会 保険 料 滋賀 県,"Informational, Navigational",140,19,0.00
社会 保険 料 滞納 差し押さえ,Informational,140,7,100.86
社会 保険 料 産休 免除,Informational,140,6,0.00
社会 保険 料 相談 窓口,Informational,140,28,178.95
社会 保険 料 等 と は,Informational,140,28,0.00
社会 保険 料 等 の 控除 額,Informational,140,22,0.00
社会 保険 料 等級 変更,Informational,140,22,0.00
社会 保険 料 納付 先,Informational,140,26,0.00
社会 保険 料 納入 通知 書,Informational,140,29,0.00
社会 保険 料 経費,Informational,140,21,0.00
社会 保険 料 給料 の 何 パーセント,Informational,140,34,0.00
社会 保険 料 総額,Informational,140,35,0.00
社会 保険 料 計算 の 仕方,Informational,140,26,4.88
社会 保険 料 計算 期間,Informational,140,23,0.00
社会 保険 料 負担 額,Informational,140,35,0.00
社会 保険 料 財源,Informational,140,,0.00
社会 保険 料 賞与 料率,Informational,140,23,0.00
社会 保険 料 配偶 者,Informational,140,38,0.00
社会 保険 料 雇用 保険 含む,Informational,140,26,0.00
社会 保険 料 領収 書 会社,Informational,140,23,0.00
社会 保険 料率 改定,Informational,140,25,0.00
給与 賞与 社会 保険 料 違い,Informational,140,22,0.00
給料 15 万 社会 保険 料,Informational,140,21,0.00
育児 休業 中 の 社会 保険 料,Informational,140,18,0.00
育児 休業 中 社会 保険 料,Informational,140,25,0.00
賞与 社会 保険 料 料率,Informational,140,18,0.00
退職 月 賞与 社会 保険 料,Informational,140,14,0.00
配偶 者 の 社会 保険 料,Informational,140,35,0.00
配偶 者 社会 保険 料,Informational,140,33,0.00
10 万 円 社会 保険 料,Informational,110,13,0.00
130 万 社会 保険 料,Informational,110,39,1.63
17 万 社会 保険 料,Informational,110,18,0.00
20 万 円 社会 保険 料,Informational,110,29,0.00
23 万 社会 保険 料,Informational,110,13,0.00
3 月 4 月 5 月 社会 保険 料,Informational,110,11,0.00
35 万 社会 保険 料,Informational,110,21,0.00
60 歳 社会 保険 料,Informational,110,18,0.00
88000 円 社会 保険 料 いくら,Informational,110,11,0.00
ideco 社会 保険 料,Informational,110,32,24.40
ふるさと 納税 社会 保険 料 等 の 金額 と は,Informational,110,19,0.00
サラリーマン 社会 保険 料,Informational,110,34,0.00
事前 確定 届出 給与 社会 保険 料,Informational,110,1,0.00
介護 休業 中 の 社会 保険 料,Informational,110,11,0.00
会社 員 社会 保険 料,Informational,110,34,0.00
住民 税 社会 保険 料,Informational,110,23,0.00
保険 料 控除 申告 書 書き方 社会 保険 料,Informational,110,17,0.00
健康 保険 料 社会 保険 料,Informational,110,35,0.00
傷病 手当 金 社会 保険 料 会社 負担,Informational,110,9,0.00
公 的 年金 社会 保険 料,Informational,110,37,0.00
処遇 改善 加算 社会 保険 料,Informational,110,3,0.00
初任 給 社会 保険 料,Informational,110,26,0.00
労災 中 社会 保険 料,Informational,110,11,0.00
労災 社会 保険 料,Informational,110,8,0.00
報奨 金 社会 保険 料,Informational,110,13,0.00
失業 保険 社会 保険 料,Informational,110,21,0.00
年俸 制 社会 保険 料,Informational,110,13,0.00
年収 110 万 社会 保険 料,Informational,110,28,0.00
年収 180 万 社会 保険 料,Informational,110,16,0.00
役員 報酬 10 万 円 社会 保険 料,Informational,110,7,0.00
役員 報酬 変更 社会 保険 料,Informational,110,8,0.00
手取り 30 万 社会 保険 料,Informational,110,25,0.00
払い すぎ た 社会 保険 料,Informational,110,19,0.00
扶養 家族 社会 保険 料,Informational,110,34,0.00
日本 年金 機構 社会 保険 料,Navigational,110,54,0.00
時給 社会 保険 料 計算,Informational,110,11,0.00
月 20 万 社会 保険 料,Informational,110,30,0.00
月収 11 万 社会 保険 料,Informational,110,15,0.00
月収 17 万 社会 保険 料,Informational,110,18,0.00
月収 40 万 社会 保険 料,Informational,110,16,0.00
末日 退職 社会 保険 料,Informational,110,19,6.51
株 社会 保険 料,Informational,110,24,0.00
欠勤 社会 保険 料,Informational,110,9,0.00
派遣 社員 社会 保険 料,Informational,110,17,0.00
源泉 徴収 票 社会 保険 料 内,Informational,110,15,0.00
源泉 徴収 票 社会 保険 料 等 の 金額 内訳,Informational,110,16,0.00
産休 ボーナス 社会 保険 料,Informational,110,12,0.00
確定 拠出 年金 社会 保険 料,Informational,110,22,0.00
確定 申告 の 社会 保険 料 と は,Informational,110,28,0.00
確定 申告 配偶 者 の 社会 保険 料,Informational,110,33,0.00
社会 保険 料 456,Informational,110,21,0.00
社会 保険 料 5 万,Informational,110,31,0.00
社会 保険 料 9 月,Informational,110,13,0.00
社会 保険 料 の 領収 書 と は,Informational,110,17,0.00
社会 保険 料 を 下げる,Informational,110,13,0.00
社会 保険 料 クレジット カード 払い,Informational,110,13,335.12
社会 保険 料 パーセント,Informational,110,36,0.00
社会 保険 料 ボーナス 計算,Informational,110,23,0.00
社会 保険 料 ランク,Informational,110,35,0.00
社会 保険 料 任意 継続 保険 料,Informational,110,14,8.13
社会 保険 料 会社 負担 分 仕訳,Informational,110,20,0.00
社会 保険 料 会社 負担 分 計算,Informational,110,22,0.00
社会 保険 料 値上げ 推移,Informational,110,30,0.00
社会 保険 料 全額 会社 負担,Informational,110,9,0.00
社会 保険 料 分割 納付,Informational,110,9,0.00
社会 保険 料 利率,Informational,110,32,0.00
社会 保険 料 勘定 科目 法人,Informational,110,23,0.00
社会 保険 料 合計,Informational,110,26,0.00
社会 保険 料 問い合わせ,Informational,110,44,0.00
社会 保険 料 国保,Informational,110,,45.55
社会 保険 料 報酬 月額 表,Navigational,110,29,0.00
社会 保険 料 増加,Informational,110,28,0.00
社会 保険 料 増税,Informational,110,26,0.00
社会 保険 料 変更 届,Informational,110,18,0.00
社会 保険 料 広島 県,"Informational, Navigational",110,26,0.00
社会 保険 料 愛知,Informational,110,12,0.00
社会 保険 料 手取り,Informational,110,39,0.00
社会 保険 料 払い たく ない,Informational,110,22,0.00
社会 保険 料 払い 方,Informational,110,13,0.00
社会 保険 料 払い 過ぎ,Informational,110,17,0.00
社会 保険 料 損金 算入 時期,Informational,110,6,0.00
社会 保険 料 支払 日,Informational,110,16,0.00
社会 保険 料 支払 証明 書,Informational,110,27,0.00
社会 保険 料 料 額 表,"Informational, Navigational",110,43,0.00
社会 保険 料 新入 社員,Informational,110,11,0.00
社会 保険 料 明細,Informational,110,19,0.00
社会 保険 料 月 の 途中 で 入社,Informational,110,10,0.00
社会 保険 料 月 途中 退職,Informational,110,14,1.63
社会 保険 料 月末,Informational,110,15,3.25
社会 保険 料 月額 報酬 表,Informational,110,26,0.00
社会 保険 料 未払い,Informational,110,13,0.00
社会 保険 料 毎月,Informational,110,33,0.00
社会 保険 料 比率,Informational,110,24,0.00
社会 保険 料 法定 福利 費,Informational,110,21,0.00
社会 保険 料 源泉 徴収,Informational,110,26,0.00
社会 保険 料 滞納 会社 解散,Informational,110,8,296.08
社会 保険 料 滞納 法人,Informational,110,10,0.00
社会 保険 料 確認,Informational,110,24,0.00
社会 保険 料 福島 県,"Informational, Navigational",110,15,0.00
社会 保険 料 等 の 控除,Informational,110,28,0.00
社会 保険 料 等 の 金額 内,Informational,110,13,0.00
社会 保険 料 等 の 金額 源泉 徴収 票,Informational,110,13,0.00
社会 保険 料 算出 期間,Informational,110,25,0.00
社会 保険 料 算定 方法,Informational,110,27,0.00
社会 保険 料 節約,Informational,110,12,0.00
社会 保険 料 納付 方法,Informational,110,21,0.00
社会 保険 料 納入 状況 照会 回答 票,Informational,110,11,0.00
社会 保険 料 義務,Informational,110,27,0.00
社会 保険 料 育休 免除,Informational,110,19,0.00
社会 保険 料 計算 交通 費,Informational,110,17,0.00
社会 保険 料 計算 会社 負担 分,Informational,110,20,0.00
社会 保険 料 調整,Informational,110,27,0.00
社会 保険 料 調整 と は,Informational,110,12,0.00
社会 保険 料 賞与 保険 料率,Informational,110,21,0.00
社会 保険 料 通知 書 見方,Informational,110,17,0.00
社会 保険 料 遡及 精算,Informational,110,11,0.00
社会 保険 料 金額 表,"Informational, Navigational",110,34,0.00
社会 保険 料 階級,Informational,110,44,0.00
社会 保険 料 雇用 保険 料,Informational,110,30,0.00
社会 保険 料 雇用 保険 料 含む,Informational,110,29,0.00
社会 保険 料 項目,Informational,110,17,0.00
社会 保険 料 領収 済 通知 書,Informational,110,14,0.00
社会 保険 料 高い 理由,Informational,110,14,0.00
社会 保険 料 高く なっ た,Informational,110,15,0.00
社会 保険 料率 北海道,"Informational, Transactional",110,21,0.00
社会 保険 料率 大阪,"Informational, Navigational",110,24,0.00
社会 保険 料金 額,Informational,110,36,0.00
社会 保険 料金 額 表,"Informational, Navigational",110,34,0.00
社宅 社会 保険 料,Informational,110,7,0.00
福岡 社会 保険 料,"Informational, Navigational",110,21,0.00
給与 明細 社会 保険 料 と は,Informational,110,24,3.25
給料 18 万 社会 保険 料,Informational,110,13,0.00
給料 50 万 社会 保険 料,Informational,110,13,0.00
給料 が 下がっ た 社会 保険 料,Informational,110,23,0.00
給料 明細 社会 保険 料,Informational,110,14,0.00
育休 復帰 社会 保険 料 いつから,Informational,110,17,0.00
育児 休暇 中 の 社会 保険 料,Informational,110,23,0.00
育児 休暇 中 社会 保険 料,Informational,110,20,0.00
育児 休業 復帰 社会 保険 料,Informational,110,15,0.00
賞与 5 万 円 社会 保険 料,Informational,110,22,0.00
賞与 の 社会 保険 料 計算,Informational,110,22,4.88
賞与 社会 保険 料 届出,Informational,110,16,0.00
退職 月 の 社会 保険 料,Informational,110,14,6.51
退職 金 社会 保険 料 かからない,Informational,110,15,0.00
通勤 交通 費 社会 保険 料,Informational,110,18,0.00
非課税 世帯 社会 保険 料,,110,,0.00
15 万 の 社会 保険 料,Informational,90,18,0.00
21 万 社会 保険 料,Informational,90,20,0.00
4 月 社会 保険 料,Informational,90,16,0.00
6 月 賞与 社会 保険 料,Informational,90,11,0.00
パート 社会 保険 料 会社 負担,Informational,90,14,0.00
ボーナス から 社会 保険 料,Informational,90,19,0.00
マッチング 拠出 社会 保険 料,Informational,90,14,0.00
事前 確定 届出 給与 社会 保険 料 計算,Informational,90,6,0.00
京都 社会 保険 料,Navigational,90,33,0.00
借り上げ 社宅 社会 保険 料,Informational,90,5,0.00
契約 社員 社会 保険 料,,90,,0.00
年収 社会 保険 料 計算,Informational,90,19,0.00
年金 から 引 かれる 社会 保険 料,Informational,90,22,0.00
年金 生活 社会 保険 料,Informational,90,18,0.00
年金 税金 社会 保険 料,Informational,90,27,0.00
役員 賞与 社会 保険 料 計算,Informational,90,10,0.00
所得 社会 保険 料,Informational,90,30,0.00
手当 社会 保険 料,Informational,90,16,4.88
新入 社員 社会 保険 料,Informational,90,11,0.00
新入 社員 社会 保険 料 いつから,Informational,90,18,0.00
月 途中 の 退職 社会 保険 料,Informational,90,11,4.88
月収 25 万 社会 保険 料,Informational,90,13,0.00
母子 家庭 の 社会 保険 料,Informational,90,14,0.00
母子 家庭 社会 保険 料,Informational,90,18,0.00
法定 福利 費 社会 保険 料,Informational,90,21,0.00
派遣 社会 保険 料 計算,Informational,90,14,0.00
消費 税 社会 保険 料,Informational,90,21,0.00
源泉 徴収 票 社会 保険 料 と は,Informational,90,16,0.00
特別 手当 社会 保険 料,Informational,90,11,0.00
確定 申告 社会 保険 料 と は,Informational,90,27,0.00
社会 保険 料 4 5 6,Informational,90,18,0.00
社会 保険 料 4 万,Informational,90,27,0.00
社会 保険 料 4 月 から 6 月 表,Informational,90,17,0.00
社会 保険 料 9 月 改定,Informational,90,19,0.00
社会 保険 料 いつまで,Informational,90,14,0.00
社会 保険 料 に 雇用 保険 は 含ま れる か,Informational,90,28,0.00
社会 保険 料 の 控除,Informational,90,23,0.00
社会 保険 料 グラフ,Informational,90,24,0.00
社会 保険 料 ボーナス 6 月,Informational,90,13,0.00
社会 保険 料 事業 主 負担 分,,90,,0.00
社会 保険 料 会社 負担 率,,90,,0.00
社会 保険 料 何 月 分,Informational,90,26,0.00
社会 保険 料 使 われ 方,Informational,90,20,0.00
社会 保険 料 個人 負担,Informational,90,19,0.00
社会 保険 料 傷病 手当 金,Informational,90,11,0.00
社会 保険 料 同月 得喪,Informational,90,7,0.00
社会 保険 料 報酬 月額 と は,Informational,90,21,0.00
社会 保険 料 大分,Informational,90,18,0.00
社会 保険 料 対象 月,Informational,90,21,0.00
社会 保険 料 年末 調整 証明 書,Informational,90,30,0.00
社会 保険 料 年末 調整 還付,Informational,90,29,0.00
社会 保険 料 延滞 金 免除,Informational,90,15,0.00
社会 保険 料 払え ない,Informational,90,10,0.00
社会 保険 料 払わ ない,Informational,90,13,0.00
社会 保険 料 扶養 外れる,Informational,90,25,4.88
社会 保険 料 改定 いつから,Informational,90,22,0.00
社会 保険 料 新卒,Informational,90,13,0.00
社会 保険 料 未払金,Informational,90,7,0.00
社会 保険 料 標準 報酬,Informational,90,19,0.00
社会 保険 料 減らす,Informational,90,,0.00
社会 保険 料 減免,Informational,90,29,0.00
社会 保険 料 福井,"Informational, Transactional",90,14,0.00
社会 保険 料 等 の 金額 2 段 ふるさと 納税,Informational,90,8,0.00
社会 保険 料 等 控除,Informational,90,25,0.00
社会 保険 料 管轄,"Informational, Navigational",90,34,0.00
社会 保険 料 納付 時期,Informational,90,23,0.00
社会 保険 料 計,Informational,90,32,0.00
社会 保険 料 計算 賞与,Informational,90,18,0.00
社会 保険 料 調査 追徴,Informational,90,9,0.00
社会 保険 料 軽減,Informational,90,25,0.00
社会 保険 料 返金,Informational,90,12,0.00
社会 保険 料 退職 徴収,Informational,90,18,0.00
社会 保険 料 退職 月 の 途中,Informational,90,14,4.88
社会 保険 料 金額 決め方,Informational,90,23,11.39
社会 保険 料 金額 計算,Informational,90,30,0.00
社会 保険 料 長野 県,"Informational, Transactional",90,4,0.00
社会 保険 料 青森 県,"Informational, Navigational",90,26,0.00
社会 保険 料 預り 金 勘定 科目,Informational,90,23,0.00
社会 保険 料率 東京,Navigational,90,30,0.00
社会 保険 料金 額 計算,Informational,90,33,13.01
税金 と 社会 保険 料,Informational,90,,0.00
給料 16 万 社会 保険 料,Informational,90,13,0.00
給料 から 引 かれる 社会 保険 料,Informational,90,23,0.00
育児 休業 明け 社会 保険 料,Informational,90,14,0.00
自 営業 社会 保険 料,Informational,90,19,81.34
茨城 県 社会 保険 料,"Informational, Navigational",90,14,0.00
賞与 から 社会 保険 料 いつから,Informational,90,14,0.00
賞与 に対する 社会 保険 料,Informational,90,14,0.00
賞与 計算 社会 保険 料,Informational,90,18,169.19
退職 時 の 社会 保険 料,Informational,90,22,40.67
途中 退職 社会 保険 料,Informational,90,15,3.25
雇用 保険 は 社会 保険 料 に 含ま れる,Informational,90,20,0.00
青森 県 社会 保険 料,"Informational, Navigational",90,26,0.00
70 歳 社会 保険 料,Informational,70,12,0.00
ふるさと 納税 社会 保険 料 等 の 金額,Informational,70,27,0.00
公務員 社会 保険 料 計算,Informational,70,12,0.00
国民 健康 保険 料 と 社会 保険 料,Informational,70,24,14.64
国民 年金 保険 料 社会 保険 料 違い,,70,,0.00
専従 者 給与 社会 保険 料,Informational,70,15,0.00
年収 100 万 社会 保険 料,Informational,70,35,0.00
役員 報酬 社会 保険 料 計算,Informational,70,19,0.00
月給 15 万 社会 保険 料,,70,,0.00
月給 30 万 社会 保険 料,Informational,70,15,0.00
源泉 徴収 票 社会 保険 料 2 段 年末 調整,Informational,70,11,0.00
産休 中 賞与 社会 保険 料,Informational,70,5,0.00
産休 入る 月 社会 保険 料,Informational,70,10,0.00
産休 賞与 社会 保険 料,Informational,70,5,0.00
社会 保険 料 130 万,Informational,70,29,0.00
社会 保険 料 3 万,Informational,70,25,0.00
社会 保険 料 4 月 6 月,Informational,70,16,0.00
社会 保険 料 9 月 から,Informational,70,,0.00
社会 保険 料 いくら パート,Informational,70,20,0.00
社会 保険 料 と は 年末 調整,Informational,70,23,0.00
社会 保険 料 について の 問い合わせ,Informational,70,23,0.00
社会 保険 料 の 改定,Informational,70,22,0.00
社会 保険 料 カード 払い 法人,Informational,70,18,466.89
社会 保険 料 バイト いくら,Informational,70,18,0.00
社会 保険 料 パート 扶養,,70,,0.00
社会 保険 料 フリーター,Informational,70,13,0.00
社会 保険 料 上昇 率,Informational,70,28,0.00
社会 保険 料 初 月,,70,,0.00
社会 保険 料 国民 年金 控除 証明 書,,70,,0.00
社会 保険 料 基礎 控除,,70,,0.00
社会 保険 料 多く 徴収 返金,Informational,70,9,0.00
社会 保険 料 扶養 金額,Informational,70,,4.88
社会 保険 料 支払 先 名称,Informational,70,17,0.00
社会 保険 料 昔,Informational,70,20,0.00
社会 保険 料 期間,Informational,70,24,0.00
社会 保険 料 未払金 未 払 費用,,70,,0.00
社会 保険 料 決定,"Informational, Transactional",70,20,0.00
社会 保険 料 目安 年収,Commercial,70,24,0.00
社会 保険 料 臨時 改定,Informational,70,10,0.00
社会 保険 料 要件,Informational,70,34,0.00
社会 保険 料 計算 ボーナス,Informational,70,22,0.00
社会 保険 料 調べ 方,Informational,70,33,0.00
社会 保険 料 請求 書,Informational,70,12,0.00
社会 保険 料 途中 退職,Informational,70,14,4.88
社会 保険 料 長崎,,70,,0.00
社会 保険 料 高い メリット,Informational,70,16,0.00
社会 保険 料 高齢 者,Informational,70,29,0.00
福島 県 社会 保険 料,"Informational, Transactional",70,13,0.00
賞与 社会 保険 料 表,Informational,70,32,0.00
70 歳 以上 社会 保険 料 計算,Informational,50,16,0.00
9 月 社会 保険 料,,50,,0.00
ふるさと 納税 限度 額 社会 保険 料,,50,,0.00
勘定 科目 社会 保険 料,,50,,0.00
寸志 社会 保険 料,,50,,0.00
岡山 県 社会 保険 料,,50,,0.00
年収 1200 万 社会 保険 料,,50,,0.00
年収 350 万 社会 保険 料,,50,,0.00
年収 社会 保険 料 含む,,50,,0.00
年金 生活 者 社会 保険 料,,50,,0.00
役員 社会 保険 料,,50,,0.00
所得 控除 の 社会 保険 料 と は,,50,,0.00
最低 賃金 社会 保険 料,,50,,0.00
月給 12 万 社会 保険 料,,50,,0.00
歩合 給 社会 保険 料,,50,,0.00
派遣 社会 保険 料 いくら,Informational,50,12,126.89
社会 保険 料 1 年 目,,50,,0.00
社会 保険 料 10 月 から 変更,,50,,0.00
社会 保険 料 11 月,,50,,0.00
社会 保険 料 いつの 給料,,50,,0.00
社会 保険 料 の 免除,,50,,0.00
社会 保険 料 の 内訳,,50,,0.00
社会 保険 料 ペイジー,,50,,0.00
社会 保険 料 変更 タイミング,,50,,0.00
社会 保険 料 引き落とし 残高 不足,,50,,0.00
社会 保険 料 所得 控除,,50,,0.00
給与 所得 社会 保険 料,,50,,0.00
賞与 の 社会 保険 料率,Informational,50,,6.51
賞与 社会 保険 料 退職,,50,,0.00
賞与 給与 社会 保険 料 違い,,50,,0.00
28 万 社会 保険 料,,40,,0.00
フリー ランス 社会 保険 料 計算,,40,,92.73
乙 欄 社会 保険 料,,40,,0.00
企業 の 社会 保険 料 負担,,40,,0.00
休職 期間 中 社会 保険 料,,40,,0.00
保険 料 控除 社会 保険 料,,40,,0.00
出向 者 社会 保険 料 会社 負担 分,,40,,0.00
厚生 年金 と 社会 保険 料,,40,,0.00
妻 の 社会 保険 料 確定 申告,,40,,0.00
専業 主婦 の 社会 保険 料,,40,,0.00
年末 調整 の 社会 保険 料 と は,,40,,0.00
年末 調整 社会 保険 料 還付,,40,,0.00
役員 報酬 増額 社会 保険 料,,40,,0.00
役員 報酬 社会 保険 料 最低,,40,,0.00
所得税 住民 税 社会 保険 料,,40,,0.00
控除 社会 保険 料,,40,,0.00
最初 の 給料 社会 保険 料,,40,,0.00
月末 に 退職 社会 保険 料,,40,,0.00
海外 赴任 社会 保険 料,,40,,0.00
源泉 徴収 票 社会 保険 料 マイナス,,40,,0.00
社会 保険 料 10 月,,40,,0.00
社会 保険 料 50 万,,40,,0.00
社会 保険 料 7 月,,40,,0.00
社会 保険 料 8 月,,40,,0.00
社会 保険 料 が 高 すぎる,,40,,0.00
社会 保険 料 ごまかし 罰則,,40,,0.00
社会 保険 料 と 国民 保険 料,,40,,0.00
社会 保険 料 の 出し 方,,40,,0.00
社会 保険 料 の 支払 先,,40,,0.00
社会 保険 料 予算,,40,,0.00
社会 保険 料 何 月 から,,40,,0.00
社会 保険 料 値上げ 10 月,,40,,0.00
社会 保険 料 健康 保険 料 厚生 年金 保険 料,,40,,0.00
社会 保険 料 厚生 労働省,,40,,0.00
社会 保険 料 収入 推移,,40,,0.00
社会 保険 料 口座 振替 変更,,40,,0.00
社会 保険 料 変更 通知 書,,40,,0.00
社会 保険 料 外国 人,,40,,0.00
社会 保険 料 子ども 子育て 拠出 金 計算,,40,,0.00
社会 保険 料 市民 税,,40,,0.00
社会 保険 料 年間 平均,,40,,0.00
社会 保険 料 引き落とし 時間,,40,,0.00
社会 保険 料 支払 先 の 名称,,40,,0.00
社会 保険 料 改定 10 月,,40,,0.00
社会 保険 料 法律,,40,,0.00
社会 保険 料 添付 書類,,40,,0.00
社会 保険 料 等 の 金額 ふるさと 納税,,40,,0.00
社会 保険 料 育児 休業,,40,,0.00
社会 保険 料 賞与 届出,,40,,0.00
社会 保険 料 途中 入社,,40,,0.00
社会 保険 料 還付 確定 申告,,40,,0.00
社会 保険 料 間違い,,40,,0.00
給与 所得 控除 社会 保険 料,,40,,0.00
給与 所得 社会 保険 料 含む,,40,,0.00
給与 支払 報告 書 社会 保険 料 等 の 金額,,40,,0.00
給与 減額 社会 保険 料,,40,,0.00
賞与 社会 保険 料 シュミレーション,,40,,0.00
退職 者 賞与 社会 保険 料,,40,,0.00
10 月 社会 保険 料,,30,,0.00
15 日 締め 社会 保険 料,,30,,0.00
15 日 退職 社会 保険 料,,30,,0.00
2 箇所 から 給与 社会 保険 料,,30,,0.00
20 日 締め 25 日 払い 社会 保険 料,,30,,0.00
2018 年 社会 保険 料,,30,,0.00
2020 年 社会 保険 料,,30,,0.00
4 月 社会 保険 料 変更,,30,,0.00
456 月 社会 保険 料 年末 調整,,30,,0.00
ideco 社会 保険 料 等級,,30,,0.00
うつ 病 休職 社会 保険 料,,30,,0.00
ふるさと 納税 社会 保険 料 わからない,,30,,0.00
ふるさと 納税 計算 社会 保険 料,,30,,0.00
ストック オプション 社会 保険 料,,30,,0.00
パート タイマー 社会 保険 料 計算,,30,,0.00
パート 掛け持ち 社会 保険 料,,30,,0.00
パート 社会 保険 料 計算 方法,,30,,0.00
一時 所得 社会 保険 料,,30,,0.00
不動産 売却 社会 保険 料,,30,,0.00
中途 入社 社会 保険 料,,30,,0.00
中途 退社 社会 保険 料,,30,,0.00
事業 主 負担 社会 保険 料,,30,,0.00
人件 費 社会 保険 料 含む,,30,,0.00
介護 休暇 中 の 社会 保険 料,,30,,0.00
仕訳 社会 保険 料,,30,,13.01
令 和 1 年 社会 保険 料,,30,,0.00
令 和 元 年 社会 保険 料,,30,,0.00
企業 負担 社会 保険 料,,30,,0.00
休業 手当 社会 保険 料,,30,,0.00
休業 損害 社会 保険 料,,30,,0.00
休業 補償 社会 保険 料,,30,,0.00
休職 中 社会 保険 料 年末 調整,,30,,0.00
会社 が 支払う 社会 保険 料,,30,,0.00
会社 員 社会 保険 料 計算,,30,,0.00
会社 清算 社会 保険 料,,30,,0.00
会計 年度 任用 職員 社会 保険 料,,30,,0.00
保険 料 控除 申告 書 社会 保険 料,,30,,0.00
個人 事業 社会 保険 料,,30,,0.00
傷病 手当 金 中 の 社会 保険 料,,30,,0.00
入社 月 の 社会 保険 料,,30,,0.00
公 的 年金 の 社会 保険 料,,30,,0.00
出向 社会 保険 料 負担,,30,,0.00
前月 中 の 社会 保険 料 等 の 金額,,30,,0.00
労災 休業 社会 保険 料,,30,,0.00
労災 社会 保険 料 立替,,30,,0.00
千葉 県 社会 保険 料率,,30,,0.00
厚生 年金 社会 保険 料 計算,,30,,0.00
収入 社会 保険 料,,30,,0.00
合同 会社 社会 保険 料 役員 報酬,,30,,0.00
名古屋 市 社会 保険 料,,30,,0.00
国民 保険 料 と 社会 保険 料,,30,,0.00
国民 年金 保険 料 社会 保険 料,,30,,0.00
国民 年金 社会 保険 料,,30,,0.00
土建 組合 社会 保険 料,,30,,0.00
埼玉 社会 保険 料,,30,,0.00
堺 市 社会 保険 料,,30,,0.00
市 県民 税 は 社会 保険 料,,30,,0.00
平成 26 年 社会 保険 料,,30,,0.00
平成 29 年 社会 保険 料,,30,,0.00
年俸 制 月給 制 社会 保険 料,,30,,0.00
年俸 制 賞与 社会 保険 料,,30,,0.00
年収 600 万 円 社会 保険 料,,30,,0.00
年収 税金 社会 保険 料,,30,,0.00
年末 調整 の 社会 保険 料,,30,,0.00
年末 調整 書き方 社会 保険 料,,30,,0.00
年末 調整 社会 保険 料 健康 保険,,30,,0.00
年末 調整 社会 保険 料 国民 年金 書き方,,30,,0.00
年末 調整 社会 保険 料 等 と は,,30,,0.00
年末 調整 社会 保険 料 証明 書,,30,,0.00
年金 受給 者 の 社会 保険 料,,30,,0.00
年金 生活 税金 社会 保険 料,,30,,0.00
年金 社会 保険 料 確定 申告,,30,,0.00
年間 の 社会 保険 料,,30,,0.00
広島 社会 保険 料,,30,,0.00
弥生 会計 社会 保険 料 入力,,30,,0.00
弥生 給与 社会 保険 料 設定,,30,,0.00
役員 報酬 未払い 社会 保険 料,,30,,0.00
役員 報酬 社会 保険 料 変更,,30,,0.00
役員 社会 保険 料 会社 負担,,30,,0.00
役員 賞与 社会 保険 料 上限,,30,,0.00
役員 賞与 社会 保険 料 届出,,30,,0.00
新潟 市 社会 保険 料,,30,,0.00
日 払い 社会 保険 料,,30,,0.00
昇給 社会 保険 料,,30,,0.00
月 の 途中 で 退社 社会 保険 料,,30,,3.25
月収 12 万 円 社会 保険 料,,30,,0.00
月給 18 万 円 社会 保険 料,,30,,0.00
未払金 未 払 費用 社会 保険 料,,30,,0.00
正社員 社会 保険 料,,30,,0.00
毎月 の 社会 保険 料 計算,,30,,0.00
沖縄 社会 保険 料,,30,,0.00
派遣 会社 社会 保険 料,,30,,0.00
無給 社会 保険 料,,30,,0.00
現物 給与 社会 保険 料,,30,,0.00
生活 保護 社会 保険 料,,30,,0.00
産休 中 の 社会 保険 料 の 免除 手続,,30,,0.00
産休 後 社会 保険 料,,30,,0.00
産休 育休 社会 保険 料,,30,,0.00
産前 休暇 社会 保険 料,,30,,0.00
産前 産後 社会 保険 料,,30,,0.00
男性 育休 社会 保険 料,,30,,0.00
石川 県 社会 保険 料,,30,,0.00
確定 申告 年末 調整 済み 社会 保険 料,,30,,0.00
確定 申告 扶養 社会 保険 料,,30,,0.00
確定 申告 添付 書類 社会 保険 料,,30,,0.00
確定 申告 社会 保険 料 の 金額,,30,,0.00
確定 申告 社会 保険 料 国民 健康 保険,,30,,0.00
確定 申告 配偶 者 社会 保険 料,,30,,0.00
社会 保険 料 10 万,,30,,0.00
社会 保険 料 100 万,,30,,0.00
社会 保険 料 2 倍,,30,,0.00
社会 保険 料 20 時間,,30,,0.00
社会 保険 料 27,,30,,0.00
社会 保険 料 28 年,,30,,0.00
社会 保険 料 3 月,,30,,0.00
社会 保険 料 30 万,,30,,0.00
社会 保険 料 4 月 分,,30,,0.00
社会 保険 料 70 歳,,30,,0.00
社会 保険 料 いつから 変更,,30,,0.00
社会 保険 料 と は 何,,30,,0.00
社会 保険 料 など の 控除 額,,30,,0.00
社会 保険 料 など の 金額 計算,,30,,0.00
社会 保険 料 の 仕組み,,30,,0.00
社会 保険 料 の 仕訳,,30,,8.13
社会 保険 料 の 削減,,30,,0.00
社会 保険 料 の 変更 時期,,30,,0.00
社会 保険 料 の 控除 証明 書,,30,,0.00
社会 保険 料 の 支払い,,30,,0.00
社会 保険 料 の 種類 確定 申告,,30,,0.00
社会 保険 料 の 算定 期間,,30,,0.00
社会 保険 料 の 納付,,30,,0.00
社会 保険 料 は 何 費,,30,,0.00
社会 保険 料 は 毎月 変わる,,30,,0.00
社会 保険 料 は 経費,,30,,0.00
社会 保険 料 は 給料 の 何 パーセント,,30,,0.00
社会 保険 料 ふるさと 納税,,30,,0.00
社会 保険 料 クレジット 払い,,30,,406.70
社会 保険 料 一律,,30,,0.00
社会 保険 料 上がる 時期,,30,,0.00
社会 保険 料 上昇 推移,,30,,0.00
社会 保険 料 下げ たい,,30,,0.00
社会 保険 料 中途 採用,,30,,0.00
社会 保険 料 事業 主,,30,,0.00
社会 保険 料 事業 主 負担 割合,,30,,0.00
社会 保険 料 二 か 所 給与,,30,,0.00
社会 保険 料 介護 保険 料 控除,,30,,0.00
社会 保険 料 会社 負担 金額,,30,,0.00
社会 保険 料 会社 負担 額,,30,,0.00
社会 保険 料 会計 処理,,30,,6.51
社会 保険 料 例,,30,,0.00
社会 保険 料 個人,,30,,0.00
社会 保険 料 健康 保険 厚生 年金,,30,,0.00
社会 保険 料 全額 会社 負担 税務,,30,,0.00
社会 保険 料 公務員 計算,,30,,0.00
社会 保険 料 共済,,30,,0.00
社会 保険 料 内,,30,,0.00
社会 保険 料 内訳 計算,,30,,0.00
社会 保険 料 分割,,30,,0.00
社会 保険 料 前払い,,30,,0.00
社会 保険 料 割合 給与,,30,,0.00
社会 保険 料 労働 保険 料,,30,,0.00
社会 保険 料 労務 士,,30,,0.00
社会 保険 料 千葉,,30,,0.00
社会 保険 料 半額,,30,,0.00
社会 保険 料 口座 振替 楽天 銀行,,30,,0.00
社会 保険 料 名古屋,,30,,0.00
社会 保険 料 含ま れる もの,,30,,0.00
社会 保険 料 国民 年金 保険 料 控除,,30,,0.00
社会 保険 料 基準 報酬 月額,,30,,0.00
社会 保険 料 基礎 算定,,30,,0.00
社会 保険 料 基礎 算定 届,,30,,0.00
社会 保険 料 報酬,,30,,0.00
社会 保険 料 変更 の お知らせ,,30,,0.00
社会 保険 料 変更 通知,,30,,0.00
社会 保険 料 天引き タイミング,,30,,0.00
社会 保険 料 奈良,,30,,0.00
社会 保険 料 妻,,30,,0.00
社会 保険 料 子育て 拠出 金,,30,,0.00
社会 保険 料 安く なっ た,,30,,0.00
社会 保険 料 定義,,30,,0.00
社会 保険 料 宮崎,,30,,0.00
社会 保険 料 富山 県,,30,,0.00
社会 保険 料 平成 27 年,,30,,0.00
社会 保険 料 平成 30 年,,30,,0.00
社会 保険 料 年収 目安,,30,,0.00
社会 保険 料 年収 計算,,30,,0.00
社会 保険 料 年金 控除,,30,,0.00
社会 保険 料 延滞 金 仕訳,,30,,0.00
社会 保険 料 延滞 金 利率,,30,,0.00
社会 保険 料 当月 徴収 入社 時,,30,,0.00
社会 保険 料 役員,,30,,0.00
社会 保険 料 待っ て もらう,,30,,0.00
社会 保険 料 得,,30,,0.00
社会 保険 料 徴収 不足 仕訳,,30,,0.00
社会 保険 料 徴収 時期,,30,,0.00
社会 保険 料 徴収 退職,,30,,0.00
社会 保険 料 意味,,30,,0.00
社会 保険 料 払込 証明 書,,30,,0.00
社会 保険 料 扶養 人数,,30,,0.00
社会 保険 料 扶養 年金,,30,,0.00
社会 保険 料 推移 厚生 労働省,,30,,0.00
社会 保険 料 損金,,30,,0.00
社会 保険 料 損金 算入,,30,,0.00
社会 保険 料 支払い 義務,,30,,0.00
社会 保険 料 支給 額,,30,,0.00
社会 保険 料 料率 推移,,30,,0.00
社会 保険 料 昇給,,30,,0.00
社会 保険 料 時給 の 場合,,30,,0.00
社会 保険 料 月収,,30,,0.00
社会 保険 料 未払い 計上,,30,,0.00
社会 保険 料 未納 証明,,30,,0.00
社会 保険 料 標準 報酬 月額 随時 改定,,30,,0.00
社会 保険 料 標準 月額,,30,,0.00
社会 保険 料 残高 不足,,30,,0.00
社会 保険 料 毎月 違う,,30,,0.00
社会 保険 料 減らす 方法,,30,,0.00
社会 保険 料 滞納 処分,,30,,0.00
社会 保険 料 特例,,30,,0.00
社会 保険 料 特定 保険 料,,30,,0.00
社会 保険 料 発生,,30,,0.00
社会 保険 料 確定,,30,,0.00
社会 保険 料 確定 申告 控除,,30,,0.00
社会 保険 料 確定 申告 還付,,30,,0.00
社会 保険 料 福岡 県,,30,,0.00
社会 保険 料 立替 金,,30,,0.00
社会 保険 料 等 の 控除 額 計算,,30,,0.00
社会 保険 料 等 の 金額 二 段,,30,,0.00
社会 保険 料 等 の 金額 目安,,30,,0.00
社会 保険 料 等 の 金額 雇用 保険,,30,,0.00
社会 保険 料 等級 と は,,30,,0.00
社会 保険 料 算定 基礎 届 書き方,,30,,0.00
社会 保険 料 節減,,30,,0.00
社会 保険 料 節約 方法,,30,,0.00
社会 保険 料 納付 目的 年 月,,30,,0.00
社会 保険 料 納付 義務,,30,,0.00
社会 保険 料 経理 処理,,30,,4.88
社会 保険 料 経費 科目,,30,,0.00
社会 保険 料 給与 より 多い,,30,,0.00
社会 保険 料 給与 控除 タイミング,,30,,0.00
社会 保険 料 給与 改定,,30,,0.00
社会 保険 料 給料 割合,,30,,0.00
社会 保険 料 翌月 払い,,30,,0.00
社会 保険 料 老後,,30,,0.00
社会 保険 料 脱退,,30,,0.00
社会 保険 料 自己 負担 額,,30,,0.00
社会 保険 料 茨城,,30,,0.00
社会 保険 料 被 扶養 者,,30,,0.00
社会 保険 料 計算 ふるさと 納税,,30,,0.00
社会 保険 料 計算 扶養,,30,,0.00
社会 保険 料 計算 通勤 費,,30,,0.00
社会 保険 料 計算 間違い,,30,,0.00
社会 保険 料 資格 取得 届,,30,,0.00
社会 保険 料 返還 請求,,30,,0.00
社会 保険 料 追徴,,30,,0.00
社会 保険 料 退職 いつまで,,30,,0.00
社会 保険 料 退職 金,,30,,0.00
社会 保険 料 通知,,30,,0.00
社会 保険 料 還付 年末 調整,,30,,0.00
社会 保険 料 還付 請求,,30,,0.00
社会 保険 料 還付 金,,30,,0.00
社会 保険 料 重複,,30,,0.00
社会 保険 料 金額 問い合わせ,,30,,0.00
社会 保険 料 障害 者,,30,,0.00
社会 保険 料 障害 者 免除,,30,,0.00
社会 保険 料 障害 者 控除,,30,,0.00
社会 保険 料 電子 化,,30,,0.00
社会 保険 料 非常勤,,30,,0.00
社会 保険 料 非課税 不 課税,,30,,0.00
社会 保険 料 預り 金 差額,,30,,0.00
社会 保険 料 領収 書 発行,,30,,0.00
社会 保険 料 領収証 書,,30,,0.00
社会 保険 料 高知,,30,,0.00
社会 保険 料率 の 改定,,30,,0.00
社会 保険 料率 一覧 表,,30,,0.00
社会 保険 料率 厚生 年金,,30,,0.00
社会 保険 料率 岐阜,,30,,0.00
社会 保険 料率 改定 時期,,30,,0.00
社会 保険 料率 最新,,30,,0.00
社会 保険 料率 福岡,,30,,0.00
社会 保険 料率 計算,,30,,0.00
社会 保険 料率 計算 方法,,30,,0.00
社宅 社会 保険 料 削減,,30,,0.00
神奈川 県 横浜 市 社会 保険 料,,30,,0.00
神奈川 県 社会 保険 料率,,30,,0.00
神奈川 社会 保険 料,,30,,0.00
福井 県 社会 保険 料率,,30,,0.00
立替 経費 社会 保険 料,,30,,0.00
給与 なし 社会 保険 料,,30,,0.00
給与 収入 社会 保険 料,,30,,0.00
給与 収入 社会 保険 料 含む,,30,,0.00
給与 社会 保険 料 仕訳,,30,,0.00
給与 社会 保険 料 等級,,30,,0.00
給与 社会 保険 料 計算 シュミレーション,,30,,0.00
給与 計算 社会 保険 料,,30,,499.43
給料 0 円 社会 保険 料,,30,,0.00
老後 社会 保険 料,,30,,0.00
育児 休暇 明け 社会 保険 料,,30,,0.00
育児 休暇 社会 保険 料,,30,,0.00
育児 休業 社会 保険 料 会社 負担,,30,,0.00
育児 休業 給付 金 社会 保険 料,,30,,0.00
臨時 賞与 社会 保険 料,,30,,0.00
計算 社会 保険 料,,30,,0.00
譲渡 所得 社会 保険 料,,30,,0.00
賞与 4 回 社会 保険 料,,30,,0.00
賞与 に かかる 社会 保険 料率,,30,,0.00
賞与 の 社会 保険 料 の 計算,,30,,26.03
賞与 少額 社会 保険 料,,30,,0.00
賞与 年 3 回 社会 保険 料,,30,,0.00
賞与 社会 保険 料 大阪,,30,,0.00
賞与 社会 保険 料 端数,,30,,0.00
賞与 社会 保険 料 計算 前月,,30,,0.00
賞与 社会 保険 料率 表,,30,,0.00
賞与 社会 保険 料率 計算,,30,,0.00
退職 後 の 賞与 社会 保険 料,,30,,0.00
退職 後 社会 保険 料 請求,,30,,0.00
退職 時 社会 保険 料 2 か 月 分,,30,,0.00
退職 月 の 賞与 社会 保険 料,,30,,0.00
退職 社会 保険 料 徴収,,30,,0.00
退職 者 の 賞与 社会 保険 料,,30,,0.00
退職 賞与 社会 保険 料,,30,,0.00
配偶 者 社会 保険 料 確定 申告,,30,,0.00
障害 年金 社会 保険 料,,30,,0.00
雇用 保険 料 社会 保険 料,,30,,0.00
鳥取 県 社会 保険 料,,30,,0.00
鹿児島 県 社会 保険 料,,30,,0.00
106 万 社会 保険 料,,20,,0.00
12 月 賞与 社会 保険 料 納付 時期,,20,,0.00
130 万 の 壁 社会 保険 料,,20,,0.00
150 万 の 壁 社会 保険 料,,20,,0.00
20 日 締め 月末 払い 社会 保険 料,,20,,0.00
20 日 締め 社会 保険 料,,20,,0.00
2017 年 社会 保険 料,,20,,0.00
2019 年 社会 保険 料,,20,,0.00
21 万 円 社会 保険 料,,20,,0.00
24 万 社会 保険 料,,20,,0.00
26 年 社会 保険 料,,20,,0.00
26 年度 社会 保険 料,,20,,0.00
28 年 社会 保険 料,,20,,0.00
3 月 30 日 退職 社会 保険 料,,20,,0.00
3 月 31 日 退職 社会 保険 料,,20,,0.00
3 月 給与 社会 保険 料,,20,,0.00
4 月 から の 社会 保険 料,,20,,0.00
401k 社会 保険 料,,20,,0.00
60 万 社会 保険 料,,20,,0.00
60 歳 以上 社会 保険 料,,20,,0.00
60 歳 以降 の 社会 保険 料,,20,,0.00
65 歳 から の 社会 保険 料,,20,,0.00
70 歳 以上 社会 保険 料,,20,,0.00
75 歳 以上 社会 保険 料,,20,,0.00
75 歳 社会 保険 料,,20,,0.00
e tax 社会 保険 料 入力,,20,,0.00
freee 社会 保険 料,,20,,0.00
fx 社会 保険 料,,20,,0.00
ideco 社会 保険 料 削減,,20,,0.00
w ワーク 社会 保険 料,,20,,0.00
さいたま 市 社会 保険 料,,20,,0.00
ふるさと 納税 社会 保険 料 給与 明細,,20,,0.00
アメリカ 社会 保険 料 会社 負担,,20,,0.00
アルバイト 社会 保険 料 いくら,,20,,0.00
アルバイト 社会 保険 料 計算 方法,,20,,0.00
エクセル 社会 保険 料 計算,,20,,0.00
サラリーマン の 社会 保険 料,,20,,0.00
サラリーマン 社会 保険 料 計算,,20,,0.00
シングル マザー 社会 保険 料,,20,,0.00
スウェーデン 社会 保険 料,,20,,0.00
スタッフ サービス 社会 保険 料,,20,,0.00
トランス コスモス 社会 保険 料,,20,,0.00
バイト 社会 保険 料 いくら,,20,,0.00
パソナ 社会 保険 料,,20,,0.00
パパ 休暇 社会 保険 料,,20,,0.00
パート 13 万 社会 保険 料,,20,,0.00
パート 150 万 社会 保険 料,,20,,0.00
パート 休職 社会 保険 料,,20,,0.00
パート 社会 保険 料 引 かれる,,20,,0.00
パート 社会 保険 料 条件,,20,,0.00
パート 社会 保険 料 金額,,20,,0.00
パート 賞与 社会 保険 料,,20,,0.00
フランス 社会 保険 料,,20,,0.00
ベトナム 社会 保険 料 計算,,20,,0.00
ペイジー 社会 保険 料,,20,,0.00
ボーナス に かかる 社会 保険 料,,20,,0.00
ボーナス の 社会 保険 料,,20,,0.00
ボーナス 時 の 社会 保険 料,,20,,0.00
ヤマト 運輸 社会 保険 料,,20,,0.00
リクルート スタッフィング 社会 保険 料,,20,,0.00
一 週間 で 退職 社会 保険 料,,20,,0.00
一時 金 社会 保険 料,,20,,0.00
三重 県 社会 保険 料率,,20,,0.00
不動産 収入 社会 保険 料,,20,,0.00
不動産 所得 社会 保険 料,,20,,0.00
中途 退職 社会 保険 料,,20,,0.00
事前 届出 確定 給与 社会 保険 料,,20,,0.00
事前 確定 届出 給与 社会 保険 料 節約,,20,,0.00
事前 確定 給与 社会 保険 料 計算,,20,,0.00
事業 所得 社会 保険 料,,20,,0.00
二 箇所 給与 社会 保険 料,,20,,0.00
京都 市 社会 保険 料,,20,,0.00
京都 府 社会 保険 料,,20,,0.00
京都 府 社会 保険 料率,,20,,0.00
人件 費 社会 保険 料,,20,,0.00
介護 保険 料 社会 保険 料,,20,,0.00
介護 社会 保険 料,,20,,0.00
介護 職員 処遇 改善 加算 社会 保険 料,,20,,0.00
企業 型 確定 拠出 年金 社会 保険 料,,20,,0.00
企業 社会 保険 料,,20,,0.00
休業 損害 証明 書 社会 保険 料,,20,,0.00
休業 損害 証明 書 社会 保険 料 雇用 保険,,20,,0.00
休業 期間 社会 保険 料,,20,,0.00
休職 中 の 社会 保険 料 の 支払い,,20,,0.00
休職 中 の 社会 保険 料 年末 調整,,20,,0.00
休職 中 社会 保険 料 仕訳,,20,,0.00
休職 中 社会 保険 料 会社 負担,,20,,0.00
休職 中 社会 保険 料 請求 書,,20,,0.00
休職 時 社会 保険 料,,20,,0.00
休職 期間 中 の 社会 保険 料,,20,,0.00
休職 無給 社会 保険 料,,20,,0.00
休職 社会 保険 料 会社 負担,,20,,0.00
休職 社会 保険 料 払え ない,,20,,0.00
休職 社会 保険 料 立替,,20,,0.00
休職 社会 保険 料 請求 書 フォーマット,,20,,0.00
休職 者 社会 保険 料,,20,,0.00
会社 が 社会 保険 料 を 滞納,,20,,0.00
会社 の 社会 保険 料,,20,,0.00
会社 役員 社会 保険 料,,20,,0.00
会社 社会 保険 料 計算,,20,,0.00
会社 社会 保険 料 負担,,20,,0.00
会社 設立 社会 保険 料,,20,,0.00
会社 負担 分 社会 保険 料,,20,,0.00
住宅 ローン 控除 社会 保険 料,,20,,0.00
個人 事業 主 社会 保険 料 経費,,20,,19.52
健康 保険 社会 保険 料,,20,,0.00
傷病 休暇 社会 保険 料,,20,,0.00
傷病 休職 社会 保険 料,,20,,0.00
傷病 手当 受給 中 の 社会 保険 料,,20,,0.00
傷病 手当 金 受給 中 社会 保険 料,,20,,0.00
傷病 手当 金 社会 保険 料 天引き,,20,,0.00
傷病 手当 金 社会 保険 料 相殺 同意 書,,20,,0.00
児童 手当 社会 保険 料,,20,,0.00
入社 社会 保険 料,,20,,0.00
入院 中 社会 保険 料,,20,,0.00
全国 健康 保険 協会 社会 保険 料,,20,,0.00
公 的 年金 社会 保険 料 計算,,20,,0.00
公務員 社会 保険 料率,,20,,0.00
共済 費 社会 保険 料,,20,,0.00
兵庫 県 社会 保険 料 額 表,,20,,0.00
兵庫 県 社会 保険 料率,,20,,0.00
再 就職 社会 保険 料,,20,,0.00
処遇 改善 加算 一時 金 社会 保険 料,,20,,0.00
処遇 改善 加算 社会 保険 料 計算,,20,,0.00
処遇 改善 加算 社会 保険 料 計算 方法,,20,,0.00
処遇 改善 社会 保険 料,,20,,0.00
出向 社会 保険 料,,20,,0.00
出向 者 社会 保険 料,,20,,0.00
出向 負担 金 社会 保険 料,,20,,0.00
出張 手当 社会 保険 料,,20,,0.00
出産 社会 保険 料,,20,,0.00
分離 課税 社会 保険 料,,20,,0.00
副業 収入 社会 保険 料,,20,,0.00
労使 折半 社会 保険 料,,20,,0.00
労働 保険 料 社会 保険 料,,20,,0.00
労災 で 休業 中 の 社会 保険 料,,20,,0.00
労災 休職 中 社会 保険 料,,20,,0.00
労災 時 の 社会 保険 料,,20,,0.00
千葉 社会 保険 料,,20,,0.00
協会 けんぽ 社会 保険 料 計算,,20,,0.00
厚生 労働省 社会 保険 料,,20,,0.00
厚生 労働省 社会 保険 料率,,20,,0.00
厚生 年金 保険 料 と 社会 保険 料,,20,,0.00
厚生 年金 保険 料 社会 保険 料,,20,,0.00
厚生 年金 社会 保険 料 表,,20,,0.00
取締役 社会 保険 料,,20,,0.00
合同 会社 社会 保険 料,,20,,0.00
和歌山 県 社会 保険 料,,20,,0.00
国民 保険 料 社会 保険 料,,20,,0.00
国民 健康 保険 料 社会 保険 料 比較,,20,,0.00
国民 健康 保険 社会 保険 料,,20,,0.00
国民 年金 は 社会 保険 料,,20,,0.00
地方 公務員 社会 保険 料,,20,,0.00
基本給 変更 社会 保険 料,,20,,0.00
基本給 社会 保険 料,,20,,0.00
基本給 社会 保険 料 計算,,20,,0.00
埼玉 県 社会 保険 料率,,20,,0.00
報酬 社会 保険 料,,20,,0.00
増税 社会 保険 料,,20,,0.00
大 入り 社会 保険 料,,20,,0.00
大分 県 社会 保険 料,,20,,0.00
大阪 市 社会 保険 料 計算,,20,,0.00
大阪 府 社会 保険 料率,,20,,0.00
失業 中 社会 保険 料,,20,,0.00
契約 社員 社会 保険 料 計算,,20,,0.00
妻 の 社会 保険 料,,20,,0.00
子供 社会 保険 料,,20,,0.00
定年 後 再 雇用 社会 保険 料,,20,,0.00
定年 社会 保険 料,,20,,0.00
定年 退職 社会 保険 料,,20,,0.00
宮崎 市 社会 保険 料,,20,,0.00
富山 県 社会 保険 料,,20,,0.00
専従 者 の 社会 保険 料,,20,,0.00
小 規模 企業 共済 社会 保険 料,,20,,0.00
岡山 社会 保険 料,,20,,0.00
岩手 県 社会 保険 料,,20,,0.00
島根 県 社会 保険 料,,20,,0.00
市民 税 社会 保険 料,,20,,0.00
平成 24 年 社会 保険 料,,20,,0.00
平成 27 年 社会 保険 料,,20,,0.00
平成 28 年 社会 保険 料,,20,,0.00
平成 31 年 社会 保険 料,,20,,0.00
年俸 制 社会 保険 料 計算,,20,,0.00
年収 1000 万 円 社会 保険 料,,20,,0.00
年収 120 万 円 社会 保険 料,,20,,0.00
年収 150 万 円 社会 保険 料,,20,,0.00
年収 190 万 社会 保険 料,,20,,0.00
年収 200 万 の 社会 保険 料,,20,,0.00
年収 200 万 円 社会 保険 料,,20,,0.00
年収 2000 万 社会 保険 料,,20,,0.00
年収 240 万 社会 保険 料,,20,,0.00
年収 250 万 社会 保険 料,,20,,0.00
年収 360 万 社会 保険 料,,20,,0.00
年収 500 万 円 社会 保険 料,,20,,0.00
年収 550 万 社会 保険 料,,20,,0.00
年収 と 社会 保険 料,,20,,0.00
年末 調整 前 職 分 社会 保険 料,,20,,0.00
年末 調整 後 社会 保険 料 訂正,,20,,0.00
年末 調整 社会 保険 料 前納,,20,,0.00
年末 調整 社会 保険 料 国民 年金,,20,,0.00
年末 調整 社会 保険 料 等 の 金額,,20,,0.00
年末 調整 社会 保険 料 記入 例,,20,,0.00
年末 調整 社会 保険 料 雇用 保険,,20,,0.00
年末 調整 還付 金 社会 保険 料,,20,,0.00
年金 と 社会 保険 料,,20,,0.00
年金 に かかる 社会 保険 料,,20,,0.00
年金 事務 所 社会 保険 料,,20,,0.00
年金 受給 者 社会 保険 料 計算,,20,,0.00
年金 生活 者 の 社会 保険 料,,20,,0.00
年金 生活 者 社会 保険 料 計算,,20,,0.00
年間 社会 保険 料,,20,,0.00
建設 業 社会 保険 料,,20,,0.00
建設 業 社会 保険 料率,,20,,0.00
役員 の 社会 保険 料,,20,,0.00
役員 報酬 0 社会 保険 料,,20,,0.00
役員 報酬 なし 社会 保険 料,,20,,0.00
役員 報酬 ゼロ 社会 保険 料,,20,,0.00
役員 報酬 変更 社会 保険 料 いつから,,20,,0.00
役員 報酬 減額 社会 保険 料,,20,,0.00
役員 報酬 賞与 社会 保険 料,,20,,0.00
役員 社会 保険 料 削減,,20,,0.00
役員 社会 保険 料 計算,,20,,0.00
役員 賞与 社会 保険 料 損金,,20,,0.00
役員 賞与 社会 保険 料 損金 不 算入,,20,,0.00
役員 賞与 社会 保険 料 損金 算入,,20,,0.00
役員 賞与 社会 保険 料 節約,,20,,0.00
従業 員 の 社会 保険 料,,20,,0.00
愛知 県 社会 保険 料率,,20,,0.00
愛知 社会 保険 料,,20,,0.00
慰労 金 社会 保険 料,,20,,0.00
所得 社会 保険 料 計算,,20,,0.00
所得税 住民 税 社会 保険 料 シミュレーション,,20,,0.00
所得税 住民 税 社会 保険 料 計算,,20,,0.00
所得税 社会 保険 料 シミュレーション,,20,,0.00
所得税 計算 社会 保険 料,,20,,0.00
手取り 社会 保険 料,,20,,0.00
扶養 家族 が いる 場合 の 社会 保険 料,,20,,0.00
扶養 家族 の 社会 保険 料,,20,,0.00
扶養 者 の 社会 保険 料,,20,,0.00
扶養 者 社会 保険 料,,20,,0.00
技能 実習 生 社会 保険 料,,20,,0.00
掛け持ち 社会 保険 料,,20,,0.00
控除 され る 社会 保険 料,,20,,0.00
控除 社会 保険 料 額,,20,,0.00
控除 社会 保険 料 額 と は,,20,,0.00
損益 計算 書 社会 保険 料,,20,,0.00
新幹線 通勤 社会 保険 料,,20,,0.00
新潟 社会 保険 料,,20,,0.00
日本 年金 機構 社会 保険 料 額 表,,20,,0.00
日給 月給 社会 保険 料,,20,,0.00
日給 社会 保険 料 計算,,20,,0.00
日雇い 社会 保険 料,,20,,0.00
早期 退職 社会 保険 料,,20,,0.00
昇給 社会 保険 料 いつから,,20,,0.00
時給 1000 円 社会 保険 料,,20,,0.00
時給 社会 保険 料,,20,,0.00
時給 社会 保険 料 標準 報酬 月額,,20,,0.00
月 中 で 退職 社会 保険 料,,20,,0.00
月 末締め 翌月 払い 社会 保険 料,,20,,0.00
月 途中 社会 保険 料,,20,,0.00
月 途中 退社 社会 保険 料,,20,,3.25
月初 入社 社会 保険 料,,20,,0.00
月収 10 万 円 社会 保険 料,,20,,0.00
月末 退職 翌月 就職 社会 保険 料,,20,,0.00
月給 13 万 社会 保険 料,,20,,0.00
月給 14 万 社会 保険 料,,20,,0.00
月給 15 万 円 の 社会 保険 料,,20,,0.00
月給 16 万 社会 保険 料,,20,,0.00
月給 18 万 社会 保険 料,,20,,0.00
月給 40 万 社会 保険 料,,20,,0.00
月給 社会 保険 料,,20,,0.00
月額 変更 届 社会 保険 料,,20,,0.00
期末 手当 社会 保険 料,,20,,0.00
期末 賞与 社会 保険 料,,20,,0.00
期間 工 社会 保険 料,,20,,0.00
未 払 社会 保険 料,,20,,0.00
未 払 給与 社会 保険 料,,20,,0.00
未 払 給与 社会 保険 料 損金,,20,,0.00
末締め 翌月 払い 社会 保険 料,,20,,0.00
栃木 県 社会 保険 料,,20,,0.00
株式 会社 社会 保険 料,,20,,0.00
楽天 銀行 社会 保険 料 口座 振替,,20,,0.00
標準 月額 報酬 社会 保険 料,,20,,0.00
標準 賞与 額 社会 保険 料,,20,,0.00
横浜 市 社会 保険 料,,20,,0.00
欠勤 中 の 社会 保険 料,,20,,0.00
歩合 社会 保険 料,,20,,0.00
死亡 退職 社会 保険 料,,20,,0.00
母子 家庭 社会 保険 料 計算,,20,,0.00
母子 社会 保険 料,,20,,0.00
毎月 の 社会 保険 料,,20,,0.00
永年 勤続 表彰 社会 保険 料,,20,,0.00
決算 手当 社会 保険 料,,20,,0.00
決算 賞与 社会 保険 料 仕訳,,20,,0.00
決算 賞与 社会 保険 料 計算,,20,,0.00
沖縄 県 社会 保険 料,,20,,0.00
沖縄 県 社会 保険 料率,,20,,0.00
法人 化 社会 保険 料,,20,,0.00
法人 成り シミュレーション 社会 保険 料,,20,,0.00
法人 社会 保険 料 計算,,20,,0.00
法人 設立 社会 保険 料,,20,,0.00
派遣 社会 保険 料 負担,,20,,0.00
派遣 社員 社会 保険 料 計算,,20,,0.00
派遣 社員 社会 保険 料 負担,,20,,0.00
海外 出向 者 社会 保険 料 負担,,20,,0.00
海外 出向 者 社会 保険 料 負担 税務,,20,,0.00
海外 社会 保険 料,,20,,0.00
消費 税 増税 社会 保険 料,,20,,0.00
減給 社会 保険 料,,20,,0.00
源泉 徴収 社会 保険 料 等 と は,,20,,0.00
源泉 徴収 社会 保険 料 計算,,20,,0.00
源泉 徴収 票 の 社会 保険 料,,20,,0.00
源泉 徴収 票 社会 保険 料 2 段 ふるさと 納税,,20,,0.00
源泉 徴収 票 社会 保険 料 のみ,,20,,0.00
源泉 徴収 票 社会 保険 料 内 年末 調整,,20,,0.00
源泉 徴収 票 社会 保険 料 内 確定 申告,,20,,0.00
源泉 徴収 票 社会 保険 料 内訳,,20,,0.00
源泉 徴収 票 社会 保険 料 確定 申告,,20,,0.00
源泉 徴収 票 社会 保険 料 等,,20,,0.00
源泉 徴収 票 社会 保険 料 等 の 金額 マイナス,,20,,0.00
源泉 徴収 票 社会 保険 料 計算,,20,,0.00
源泉 徴収 票 見方 社会 保険 料 内,,20,,0.00
源泉 徴収 税額 表 社会 保険 料 等 と は,,20,,0.00
源泉 徴収 簿 社会 保険 料 等,,20,,0.00
源泉 徴収 簿 社会 保険 料 等 の 控除 額,,20,,0.00
源泉 所得税 社会 保険 料,,20,,0.00
源泉 所得税 社会 保険 料 等 と は,,20,,0.00
源泉 社会 保険 料 等 の 金額,,20,,0.00
準 確定 申告 社会 保険 料,,20,,0.00
熊本 市 社会 保険 料,,20,,0.00
特別 賞与 社会 保険 料,,20,,0.00
独身 社会 保険 料,,20,,0.00
生命 保険 社会 保険 料 削減,,20,,0.00
産休 中 の 社会 保険 料,,20,,0.00
産休 中 社会 保険 料 戻っ て くる,,20,,0.00
産休 月 社会 保険 料,,20,,0.00
産休 月末 社会 保険 料,,20,,0.00
産休 社会 保険 料 会社 負担,,20,,0.00
産休 社会 保険 料 手続き,,20,,0.00
産休 社会 保険 料 返金 いつ,,20,,0.00
産休 育休 中 の 社会 保険 料,,20,,0.00
申告 による 社会 保険 料 の 控除 分,,20,,0.00
病気 で 働け ない 社会 保険 料,,20,,0.00
病気 休職 社会 保険 料,,20,,0.00
相続 社会 保険 料,,20,,0.00
確定 拠出 年金 社会 保険 料 削減,,20,,0.00
確定 申告 妻 の 社会 保険 料,,20,,0.00
確定 申告 妻 社会 保険 料,,20,,0.00
確定 申告 扶養 家族 社会 保険 料,,20,,0.00
確定 申告 控除 社会 保険 料,,20,,0.00
確定 申告 書 社会 保険 料,,20,,0.00
確定 申告 社会 保険 料 国民 年金,,20,,0.00
確定 申告 社会 保険 料 書き方,,20,,0.00
確定 申告 社会 保険 料 期間,,20,,0.00
確定 申告 社会 保険 料 添付,,20,,0.00
確定 申告 社会 保険 料 等 の 金額,,20,,0.00
確定 申告 社会 保険 料 証明 書,,20,,0.00
確定 申告 社会 保険 料 還付,,20,,0.00
確定 申告 社会 保険 料 領収 書,,20,,0.00
社会 保険 事務 所 社会 保険 料,,20,,0.00
社会 保険 料 1 円 合わ ない,,20,,0.00
社会 保険 料 1 日,,20,,0.00
社会 保険 料 10,,20,,0.00
社会 保険 料 10 月 1 日,,20,,0.00
社会 保険 料 103 万,,20,,0.00
社会 保険 料 12 月,,20,,0.00
社会 保険 料 15 パーセント,,20,,0.00
社会 保険 料 15 日 締め,,20,,0.00
社会 保険 料 150 万 円,,20,,0.00
社会 保険 料 2 か 所,,20,,0.00
社会 保険 料 2 か 所 給与,,20,,0.00
社会 保険 料 2 か 所 給与 役員,,20,,0.00
社会 保険 料 2 か 月 分,,20,,0.00
社会 保険 料 2 か 月 分 徴収,,20,,0.00
社会 保険 料 2 ヶ月 分,,20,,0.00
社会 保険 料 2 ヶ月 徴収,,20,,0.00
社会 保険 料 2 年 前納,,20,,0.00
社会 保険 料 2 年 目,,20,,0.00
社会 保険 料 2 等級,,20,,0.00
社会 保険 料 2 等級 以上 の 変更,,20,,0.00
社会 保険 料 2018 年,,20,,0.00
社会 保険 料 25,,20,,0.00
社会 保険 料 26 年,,20,,0.00
社会 保険 料 3 か 月 平均,,20,,0.00
社会 保険 料 3 ヶ月,,20,,0.00
社会 保険 料 3 万 円,,20,,0.00
社会 保険 料 3 月 分,,20,,0.00
社会 保険 料 3 月 分 と は,,20,,0.00
社会 保険 料 30,,20,,0.00
社会 保険 料 30 年,,20,,0.00
社会 保険 料 345 月,,20,,0.00
社会 保険 料 4 月 から,,20,,0.00
社会 保険 料 4 月 から 6 月 休職,,20,,0.00
社会 保険 料 4 月 変更,,20,,0.00
社会 保険 料 4 月 改定,,20,,0.00
社会 保険 料 4 月 納付 分 と は,,20,,0.00
社会 保険 料 60 歳,,20,,0.00
社会 保険 料 65 歳,,20,,0.00
社会 保険 料 65 歳 以上 計算,,20,,0.00
社会 保険 料 7 月 から,,20,,0.00
社会 保険 料 7 月 分,,20,,0.00
社会 保険 料 7 月 改定,,20,,0.00
社会 保険 料 70 歳 到達,,20,,0.00
社会 保険 料 9,,20,,0.00
社会 保険 料 9 万,,20,,0.00
社会 保険 料 ideco,,20,,0.00
社会 保険 料 wiki,,20,,0.00
社会 保険 料 いくら ひかれ る,,20,,0.00
社会 保険 料 いつまで 支払う,,20,,0.00
社会 保険 料 が 高い,,20,,0.00
社会 保険 料 けんぽ,,20,,0.00
社会 保険 料 ごまかし,,20,,0.00
社会 保険 料 ざっくり 計算,,20,,0.00
社会 保険 料 だいたい,,20,,0.00
社会 保険 料 と は アルバイト,,20,,0.00
社会 保険 料 と は 介護 保険,,20,,0.00
社会 保険 料 と は 会社 負担,,20,,0.00
社会 保険 料 と 厚生 年金 料,,20,,0.00
社会 保険 料 と 国民 健康 保険,,20,,3.25
社会 保険 料 と 税金,,20,,0.00
社会 保険 料 と 雇用 保険 料,,20,,0.00
社会 保険 料 について,,20,,6.51
社会 保険 料 の,,20,,0.00
社会 保険 料 の 削減 方法,,20,,0.00
社会 保険 料 の 加入 条件,,20,,3.25
社会 保険 料 の 基準,,20,,0.00
社会 保険 料 の 定時 決定,,20,,0.00
社会 保険 料 の 対象 と なる 賃金,,20,,0.00
社会 保険 料 の 徴収,,20,,0.00
社会 保険 料 の 控除 証明,,20,,0.00
社会 保険 料 の 控除 額,,20,,0.00
社会 保険 料 の 控除 額 計算,,20,,0.00
社会 保険 料 の 推移,,20,,0.00
社会 保険 料 の 支払い 方法,,20,,0.00
社会 保険 料 の 料率,,20,,0.00
社会 保険 料 の 未 払 計上,,20,,0.00
社会 保険 料 の 求め 方,,20,,0.00
社会 保険 料 の 減額,,20,,0.00
社会 保険 料 の 滞納,,20,,0.00
社会 保険 料 の 相談,,20,,0.00
社会 保険 料 の 科目,,20,,0.00
社会 保険 料 の 等級,,20,,0.00
社会 保険 料 の 等級 表,,20,,0.00
社会 保険 料 の 算出 方法,,20,,27.66
社会 保険 料 の 算定,,20,,56.94
社会 保険 料 の 節減,,20,,0.00
社会 保険 料 の 納付 時期,,20,,0.00
社会 保険 料 の 計算 式,,20,,0.00
社会 保険 料 の 負担,,20,,0.00
社会 保険 料 の 負担 割合,,20,,0.00
社会 保険 料 の 還付 金,,20,,0.00
社会 保険 料 の 領収証 書,,20,,0.00
社会 保険 料 の 額,,20,,0.00
社会 保険 料 は いつから 引 かれる,,20,,0.00
社会 保険 料 は いつまで 払う,,20,,0.00
社会 保険 料 は いつまで 払う のか,,20,,0.00
社会 保険 料 わかり やすく,,20,,0.00
社会 保険 料 を 削減 する 方法,,20,,0.00
社会 保険 料 を 払わ ない,,20,,0.00
社会 保険 料 を 抑える,,20,,0.00
社会 保険 料 アップ,,20,,0.00
社会 保険 料 アルバイト 計算,,20,,0.00
社会 保険 料 イデコ,,20,,0.00
社会 保険 料 インセンティブ,,20,,0.00
社会 保険 料 エクセル ダウンロード,,20,,0.00
社会 保険 料 エクセル 関数,,20,,0.00
社会 保険 料 クレジット,,20,,624.69
社会 保険 料 クレジット カード 法人,,20,,1130.63
社会 保険 料 クレジット カード 納付,,20,,0.00
社会 保険 料 サラリーマン,,20,,0.00
社会 保険 料 シングル マザー,,20,,0.00
社会 保険 料 ツール,,20,,0.00
社会 保険 料 パート 主婦,,20,,0.00
社会 保険 料 マイ ナンバー,,20,,0.00
社会 保険 料 ランキング,,20,,0.00
社会 保険 料 一時 所得,,20,,0.00
社会 保険 料 一時 金,,20,,0.00
社会 保険 料 三重,,20,,0.00
社会 保険 料 上がっ てる,,20,,0.00
社会 保険 料 上がる メリット,,20,,0.00
社会 保険 料 上段 下段,,20,,0.00
社会 保険 料 上限 改正,,20,,0.00
社会 保険 料 上限 賞与,,20,,0.00
社会 保険 料 上限 金額,,20,,0.00
社会 保険 料 上限 額,,20,,0.00
社会 保険 料 中小 企業,,20,,0.00
社会 保険 料 中途 入社,,20,,0.00
社会 保険 料 中途 退職,,20,,0.00
社会 保険 料 事業 主 負担 分 計算,,20,,0.00
社会 保険 料 事業 主 負担 分 計算 方法,,20,,0.00
社会 保険 料 事業 主 負担 計算,,20,,0.00
社会 保険 料 事業 所,,20,,0.00
社会 保険 料 事業 所 負担,,20,,0.00
社会 保険 料 事業 者 負担,,20,,0.00
社会 保険 料 交通 費 非課税,,20,,0.00
社会 保険 料 京都 府,,20,,0.00
社会 保険 料 今後,,20,,0.00
社会 保険 料 介護,,20,,0.00
社会 保険 料 仕訳 個人 事業 主,,20,,0.00
社会 保険 料 仕訳 法人,,20,,0.00
社会 保険 料 仕訳 法定 福利 費,,20,,0.00
社会 保険 料 代表 取締役,,20,,0.00
社会 保険 料 令 和 元 年,,20,,0.00
社会 保険 料 任意,,20,,0.00
社会 保険 料 任意 継続 計算,,20,,0.00
社会 保険 料 企業,,20,,0.00
社会 保険 料 休業 中,,20,,0.00
社会 保険 料 休職,,20,,0.00
社会 保険 料 会社 が 全額 負担,,20,,0.00
社会 保険 料 会社 未納,,20,,0.00
社会 保険 料 会社 立替,,20,,0.00
社会 保険 料 会社 負担 仕訳,,20,,6.51
社会 保険 料 会社 負担 個人 負担,,20,,0.00
社会 保険 料 会社 負担 分 請求,,20,,0.00
社会 保険 料 会社 負担 義務,,20,,0.00
社会 保険 料 会社 負担 計算 方法,,20,,0.00
社会 保険 料 会社 負担 額 計算,,20,,0.00
社会 保険 料 低く 申告,,20,,0.00
社会 保険 料 住宅 手当,,20,,0.00
社会 保険 料 住所 変更,,20,,0.00
社会 保険 料 住民 税 所得税,,20,,0.00
社会 保険 料 保険 料,,20,,0.00
社会 保険 料 保険 料率,,20,,0.00
社会 保険 料 保険 証,,20,,0.00
社会 保険 料 修正,,20,,0.00
社会 保険 料 個人 事業 主 計算,,20,,0.00
社会 保険 料 債務 承認 書,,20,,0.00
社会 保険 料 入社 時,,20,,0.00
社会 保険 料 全額 個人 負担,,20,,0.00
社会 保険 料 兵庫,,20,,0.00
社会 保険 料 内 源泉 徴収 票,,20,,0.00
社会 保険 料 内訳 明細,,20,,0.00
社会 保険 料 出し 方,,20,,0.00
社会 保険 料 出勤 日数,,20,,0.00
社会 保険 料 分納,,20,,0.00
社会 保険 料 切り捨て,,20,,0.00
社会 保険 料 初回,,20,,0.00
社会 保険 料 削減 コンサル,,20,,0.00
社会 保険 料 削減 プラン,,20,,0.00
社会 保険 料 削減 方法,,20,,0.00
社会 保険 料 削減 生命 保険,,20,,0.00
社会 保険 料 削減 違法,,20,,0.00
社会 保険 料 前納,,20,,0.00
社会 保険 料 労働 保険 料 違い,,20,,0.00
社会 保険 料 勘定 科目 freee,,20,,0.00
社会 保険 料 勘定 科目 仕訳,,20,,9.76
社会 保険 料 勘定 科目 福利 厚生 費,,20,,0.00
社会 保険 料 医療 費 負担,,20,,0.00
社会 保険 料 厚生 年金 保険 料 計算,,20,,0.00
社会 保険 料 厚生 年金 基金,,20,,0.00
社会 保険 料 収入 所得,,20,,0.00
社会 保険 料 口座 変更,,20,,0.00
社会 保険 料 口座 引き落とし,,20,,0.00
社会 保険 料 口座 振替 ゆうちょ 銀行,,20,,0.00
社会 保険 料 口座 振替 停止,,20,,0.00
社会 保険 料 口座 振替 日,,20,,0.00
社会 保険 料 口座 振替 納付 申出 書,,20,,0.00
社会 保険 料 口座 振替 銀行,,20,,0.00
社会 保険 料 喪失 日,,20,,0.00
社会 保険 料 国民 健康 保険 料,,20,,0.00
社会 保険 料 基礎,,20,,0.00
社会 保険 料 報酬 の 範囲,,20,,0.00
社会 保険 料 報酬 月額 変更,,20,,0.00
社会 保険 料 報酬 月額 変更 届,,20,,0.00
社会 保険 料 増加 率,,20,,0.00
社会 保険 料 変動,,20,,0.00
社会 保険 料 変更 9 月,,20,,0.00
社会 保険 料 変更 手続き,,20,,0.00
社会 保険 料 変更 通知 書 書式,,20,,0.00
社会 保険 料 変更 随時,,20,,0.00
社会 保険 料 多く 徴収,,20,,0.00
社会 保険 料 大阪 府,,20,,0.00
社会 保険 料 天引き いつから,,20,,0.00
社会 保険 料 天引き 忘れ,,20,,0.00
社会 保険 料 失業 保険,,20,,0.00
社会 保険 料 契約 社員,,20,,0.00
社会 保険 料 子供,,20,,0.00
社会 保険 料 安く,,20,,0.00
社会 保険 料 安く する,,20,,0.00
社会 保険 料 定年 後,,20,,0.00
社会 保険 料 家族,,20,,0.00
社会 保険 料 家族 分,,20,,0.00
社会 保険 料 対策,,20,,0.00
社会 保険 料 対象 外,,20,,0.00
社会 保険 料 対象 期間,,20,,0.00
社会 保険 料 対象 者,,20,,0.00
社会 保険 料 対象 賃金,,20,,0.00
社会 保険 料 将来,,20,,0.00
社会 保険 料 小数点,,20,,0.00
社会 保険 料 届出,,20,,0.00
社会 保険 料 山口,,20,,0.00
社会 保険 料 岐阜,,20,,0.00
社会 保険 料 岐阜 県,,20,,0.00
社会 保険 料 岩手,,20,,0.00
社会 保険 料 岩手 県,,20,,0.00
社会 保険 料 島根 県,,20,,0.00
社会 保険 料 差し押さえ 口座,,20,,0.00
社会 保険 料 差額,,20,,0.00
社会 保険 料 帳簿,,20,,0.00
社会 保険 料 平成 24 年,,20,,0.00
社会 保険 料 平成 28 年,,20,,0.00
社会 保険 料 平成 29 年,,20,,0.00
社会 保険 料 年 金額,,20,,0.00
社会 保険 料 年収 600 万,,20,,0.00
社会 保険 料 年度,,20,,0.00
社会 保険 料 年度 更新,,20,,0.00
社会 保険 料 年金 機構,,20,,0.00
社会 保険 料 年額,,20,,0.00
社会 保険 料 年齢 基準 日,,20,,0.00
社会 保険 料 延滞 税,,20,,0.00
社会 保険 料 延滞 金 損金,,20,,0.00
社会 保険 料 延滞 金 損金 国税庁,,20,,0.00
社会 保険 料 延滞 金 損金 算入 時期,,20,,0.00
社会 保険 料 延滞 金 時効,,20,,0.00
社会 保険 料 延滞 金 科目,,20,,0.00
社会 保険 料 延滞 金 計算,,20,,0.00
社会 保険 料 延納,,20,,0.00
社会 保険 料 建設 業,,20,,0.00
社会 保険 料 引 かれる 月,,20,,0.00
社会 保険 料 引き去り,,20,,0.00
社会 保険 料 引き落とし 仕訳,,20,,0.00
社会 保険 料 引落,,20,,0.00
社会 保険 料 引落 日,,20,,0.00
社会 保険 料 当月 控除,,20,,0.00
社会 保険 料 役員 報酬 ゼロ,,20,,0.00
社会 保険 料 後払い,,20,,0.00
社会 保険 料 後期 高齢 者,,20,,0.00
社会 保険 料 従業 員 負担 分,,20,,0.00
社会 保険 料 従業 員 負担 分 仕訳,,20,,6.51
社会 保険 料 徴収 いつから,,20,,0.00
社会 保険 料 徴収 不足,,20,,0.00
社会 保険 料 徴収 方法,,20,,0.00
社会 保険 料 徴収 月,,20,,0.00
社会 保険 料 徴収 漏れ,,20,,0.00
社会 保険 料 徴収 漏れ 年末 調整,,20,,0.00
社会 保険 料 徴収 漏れ 退職,,20,,0.00
社会 保険 料 徴収 額,,20,,0.00
社会 保険 料 愛媛,,20,,0.00
社会 保険 料 戻り,,20,,0.00
社会 保険 料 所得 に 応じ て,,20,,0.00
社会 保険 料 手当,,20,,4.88
社会 保険 料 手当 含む,,20,,0.00
社会 保険 料 手続き,,20,,0.00
社会 保険 料 払い戻し,,20,,0.00
社会 保険 料 払え ない 会社,,20,,0.00
社会 保険 料 扶養 家族 計算,,20,,0.00
社会 保険 料 扶養 家族 金額,,20,,0.00
社会 保険 料 扶養 範囲,,20,,0.00
社会 保険 料 扶養 者 が いる 場合,,20,,0.00
社会 保険 料 扶養 要件,,20,,0.00
社会 保険 料 扶養 計算,,20,,0.00
社会 保険 料 抑える,,20,,0.00
社会 保険 料 折 版,,20,,0.00
社会 保険 料 折半 法律,,20,,0.00
社会 保険 料 折半 端数,,20,,0.00
社会 保険 料 拠出 金,,20,,0.00
社会 保険 料 拠出 金 計算,,20,,0.00
社会 保険 料 拡大,,20,,0.00
社会 保険 料 按分 計算,,20,,0.00
社会 保険 料 振替,,20,,0.00
社会 保険 料 振替 伝票,,20,,0.00
社会 保険 料 振込,,20,,0.00
社会 保険 料 掛け持ち,,20,,0.00
社会 保険 料 損金 算入 時期 賞与,,20,,0.00
社会 保険 料 支払 期限,,20,,0.00
社会 保険 料 支払 義務 者,,20,,0.00
社会 保険 料 改定 9 月,,20,,0.00
社会 保険 料 改定 通知,,20,,0.00
社会 保険 料 改定 通知 書 エクセル,,20,,0.00
社会 保険 料 料率 変更,,20,,0.00
社会 保険 料 料率 変更 時期,,20,,0.00
社会 保険 料 料率 改定,,20,,0.00
社会 保険 料 新潟,,20,,0.00
社会 保険 料 日 額 表,,20,,0.00
社会 保険 料 日本 年金 機構,,20,,0.00
社会 保険 料 時効 2 年,,20,,0.00
社会 保険 料 時期,,20,,0.00
社会 保険 料 更新,,20,,0.00
社会 保険 料 最低,,20,,0.00
社会 保険 料 最低 賃金,,20,,0.00
社会 保険 料 最適 化,,20,,0.00
社会 保険 料 月 の 途中,,20,,0.00
社会 保険 料 月 変 いつから,,20,,0.00
社会 保険 料 月末 在籍,,20,,0.00
社会 保険 料 月給,,20,,0.00
社会 保険 料 月額 報酬 計算,,20,,0.00
社会 保険 料 未 加入,,20,,0.00
社会 保険 料 未払い 退職,,20,,0.00
社会 保険 料 未納 会社,,20,,0.00
社会 保険 料 未納 従業 員,,20,,0.00
社会 保険 料 末日,,20,,1.63
社会 保険 料 末日 退職,,20,,3.25
社会 保険 料 本人 負担 分 を 会社 が 負担,,20,,0.00
社会 保険 料 本人 負担 額,,20,,0.00
社会 保険 料 札幌,,20,,0.00
社会 保険 料 栃木,,20,,0.00
社会 保険 料 概算 計上,,20,,0.00
社会 保険 料 概算 計算,,20,,0.00
社会 保険 料 概算 計算 シミュレーション,,20,,0.00
社会 保険 料 標準 報酬 と は,,20,,0.00
社会 保険 料 標準 報酬 変更,,20,,0.00
社会 保険 料 標準 報酬 月額 一覧 表,,20,,0.00
社会 保険 料 標準 報酬 月額 交通 費,,20,,0.00
社会 保険 料 標準 報酬 月額 千葉 県,,20,,0.00
社会 保険 料 標準 報酬 月額 算定,,20,,0.00
社会 保険 料 標準 報酬 月額 計算,,20,,0.00
社会 保険 料 標準 報酬 月額 間違い,,20,,0.00
社会 保険 料 標準 報酬 計算,,20,,0.00
社会 保険 料 標準 報酬 額,,20,,0.00
社会 保険 料 標準 月額 表,,20,,0.00
社会 保険 料 標準 賞与 額,,20,,0.00
社会 保険 料 歩合 給,,20,,0.00
社会 保険 料 残業 すると 損,,20,,0.00
社会 保険 料 毎年 上がる,,20,,0.00
社会 保険 料 毎月 変動,,20,,0.00
社会 保険 料 決定 方法,,20,,0.00
社会 保険 料 決定 時期,,20,,0.00
社会 保険 料 決定 通知,,20,,0.00
社会 保険 料 決算 未 払 計上,,20,,0.00
社会 保険 料 法人 負担,,20,,0.00
社会 保険 料 法人 負担 分,,20,,0.00
社会 保険 料 派遣 社員,,20,,0.00
社会 保険 料 消費 税 課税 区分,,20,,0.00
社会 保険 料 消費 税 非課税 不 課税,,20,,0.00
社会 保険 料 源泉 徴収 票 内,,20,,0.00
社会 保険 料 源泉 徴収 計算,,20,,0.00
社会 保険 料 滋賀,,20,,0.00
社会 保険 料 滞納 会社,,20,,0.00
社会 保険 料 滞納 個人,,20,,0.00
社会 保険 料 滞納 従業 員,,20,,0.00
社会 保険 料 滞納 時効,,20,,0.00
社会 保険 料 無 収入,,20,,0.00
社会 保険 料 無給,,20,,0.00
社会 保険 料 独身,,20,,0.00
社会 保険 料 猶予,,20,,0.00
社会 保険 料 率 推移,,20,,0.00
社会 保険 料 現物 給与,,20,,0.00
社会 保険 料 産前 産後,,20,,0.00
社会 保険 料 申し立て,,20,,0.00
社会 保険 料 申告,,20,,0.00
社会 保険 料 申請,,20,,0.00
社会 保険 料 相談,,20,,148.04
社会 保険 料 相談 どこ,,20,,0.00
社会 保険 料 県 別,,20,,0.00
社会 保険 料 短 時間 労働 者,,20,,0.00
社会 保険 料 確定 時期,,20,,0.00
社会 保険 料 確定 申告 書き方,,20,,0.00
社会 保険 料 確定 申告 添付,,20,,0.00
社会 保険 料 社宅,,20,,0.00
社会 保険 料 社長,,20,,0.00
社会 保険 料 福利 厚生 費,,20,,0.00
社会 保険 料 税率 変更,,20,,0.00
社会 保険 料 税率 表,,20,,0.00
社会 保険 料 税金 計算,,20,,0.00
社会 保険 料 種類 確定 申告,,20,,0.00
社会 保険 料 立替,,20,,0.00
社会 保険 料 立替 仕訳,,20,,0.00
社会 保険 料 立替 回収,,20,,0.00
社会 保険 料 立替 請求,,20,,0.00
社会 保険 料 端数 処理 エクセル,,20,,0.00
社会 保険 料 端数 処理 五 捨 六 入,,20,,0.00
社会 保険 料 第 二 次 納税 義務,,20,,0.00
社会 保険 料 等 の 控除 額 源泉 徴収 簿,,20,,0.00
社会 保険 料 等 の 金額 ideco,,20,,0.00
社会 保険 料 等 の 金額 とは,,20,,0.00
社会 保険 料 等 の 金額 国民 健康 保険,,20,,0.00
社会 保険 料 等 の 金額 確定 申告,,20,,0.00
社会 保険 料 等 の 金額 給与 明細,,20,,0.00
社会 保険 料 等 の 金額 計算 方法,,20,,0.00
社会 保険 料 等 ふるさと 納税,,20,,0.00
社会 保険 料 等 国庫 金,,20,,0.00
社会 保険 料 等 控除 と は,,20,,0.00
社会 保険 料 等 控除 額,,20,,0.00
社会 保険 料 等 計算,,20,,0.00
社会 保険 料 等級 上がる,,20,,0.00
社会 保険 料 等級 下げる,,20,,0.00
社会 保険 料 等級 見直し,,20,,0.00
社会 保険 料 等級 計算,,20,,0.00
社会 保険 料 等級 間違い,,20,,0.00
社会 保険 料 算出 表,,20,,0.00
社会 保険 料 算定 交通 費,,20,,0.00
社会 保険 料 算定 基礎 変更 月,,20,,0.00
社会 保険 料 算定 基礎 額,,20,,0.00
社会 保険 料 管理 表,,20,,0.00
社会 保険 料 節税 対策,,20,,0.00
社会 保険 料 節約 賞与,,20,,0.00
社会 保険 料 簡易 計算,,20,,0.00
社会 保険 料 精算,,20,,0.00
社会 保険 料 納付 いつの 分,,20,,0.00
社会 保険 料 納付 仕訳,,20,,6.51
社会 保険 料 納付 場所,,20,,0.00
社会 保険 料 納付 日,,20,,0.00
社会 保険 料 納付 月,,20,,0.00
社会 保険 料 納付 猶予,,20,,0.00
社会 保険 料 納付 義務 者,,20,,0.00
社会 保険 料 納付 証明,,20,,0.00
社会 保険 料 納付 額,,20,,0.00
社会 保険 料 納入 確認 書 と は,,20,,0.00
社会 保険 料 納入 確認 書 委任 状,,20,,0.00
社会 保険 料 納入 確認 申請 書 エクセル,,20,,0.00
社会 保険 料 納入 証明 書 と は,,20,,0.00
社会 保険 料 納入 証明 書 個人,,20,,0.00
社会 保険 料 納入 証明 書 記入 例,,20,,0.00
社会 保険 料 納入 証明 申請 書 委任 状,,20,,0.00
社会 保険 料 納期,,20,,0.00
社会 保険 料 納期 限,,20,,0.00
社会 保険 料 給与 が 上がっ た 場合,,20,,0.00
社会 保険 料 給与 割合,,20,,0.00
社会 保険 料 給与 変更,,20,,0.00
社会 保険 料 給与 天引き,,20,,0.00
社会 保険 料 給与 減額,,20,,0.00
社会 保険 料 給与 計算,,20,,0.00
社会 保険 料 給与 賞与,,20,,0.00
社会 保険 料 給与 足り ない,,20,,0.00
社会 保険 料 給料 が ない 場合,,20,,0.00
社会 保険 料 給料 変更,,20,,0.00
社会 保険 料 総 報酬 制,,20,,0.00
社会 保険 料 総 支給 額,,20,,0.00
社会 保険 料 群馬,,20,,0.00
社会 保険 料 翌月 徴収 退職,,20,,0.00
社会 保険 料 育児 休業 復帰,,20,,0.00
社会 保険 料 自動 引き落とし,,20,,0.00
社会 保険 料 自動 引落,,20,,0.00
社会 保険 料 自己 負担,,20,,0.00
社会 保険 料 表 エクセル,,20,,0.00
社会 保険 料 被 保険 者,,20,,0.00
社会 保険 料 裏 技,,20,,0.00
社会 保険 料 補助,,20,,0.00
社会 保険 料 補助 金,,20,,0.00
社会 保険 料 見直し 2 等級,,20,,0.00
社会 保険 料 解約,,20,,0.00
社会 保険 料 計算 3 ヶ月,,20,,0.00
社会 保険 料 計算 4 月 5 月 6 月,,20,,0.00
社会 保険 料 計算 65 歳 以上,,20,,0.00
社会 保険 料 計算 エクセル,,20,,0.00
社会 保険 料 計算 エクセル フリー,,20,,0.00
社会 保険 料 計算 サイト,,20,,0.00
社会 保険 料 計算 シート,,20,,0.00
社会 保険 料 計算 ソフト,,20,,266.80
社会 保険 料 計算 事業 主,,20,,0.00
社会 保険 料 計算 個人 事業 主,,20,,97.61
社会 保険 料 計算 兵庫 県,,20,,0.00
社会 保険 料 計算 大阪,,20,,0.00
社会 保険 料 計算 式 エクセル,,20,,0.00
社会 保険 料 計算 手取り,,20,,0.00
社会 保険 料 計算 扶養 家族,,20,,0.00
社会 保険 料 計算 方法 パート,,20,,0.00
社会 保険 料 計算 派遣,,20,,0.00
社会 保険 料 計算 給与,,20,,0.00
社会 保険 料 計算 退職,,20,,0.00
社会 保険 料 計算機,,20,,0.00
社会 保険 料 課税 区分,,20,,0.00
社会 保険 料 調整 額,,20,,0.00
社会 保険 料 請求,,20,,0.00
社会 保険 料 負担 増,,20,,0.00
社会 保険 料 負担 推移,,20,,0.00
社会 保険 料 費用,,20,,0.00
社会 保険 料 資格 取得,,20,,0.00
社会 保険 料 資格 喪失 届,,20,,0.00
社会 保険 料 資格 喪失 日,,20,,0.00
社会 保険 料 資産,,20,,0.00
社会 保険 料 賞与 計算 方法,,20,,0.00
社会 保険 料 質問,,20,,0.00
社会 保険 料 起算 日,,20,,0.00
社会 保険 料 転職 した 場合,,20,,0.00
社会 保険 料 転職 後,,20,,0.00
社会 保険 料 転職 時,,20,,0.00
社会 保険 料 転職 月 の 途中,,20,,0.00
社会 保険 料 返還,,20,,0.00
社会 保険 料 追加 徴収,,20,,0.00
社会 保険 料 退職 タイミング,,20,,1.63
社会 保険 料 退職 後 請求,,20,,0.00
社会 保険 料 退職 手続き,,20,,0.00
社会 保険 料 退職 控除,,20,,0.00
社会 保険 料 退職 月末,,20,,3.25
社会 保険 料 退職 者,,20,,0.00
社会 保険 料 逃れ,,20,,0.00
社会 保険 料 遅延,,20,,0.00
社会 保険 料 過 徴収,,20,,0.00
社会 保険 料 過 徴収 返金,,20,,0.00
社会 保険 料 過去 分,,20,,0.00
社会 保険 料 過少 申告 罰則,,20,,0.00
社会 保険 料 過払い 仕訳,,20,,0.00
社会 保険 料 遡っ て 加入,,20,,0.00
社会 保険 料 遡及 年末 調整,,20,,0.00
社会 保険 料 遡及 徴収,,20,,0.00
社会 保険 料 適正 化,,20,,0.00
社会 保険 料 適用 拡大,,20,,0.00
社会 保険 料 適用 除外,,20,,0.00
社会 保険 料 還付 請求 書,,20,,0.00
社会 保険 料 配偶 者 扶養,,20,,0.00
社会 保険 料 金額 目安,,20,,0.00
社会 保険 料 金額 算出,,20,,0.00
社会 保険 料 長崎 県,,20,,0.00
社会 保険 料 間違い 年末 調整 後,,20,,0.00
社会 保険 料 間違い 返金,,20,,0.00
社会 保険 料 間違っ てい た 場合,,20,,0.00
社会 保険 料 限度 額,,20,,0.00
社会 保険 料 随時 改定 届出,,20,,0.00
社会 保険 料 随時 改定 忘れ,,20,,0.00
社会 保険 料 随時 改定 時期,,20,,0.00
社会 保険 料 随時 改訂,,20,,0.00
社会 保険 料 雇用 保険 料 計算,,20,,0.00
社会 保険 料 雇用 保険 計算,,20,,0.00
社会 保険 料 雑 所得,,20,,0.00
社会 保険 料 青色 申告,,20,,0.00
社会 保険 料 静岡,,20,,0.00
社会 保険 料 非 居住 者,,20,,0.00
社会 保険 料 非課税 交通 費,,20,,0.00
社会 保険 料 預り 金 仕訳,,20,,3.25
社会 保険 料 預り 金 決算 仕訳,,20,,0.00
社会 保険 料 領収 書 個人,,20,,0.00
社会 保険 料 領収 書 再 発行,,20,,0.00
社会 保険 料 額 表 エクセル,,20,,0.00
社会 保険 料 額 表 大阪,,20,,0.00
社会 保険 料 額 表 最新,,20,,0.00
社会 保険 料 額 表 賞与,,20,,0.00
社会 保険 料 額 計算,,20,,0.00
社会 保険 料 香川,,20,,0.00
社会 保険 料 高額 医療,,20,,0.00
社会 保険 料 高齢 者 免除,,20,,0.00
社会 保険 料率 10 月,,20,,0.00
社会 保険 料率 30,,20,,0.00
社会 保険 料率 と は,,20,,0.00
社会 保険 料率 京都,,20,,0.00
社会 保険 料率 佐賀,,20,,0.00
社会 保険 料率 兵庫,,20,,0.00
社会 保険 料率 兵庫 県,,20,,0.00
社会 保険 料率 変更 いつから,,20,,0.00
社会 保険 料率 変更 時期,,20,,0.00
社会 保険 料率 変遷,,20,,0.00
社会 保険 料率 宮城 県,,20,,0.00
社会 保険 料率 岡山,,20,,0.00
社会 保険 料率 年収,,20,,0.00
社会 保険 料率 愛知 県,,20,,0.00
社会 保険 料率 概算,,20,,0.00
社会 保険 料率 沖縄,,20,,0.00
社会 保険 料率 熊本,,20,,0.00
社会 保険 料率 算定,,20,,0.00
社会 保険 料率 賞与 計算,,20,,0.00
社会 保険庁 社会 保険 料,,20,,0.00
社会 保障 財源 社会 保険 料,,20,,0.00
社員 の 社会 保険 料,,20,,0.00
社長 社会 保険 料,,20,,0.00
社長 社会 保険 料 計算,,20,,0.00
神奈川 県 社会 保険 料率 表,,20,,0.00
神戸 市 社会 保険 料,,20,,0.00
福井 県 社会 保険 料,,20,,0.00
福利 厚生 社会 保険 料,,20,,0.00
福岡 市 社会 保険 料,,20,,0.00
福岡 県 社会 保険 料率,,20,,0.00
福島 県 社会 保険 料率,,20,,0.00
福島 県 社会 保険 料率 表,,20,,0.00
科目 社会 保険 料,,20,,0.00
税金 社会 保険 料 計算,,20,,0.00
簿記 社会 保険 料,,20,,0.00
経営 者 社会 保険 料,,20,,0.00
給与 30 万 社会 保険 料,,20,,0.00
給与 仕訳 社会 保険 料,,20,,0.00
給与 変更 社会 保険 料,,20,,0.00
給与 控除 社会 保険 料,,20,,0.00
給与 昇給 社会 保険 料,,20,,0.00
給与 明細 社会 保険 料 計算,,20,,187.08
給与 月 2 回 社会 保険 料,,20,,0.00
給与 減額 社会 保険 料 随時 改定,,20,,0.00
給与 社会 保険 料 と は,,20,,0.00
給与 社会 保険 料 割合,,20,,0.00
給与 社会 保険 料 計算 方法,,20,,0.00
給与 社会 保険 料率,,20,,0.00
給与 等 の 収入 金額 社会 保険 料,,20,,0.00
給与 賞与 社会 保険 料,,20,,0.00
給料 14 万 社会 保険 料,,20,,0.00
給料 19 万 社会 保険 料,,20,,0.00
給料 と 社会 保険 料,,20,,0.00
給料 なし 社会 保険 料,,20,,0.00
給料 ゼロ 社会 保険 料,,20,,0.00
給料 マイナス 社会 保険 料,,20,,0.00
給料 変更 社会 保険 料,,20,,0.00
給料 日 変更 社会 保険 料,,20,,0.00
給料 減額 社会 保険 料,,20,,0.00
給料 社会 保険 料 仕訳,,20,,0.00
給料 社会 保険 料 割合,,20,,0.00
育休 中 バイト 社会 保険 料,,20,,0.00
育休 中 仕事 社会 保険 料,,20,,0.00
育休 後 の 社会 保険 料,,20,,0.00
育児 休暇 男性 社会 保険 料,,20,,0.00
育児 休業 後 の 社会 保険 料,,20,,0.00
育児 休業 復帰 社会 保険 料 いつから,,20,,0.00
育児 休業 終了 社会 保険 料,,20,,0.00
臨時 ボーナス 社会 保険 料,,20,,0.00
臨時 手当 社会 保険 料,,20,,0.00
自 営業 社会 保険 料 計算,,20,,53.68
解雇 予告 手当 社会 保険 料,,20,,0.00
課税 所得 社会 保険 料,,20,,0.00
賃金 と は 社会 保険 料,,20,,0.00
賃金 社会 保険 料,,20,,0.00
資格 喪失 月 賞与 社会 保険 料,,20,,0.00
賞与 3 回 社会 保険 料,,20,,0.00
賞与 から の 社会 保険 料,,20,,0.00
賞与 から 控除 する 社会 保険 料,,20,,0.00
賞与 から 社会 保険 料,,20,,0.00
賞与 と 給与 社会 保険 料,,20,,0.00
賞与 に かかる 社会 保険 料 計算,,20,,0.00
賞与 に 係る 社会 保険 料,,20,,0.00
賞与 の 時 の 社会 保険 料,,20,,0.00
賞与 年 4 回 社会 保険 料,,20,,0.00
賞与 引当 金 社会 保険 料,,20,,0.00
賞与 引当 金 社会 保険 料 料率,,20,,0.00
賞与 引当 金 社会 保険 料 計算 方法,,20,,0.00
賞与 引当 金 社会 保険 料率,,20,,0.00
賞与 時 の 社会 保険 料,,20,,0.00
賞与 時 社会 保険 料,,20,,0.00
賞与 月 退職 社会 保険 料,,20,,0.00
賞与 社会 保険 料 いくら から,,20,,0.00
賞与 社会 保険 料 かからない,,20,,0.00
賞与 社会 保険 料 の 計算,,20,,0.00
賞与 社会 保険 料 仕訳,,20,,0.00
賞与 社会 保険 料 会社 負担,,20,,0.00
賞与 社会 保険 料 前月 給与,,20,,0.00
賞与 社会 保険 料 厚生 年金,,20,,0.00
賞与 社会 保険 料 徴収,,20,,0.00
賞与 社会 保険 料 所得税 計算,,20,,0.00
賞与 社会 保険 料 支払 時期,,20,,0.00
賞与 社会 保険 料 産休,,20,,0.00
賞与 社会 保険 料 税率,,20,,0.00
賞与 社会 保険 料 等級,,20,,0.00
賞与 社会 保険 料 納付,,20,,0.00
賞与 社会 保険 料 納付 時期,,20,,0.00
賞与 社会 保険 料 納付 期限,,20,,0.00
賞与 社会 保険 料 自動 計算,,20,,0.00
賞与 社会 保険 料 計算 シート,,20,,0.00
賞与 社会 保険 料 計算 大阪,,20,,0.00
賞与 社会 保険 料 計算 方法 上限,,20,,0.00
賞与 社会 保険 料 計算 端数,,20,,0.00
賞与 社会 保険 料 高い,,20,,0.00
賞与 退職 月 社会 保険 料,,20,,0.00
賞与 遡及 支給 社会 保険 料,,20,,0.00
起業 社会 保険 料,,20,,0.00
転職 初任 給 社会 保険 料,,20,,0.00
転職 後 の 社会 保険 料,,20,,0.00
転職 後 初任 給 社会 保険 料,,20,,0.00
転職 月 社会 保険 料,,20,,0.00
転職 社会 保険 料 いつから,,20,,0.00
転職 社会 保険 料 計算,,20,,0.00
転職 社会 保険 料 重複,,20,,0.00
退社 月 社会 保険 料,,20,,1.63
退職 した 月 の 社会 保険 料,,20,,1.63
退職 一時 金 社会 保険 料,,20,,0.00
退職 時 社会 保険 料 徴収,,20,,0.00
退職 最後 の 給料 社会 保険 料,,20,,0.00
退職 月 の 途中 社会 保険 料,,20,,1.63
退職 有給 消化 社会 保険 料,,20,,0.00
退職 社会 保険 料 2 か 月 分,,20,,0.00
退職 社会 保険 料 いつまで,,20,,4.88
退職 社会 保険 料 月末,,20,,1.63
退職 者 の 社会 保険 料,,20,,0.00
退職 金 社会 保険 料 徴収,,20,,0.00
退職 金 社会 保険 料 相殺,,20,,0.00
途中 入社 社会 保険 料,,20,,0.00
途中 入社 社会 保険 料 計算,,20,,0.00
途中 退社 社会 保険 料,,20,,1.63
週 払い 社会 保険 料,,20,,0.00
遡及 社会 保険 料,,20,,0.00
遺族 年金 社会 保険 料,,20,,0.00
配偶 者 特別 控除 社会 保険 料,,20,,0.00
長野 県 社会 保険 料,,20,,0.00
随時 改定 社会 保険 料,,20,,0.00
障がい 者 社会 保険 料,,20,,0.00
雇用 保険 料 は 社会 保険 料,,20,,0.00
雇用 保険 社会 保険 料,,20,,0.00
青色 申告 社会 保険 料,,20,,0.00
静岡 市 社会 保険 料,,20,,0.00
静岡 社会 保険 料,,20,,0.00
非常勤 職員 社会 保険 料,,20,,0.00
非課税 社会 保険 料,,20,,0.00
預り 金 社会 保険 料,,20,,0.00
顧問 社会 保険 料,,20,,0.00
養老 保険 社会 保険 料,,20,,0.00
高知 県 社会 保険 料,,20,,0.00
鹿児島 社会 保険 料,,20,,0.00
15 日 締め 25 日 払い 社会 保険 料,,10,,0.00
30 年 社会 保険 料,,10,,0.00
4 月 入社 社会 保険 料,,10,,0.00
40 歳 社会 保険 料,,10,,0.00
mf クラウド 社会 保険 料,,10,,0.00
みなし 給与 社会 保険 料,,10,,0.00
アルバイト の 社会 保険 料,,10,,1.63
イデコ 社会 保険 料,,10,,0.00
パート から 正社員 社会 保険 料,,10,,0.00
パート 主婦 社会 保険 料,,10,,0.00
パート 社会 保険 料 加入 条件,,10,,0.00
ベトナム 社会 保険 料,,10,,0.00
ボーナス 社会 保険 料 引 かれる,,10,,0.00
一人 社長 社会 保険 料,,10,,0.00
一時 帰休 社会 保険 料,,10,,0.00
主婦 パート 社会 保険 料,,10,,0.00
事前 確定 届出 給与 社会 保険 料 否認,,10,,0.00
交通 費 社会 保険 料 算定,,10,,0.00
介護 休業 中 社会 保険 料,,10,,0.00
企業 社会 保険 料 負担,,10,,0.00
休業 損害 証明 書 社会 保険 料 住民 税,,10,,0.00
休職 中 の 社会 保険 料 会社 負担 分,,10,,0.00
休職 退職 社会 保険 料,,10,,0.00
会社 の 社会 保険 料 負担,,10,,0.00
会社 社会 保険 料 滞納,,10,,0.00
会社 負担 の 社会 保険 料,,10,,0.00
個人 事業 主 の 社会 保険 料,,10,,74.83
個人 事業 主 社会 保険 料 仕訳,,10,,0.00
個人 事業 主 社会 保険 料 計算,,10,,102.49
傷病 手当 社会 保険 料 金額,,10,,0.00
傷病 手当 金 受給 中 の 社会 保険 料,,10,,0.00
入院 中 の 社会 保険 料,,10,,0.00
公務員 社会 保険 料 高い,,10,,0.00
共済 組合 社会 保険 料,,10,,0.00
出勤 なし 社会 保険 料,,10,,0.00
前払い 退職 金 社会 保険 料,,10,,0.00
半 育休 社会 保険 料,,10,,0.00
各種 社会 保険 料,,10,,0.00
合計 所得 金額 社会 保険 料,,10,,0.00
名古屋 社会 保険 料,,10,,0.00
外交 員 報酬 社会 保険 料,,10,,0.00
外交 員 報酬 社会 保険 料 確定 申告,,10,,0.00
定年 後 の 社会 保険 料,,10,,0.00
平成 25 年 社会 保険 料,,10,,0.00
平成 25 年度 社会 保険 料,,10,,0.00
平成 26 年度 社会 保険 料,,10,,0.00
平成 28 年 社会 保険 料率,,10,,0.00
平成 30 年 社会 保険 料,,10,,0.00
平成 30 年 社会 保険 料率,,10,,0.00
年末 調整 申告 による 社会 保険 料 の 控除 分,,10,,0.00
年末 調整 社会 保険 料 の 書き方,,10,,0.00
年末 調整 社会 保険 料 介護 保険,,10,,0.00
年金 天引き 社会 保険 料,,10,,0.00
建設 業 社会 保険 料 計算,,10,,0.00
弥生 社会 保険 料,,10,,0.00
弥生 給与 社会 保険 料率 変更,,10,,0.00
役員 報酬 社会 保険 料 会社 負担,,10,,0.00
役員 報酬 社会 保険 料 節約,,10,,0.00
従業 員 社会 保険 料,,10,,0.00
従業 員 社会 保険 料 計算,,10,,0.00
所得税 社会 保険 料 等 と は,,10,,0.00
手取り 19 万 社会 保険 料,,10,,0.00
扶養 控除 社会 保険 料,,10,,0.00
扶養 親族 社会 保険 料,,10,,0.00
控除 社会 保険 料 額 住民 税,,10,,0.00
新 社会 保険 料,,10,,0.00
新入 社員 社会 保険 料 計算,,10,,0.00
有給 買取 社会 保険 料,,10,,0.00
未払い 残業 代 一時 金 社会 保険 料,,10,,0.00
未払い 残業 代 社会 保険 料,,10,,0.00
東京 都 社会 保険 料 額 表,,10,,0.00
株 確定 申告 社会 保険 料,,10,,0.00
決算 賞与 社会 保険 料 損金 算入 時期,,10,,0.00
法人 の 社会 保険 料,,10,,0.00
法人 化 社会 保険 料 計算,,10,,0.00
法人 成り 社会 保険 料,,10,,0.00
法人 成り 社会 保険 料 計算 方法,,10,,0.00
法人 社会 保険 料 支払 時期,,10,,0.00
法人 社会 保険 料 滞納,,10,,0.00
法人 税 社会 保険 料,,10,,0.00
源泉 徴収 票 社会 保険 料 内 前 職,,10,,0.00
源泉 徴収 票 見方 社会 保険 料,,10,,0.00
源泉 徴収 税額 社会 保険 料,,10,,0.00
源泉 徴収 簿 社会 保険 料 等 と は,,10,,0.00
源泉 社会 保険 料,,10,,0.00
熊本 県 社会 保険 料,,10,,0.00
熊本 社会 保険 料,,10,,0.00
燃料 手当 社会 保険 料,,10,,0.00
白色 申告 社会 保険 料,,10,,0.00
看護 師 社会 保険 料,,10,,0.00
確定 申告 必要 書類 社会 保険 料,,10,,0.00
確定 申告 扶養 家族 の 社会 保険 料,,10,,0.00
確定 申告 書 作成 コーナー 社会 保険 料,,10,,0.00
確定 申告 社会 保険 料 の 種類,,10,,0.00
確定 申告 社会 保険 料 入力,,10,,0.00
確定 申告 社会 保険 料 添付 書類,,10,,0.00
社会 保険 料 10 月 値上げ,,10,,0.00
社会 保険 料 10 月 変更,,10,,0.00
社会 保険 料 106,,10,,0.00
社会 保険 料 106 万,,10,,0.00
社会 保険 料 2015,,10,,0.00
社会 保険 料 2016 年,,10,,0.00
社会 保険 料 2019,,10,,0.00
社会 保険 料 2020,,10,,0.00
社会 保険 料 27 年,,10,,0.00
社会 保険 料 28,,10,,0.00
社会 保険 料 40 歳 以上,,10,,0.00
社会 保険 料 5 万 円,,10,,0.00
社会 保険 料 excel,,10,,0.00
社会 保険 料 かからない,,10,,0.00
社会 保険 料 から 逆算,,10,,0.00
社会 保険 料 すぐ に 退職,,10,,0.00
社会 保険 料 と は 住民 税,,10,,0.00
社会 保険 料 と は 雇用 保険,,10,,0.00
社会 保険 料 など の 金額,,10,,0.00
社会 保険 料 の 上限,,10,,0.00
社会 保険 料 の 会社 負担 分,,10,,0.00
社会 保険 料 の 変更,,10,,6.51
社会 保険 料 の 算出,,10,,0.00
社会 保険 料 の 節税,,10,,0.00
社会 保険 料 は,,10,,0.00
社会 保険 料 エクセル,,10,,0.00
社会 保険 料 上がる 9 月,,10,,0.00
社会 保険 料 上昇,,10,,0.00
社会 保険 料 事前 確定 届出 給与,,10,,0.00
社会 保険 料 事業 主 負担 率,,10,,0.00
社会 保険 料 交通 費 は,,10,,0.00
社会 保険 料 介護 保険,,10,,0.00
社会 保険 料 介護 保険 料 計算,,10,,0.00
社会 保険 料 仕訳 弥生,,10,,0.00
社会 保険 料 企業 負担 計算,,10,,0.00
社会 保険 料 企業 負担 額,,10,,0.00
社会 保険 料 会社 負担 分 計算 方法,,10,,0.00
社会 保険 料 会社 負担 自動 計算,,10,,0.00
社会 保険 料 全額 負担,,10,,0.00
社会 保険 料 削減 セミナー,,10,,0.00
社会 保険 料 削減 役員 報酬,,10,,0.00
社会 保険 料 削減 賞与,,10,,0.00
社会 保険 料 加入 月,,10,,0.00
社会 保険 料 加入 月 に 退職,,10,,0.00
社会 保険 料 勘定,,10,,0.00
社会 保険 料 厚生 年金 計算,,10,,0.00
社会 保険 料 口座 振替 提出 先,,10,,0.00
社会 保険 料 口座 振替 金融 機関,,10,,0.00
社会 保険 料 国民 健康 保険 料 違い,,10,,0.00
社会 保険 料 圭 さん,,10,,0.00
社会 保険 料 基準 日,,10,,0.00
社会 保険 料 天引き できない,,10,,0.00
社会 保険 料 天引き 額,,10,,0.00
社会 保険 料 子供 扶養,,10,,0.00
社会 保険 料 宮城,,10,,0.00
社会 保険 料 富山,,10,,0.00
社会 保険 料 差額 調整,,10,,0.00
社会 保険 料 平成 25 年,,10,,0.00
社会 保険 料 平成 26 年度,,10,,0.00
社会 保険 料 平成 31 年,,10,,0.00
社会 保険 料 年間 計算,,10,,0.00
社会 保険 料 年齢 上限,,10,,0.00
社会 保険 料 延滞,,10,,0.00
社会 保険 料 延滞 金 法人 税,,10,,0.00
社会 保険 料 延滞 金 消費 税,,10,,0.00
社会 保険 料 引き落とし 内訳,,10,,0.00
社会 保険 料 引き落とし 時期,,10,,0.00
社会 保険 料 引き落とし 月末,,10,,0.00
社会 保険 料 徴収 ミス,,10,,0.00
社会 保険 料 扶養 金額 変わる,,10,,0.00
社会 保険 料 振替 日,,10,,0.00
社会 保険 料 支払 仕訳,,10,,11.39
社会 保険 料 支払 年齢,,10,,0.00
社会 保険 料 日割り 計算,,10,,0.00
社会 保険 料 明細 書,,10,,0.00
社会 保険 料 時間,,10,,0.00
社会 保険 料 月 中 退職,,10,,1.63
社会 保険 料 本人 負担,,10,,0.00
社会 保険 料 査定,,10,,0.00
社会 保険 料 査定 月,,10,,0.00
社会 保険 料 標準,,10,,0.00
社会 保険 料 標準 報酬 月額 改定,,10,,0.00
社会 保険 料 標準 報酬 月額 等級,,10,,0.00
社会 保険 料 標準 報酬 月額 算定 表,,10,,0.00
社会 保険 料 標準 報酬 月額 賞与,,10,,0.00
社会 保険 料 標準 月額 報酬,,10,,0.00
社会 保険 料 求め 方,,10,,0.00
社会 保険 料 決まる 時期,,10,,0.00
社会 保険 料 決算 仕訳,,10,,0.00
社会 保険 料 派遣,,10,,0.00
社会 保険 料 派遣 計算,,10,,0.00
社会 保険 料 滞納 分割,,10,,0.00
社会 保険 料 滞納 融資,,10,,130.14
社会 保険 料 生命 保険 料 違い,,10,,0.00
社会 保険 料 福島,,10,,0.00
社会 保険 料 租税 公課,,10,,0.00
社会 保険 料 立,,10,,0.00
社会 保険 料 立替 時効,,10,,0.00
社会 保険 料 等 の 金額 内 ふるさと 納税,,10,,0.00
社会 保険 料 等 の 金額 社会 保険 料 控除,,10,,0.00
社会 保険 料 等 控除 後 の 金額 と は,,10,,0.00
社会 保険 料 等級 下がる,,10,,0.00
社会 保険 料 等級 変更 時期,,10,,0.00
社会 保険 料 算定 基礎 変更,,10,,0.00
社会 保険 料 算定 時期,,10,,0.00
社会 保険 料 納付 期限 12 月,,10,,0.00
社会 保険 料 納付 額 合わ ない,,10,,0.00
社会 保険 料 納入 証明 書 委任 状,,10,,0.00
社会 保険 料 累計,,10,,0.00
社会 保険 料 締め日,,10,,0.00
社会 保険 料 育児 休業 免除 期間,,10,,0.00
社会 保険 料 表 見方,,10,,0.00
社会 保険 料 訂正,,10,,0.00
社会 保険 料 計算 方法 エクセル,,10,,0.00
社会 保険 料 計算 福岡,,10,,0.00
社会 保険 料 課税,,10,,0.00
社会 保険 料 請求 され た,,10,,0.00
社会 保険 料 負担 額 計算,,10,,0.00
社会 保険 料 資格 喪失 証明 書,,10,,0.00
社会 保険 料 賞与 の 計算,,10,,0.00
社会 保険 料 賞与 給与,,10,,0.00
社会 保険 料 賞与 計算 シート,,10,,0.00
社会 保険 料 賞与 退職,,10,,0.00
社会 保険 料 退社,,10,,0.00
社会 保険 料 退職 日 末日,,10,,0.00
社会 保険 料 退職 月 徴収,,10,,0.00
社会 保険 料 逆算,,10,,0.00
社会 保険 料 通知 書 エクセル,,10,,0.00
社会 保険 料 適正 化 違法,,10,,0.00
社会 保険 料 適用,,10,,0.00
社会 保険 料 適用 条件,,10,,1.63
社会 保険 料 還付 仕訳,,10,,0.00
社会 保険 料 金額 変更,,10,,0.00
社会 保険 料 随時 改定 残業 代,,10,,0.00
社会 保険 料 額 表 平成 26 年,,10,,0.00
社会 保険 料 高額 医療 費,,10,,0.00
社会 保険 料率 一覧,,10,,0.00
社会 保険 料率 会社 負担,,10,,0.00
社会 保険 料率 新潟,,10,,0.00
社会 保険 料率 沖縄 県,,10,,0.00
福利 厚生 費 社会 保険 料,,10,,0.00
経理 社会 保険 料,,10,,0.00
給与 別 社会 保険 料,,10,,0.00
給与 明細 社会 保険 料 内訳,,10,,0.00
給与 計算 社会 保険 料 計算,,10,,183.83
老後 社会 保険 料 税金,,10,,0.00
育休 中 退職 社会 保険 料,,10,,0.00
育休 後 社会 保険 料,,10,,0.00
育休 明け 社会 保険 料 いつから,,10,,0.00
自己 破産 社会 保険 料,,10,,0.00
自己 都合 休職 社会 保険 料,,10,,0.00
賞与 の 社会 保険 料 の 計算 方法,,10,,0.00
賞与 産休 社会 保険 料,,10,,0.00
賞与 社会 保険 料 下限,,10,,0.00
賞与 社会 保険 料 会社 負担 計算,,10,,0.00
賞与 社会 保険 料 年齢 基準 日,,10,,0.00
賞与 社会 保険 料 引 かない,,10,,0.00
賞与 社会 保険 料 計算 の 仕方,,10,,0.00
賞与 社会 保険 料 計算 エクセル,,10,,0.00
賞与 社会 保険 料 計算 式,,10,,0.00
賞与 給与 社会 保険 料,,10,,0.00
賞与 退職 社会 保険 料,,10,,0.00
退職 所得 社会 保険 料,,10,,0.00
退職 月 社会 保険 料 2 か 月 分,,10,,0.00
退職 社会 保険 料 返金,,10,,0.00
退職 者 社会 保険 料,,10,,0.00
通勤 手当 社会 保険 料 削減,,10,,0.00
選択 制 dc 社会 保険 料,,10,,0.00
金 一 封 社会 保険 料,,10,,0.00
離婚 社会 保険 料,,10,,0.00
1 ヶ月 以内 退職 社会 保険 料,,0,,0.00
1000万 社会保険料,,0,,0.00
1000万 社会保険料一人会社,,0,,0.00
103万超えた 社会保険料,,0,,0.00
108000円を3ヶ月連続で超えたら社会保険料払う,,0,,0.00
10万 役員報酬 社会保険料,,0,,0.00
10万円の年金の社会保険料,,0,,0.00
10万円以下の寸志 社会保険料,,0,,0.00
10日締め 25日払い 社会保険料,,0,,0.00
10月入社の社会保険料 厚生年金金額,,0,,0.00
10月過ぎ 社会保険料,,0,,0.00
11万円の社会保険料,,0,,0.00
11月分 社会保険料,,0,,0.00
11月分の社会保険料 引落日,,0,,0.00
12 月末 退職 社会 保険 料 年末 調整,,0,,0.00
12.5 社会保険料 埼玉,,0,,0.00
1200000 社会保険料どれくらい取られる,,0,,0.00
125000円 社会保険料,,0,,0.00
128万円 社会保険料,,0,,0.00
12万円の社会保険料,,0,,0.00
12万円の社会保険料 東京,,0,,0.00
12月 社会保険料 高い,,0,,0.00
12月20日に退職 給与の社会保険料は,,0,,0.00
12月20日に退職 賞与の社会保険料は,,0,,0.00
12月20日に退職社会保険料は,,0,,0.00
12月27日 産休 社会保険料,,0,,0.00
12月からパートで就職 社会保険料はいつから天引きされます,,0,,0.00
12月末退職 社会保険料 年末調整,,0,,0.00
12月退職 賞与 社会保険料,,0,,0.00
130 社会保険料 交通費,,0,,0.00
130万 扶養 2018 社会保険料,,0,,0.00
130万 社会保険料 還付,,0,,0.00
130万 障害者 社会保険料,,0,,0.00
130万の壁 社会保険料 協会けんぽ,,0,,0.00
130超え 社会保険料,,0,,0.00
140万 社会保険料,,0,,0.00
141万の社会保険料はいくら,,0,,0.00
141万の社会保険料はいくら 夫は無職,,0,,0.00
15 872円 社会保険料,,0,,0.00
150000の社会保険料,,0,,0.00
1500万 社会保険料,,0,,0.00
150万の社会保険料の早見表,,0,,0.00
15日締め 25日払い 社会保険料,,0,,0.00
15日退職 16日入社 社会保険料,,0,,0.00
1600円 4週 社会保険料,,0,,0.00
16340 社会保険料,,0,,0.00
168万円 社会保険料 上限,,0,,0.00
16等級の社会保険料の設定給料額,,0,,0.00
18年度 社会保険料,,0,,0.00
18日付け退職してから社会保険料を請求された,,0,,0.00
19万円 社会保険料,,0,,0.00
1ヶ月を超える期間ごとに支払われる賃金 社会保険料,,0,,0.00
1ヶ月働かなかった 社会保険料,,0,,0.00
1ヶ月働かなかった 社会保険料 処理,,0,,0.00
1ヶ月働かなかった場合の社会保険料,,0,,0.00
1人会社 社会保険料,,0,,0.00
1人社長 社会保険料 計算,,0,,0.00
1人親方労災 社会保険料,,0,,0.00
1回目 社会保険料,,0,,0.00
1尽きの社会保険料 厚生年金金額,,0,,0.00
1年目 4月 社会保険料,,0,,0.00
1年間 社会保険料 どれくらい増える,,0,,0.00
1日付退職 社会保険料,,0,,0.00
1日働いても社会保険料は支払うべきか,,0,,0.00
1日入社 社会保険料,,0,,0.00
1日入社月末退職社会保険料,,0,,0.00
1日勤務 社会保険料,,0,,0.00
1月分 社会保険料,,0,,0.00
1等級ダウン 社会保険料,,0,,0.00
1等級以上ダウン 社会保険料,,0,,0.00
20 日付 退職 社会 保険 料,,0,,0.00
200000円 社会保険料,,0,,0.00
2003 ボーナスの社会保険料アップ,,0,,0.00
2013 年 社会 保険 料率,,0,,0.00
2013年12月 社会保険料,,0,,0.00
2016 年 10 月 社会 保険 料,,0,,0.00
2016 年 社会 保険 料率,,0,,0.00
2017 年度 社会 保険 料,,0,,0.00
2017 社会 保険 料,,0,,0.00
2017 社会 保険 料率,,0,,0.00
2017年 社会保険料 年収から,,0,,0.00
2017年 社会保険料 計算方法,,0,,0.00
2017年10月 社会保険料,,0,,0.00
2018 年 3 月 社会 保険 料,,0,,0.00
2018 年 9 月 社会 保険 料,,0,,0.00
2018 確定申告 社会保険料,,0,,0.00
2018.9 社会保険料,,0,,0.00
2018年9月 社会保険料 惠さん,,0,,0.00
2018年9月 社会保険料 月額表,,0,,0.00
2018年9月 社会保険料 計算,,0,,0.00
2019 年 10 月 社会 保険 料,,0,,0.00
2019 社会 保険 料,,0,,0.00
2019 社会保険料率 改定,,0,,0.00
2019 社会保険料率 改定 9月分,,0,,0.00
2019年 社会保険料 上がる,,0,,0.00
2019年 社会保険料 上がるタイミング,,0,,0.00
2019年 社会保険料 無償化,,0,,0.00
2019年 社会保険料 税率,,0,,0.00
2019年10月 社会保険料,,0,,0.00
2019年4月 社会保険料,,0,,0.00
2019年4月 社会保険料引落,,0,,0.00
2019年4月 社会保険料率 変更,,0,,0.00
2019年度 毎月 社会保険料,,0,,0.00
2019年度 毎月 社会保険料 値段,,0,,0.00
2019年度賞与にかかる社会保険料いちらん,,0,,0.00
2019年度賞与の社会保険料,,0,,0.00
2019年社会保険料4月30日,,0,,0.00
2019年社会保険料シュミレーション,,0,,0.00
2020年 30パーセント 社会保険料,,0,,0.00
2020年 増税 社会保険料,,0,,0.00
2020年 社会保険料 上がる 実質増税,,0,,0.00
2025年問題 社会保険料,,0,,0.00
205000円社会保険料,,0,,0.00
20万 社員 社会保険料,,0,,0.00
20万円 社会保険料 明細,,0,,0.00
20代 社会保険料 国保,,0,,0.00
20日締め 20日払い 社会保険料,,0,,0.00
20日締め 社会保険料,,0,,0.00
20日締め 給与 社会保険料,,0,,0.00
20締め当月支払い 社会保険料,,0,,0.00
24万 社会保険料,,0,,0.00
24万 社会保険料 いくら,,0,,0.00
26 年度 賞与 社会 保険 料,,0,,0.00
26万 社会保険料,,0,,0.00
27 年度 社会 保険 料,,0,,0.00
270万 社会保険料,,0,,0.00
27万円の控除で社会保険料がどのくらい違う,,0,,0.00
27歳男性が驚いた自己退職後の 税金と社会保険料,,0,,0.00
28 万 の 社会 保険 料,,0,,0.00
28 年度 社会 保険 料,,0,,0.00
28 社会 保険 料,,0,,0.00
285000円 社会保険料,,0,,0.00
28年 社会保険料等の金額,,0,,0.00
28年度 年末調整 社会保険料の控除分,,0,,0.00
28年度 年末調整社会保険料,,0,,0.00
28年度 社会保険料の控除分,,0,,0.00
29 年 社会 保険 料,,0,,0.00
29 年度 社会 保険 料,,0,,0.00
29 社会 保険 料,,0,,0.00
29355社会保険料,,0,,0.00
29年 社会保険料金額表,,0,,0.00
29日退職 社会保険料,,0,,0.00
2か所 社会保険料 計算,,0,,0.00
2か所の会社から合わせて 150万の給料 社会保険料,,0,,0.00
2か月分 社会保険料,,0,,0.00
2か月分 社会保険料 厚生年金,,0,,0.00
2万円の賞与に社会保険料は引かれる,,0,,0.00
2以上 社会保険料,,0,,0.00
2以上事業所勤務届 社会保険料 計算方法,,0,,0.00
2箇所 社会保険料,,0,,0.00
30 年 4 月 社会 保険 料,,0,,0.00
300000 円 社会 保険 料,,0,,0.00
3000万円控除 買換え特例どちらが得か 社会保険料,,0,,0.00
30年3月 社会保険料,,0,,0.00
30年の確定申告に29年の社会保険料を入れてよいか,,0,,0.00
31 年 社会 保険 料,,0,,0.00
31 年度 社会 保険 料,,0,,0.00
31 年度 社会 保険 料率,,0,,0.00
31 社会保険料,,0,,0.00
31年 社会保険料 協会けんぽ,,0,,0.00
330万円 社会保険料,,0,,0.00
36万社会保険料,,0,,0.00
3ヶ月 社会保険料,,0,,0.00
3ヶ月を超える期間ごとに支払われる賃金 社会保険料,,0,,0.00
3ヶ月を超える期間ごとに支払われる賃金 社会保険料 改正,,0,,0.00
3月から5月 社会保険料,,0,,0.00
3月から社会保険料が変更,,0,,0.00
3月から社会保険料が編宇高,,0,,0.00
3月末退職 給与控除 社会保険料,,0,,0.00
3月末退職のため社会保険料2ヵ月分徴収します,,0,,0.00
3月給与 社会保険料,,0,,0.00
3月賞与 退職者 社会保険料,,0,,0.00
3月退職 社会保険料,,0,,0.00
3週間 退職 社会保険料,,0,,0.00
4 5 6月の残業代で社会保険料が上がる,,0,,0.00
4 5 月給料 社会保険料,,0,,0.00
4 6月 社会保険料 計算,,0,,0.00
4.5.6月 社会保険料,,0,,0.00
4000万円 社会保険料,,0,,0.00
400万 社会保険料,,0,,0.00
400万円 社会保険料,,0,,0.00
401k 企業型 メリット 社会保険料,,0,,0.00
401k 社会保険料 yに黒,,0,,0.00
401k 社会保険料 yユニクロ,,0,,0.00
401k 社会保険料 ユニクロ,,0,,0.00
40万円 社会保険料,,0,,0.00
40歳未満 通勤 社会保険料負担,,0,,0.00
42万円 きゅうりょう 社会保険料,,0,,0.00
432 120 社会保険料,,0,,0.00
456月 所得税 社会保険料,,0,,0.00
456月 社会保険料 等級,,0,,0.00
456月の給与社会保険料,,0,,0.00
45万円 社会保険料,,0,,0.00
4月 6月 残業 社会保険料,,0,,0.00
4月 6月の給与で決まる ものは 社会保険料 健康保険と厚生年金保険料,,0,,0.00
4月 昇給 社会保険料,,0,,0.00
4月 社会保険料 改定,,0,,0.00
4月から6月の給料 社会保険料,,0,,0.00
500万円の給与 社会保険料 会社,,0,,0.00
50万 所得税 社会保険料,,0,,0.00
5万円以下 社会保険料,,0,,0.00
5月 ボーナス 社会保険料,,0,,0.00
5月入社 社会保険料 反映,,0,,0.00
5月給与から昇給 社会保険料,,0,,0.00
6.8万円 社会保険料,,0,,0.00
6.8万円 社会保険料 いくら,,0,,0.00
600万 社会保険料,,0,,0.00
60万 社会保険料,,0,,0.00
60代以降 働き方 社会保険料,,0,,0.00
60歳 社会保険料 パート,,0,,0.00
60歳 社会保険料 パート 特別支給,,0,,0.00
60歳以上で年金をもらいながら社会保険料を支払わず働く方法,,0,,0.00
62歳社会保険料,,0,,0.00
63.5歳 社会保険料,,0,,0.00
65才 社会保険料,,0,,0.00
65才 社会保険料 2分の1 会社負担,,0,,0.00
65才無職 12月からパートで就職 社会保険料何月分の給料から天引き,,0,,0.00
65歳 年金 社会保険料,,0,,0.00
65歳 社会保険料扶養,,0,,0.00
65歳 社会保険料扶養控除,,0,,0.00
65歳から社会保険料を支払わないで掛け持ちでアルバイトする場合,,0,,0.00
65歳以上 役員 報酬 月10万がよい 社会保険料,,0,,0.00
65歳以上 役員 報酬 社会保険料,,0,,0.00
65歳以上 社会保険料不要の条件,,0,,0.00
65歳以上 賞与 社会保険料,,0,,0.00
65歳以上の社長のほか 社会保険料はいくら,,0,,0.00
65歳以上は社会保険料支払い,,0,,0.00
65歳以降の働き方と社会保険料,,0,,0.00
66歳 社会保険料支払い,,0,,0.00
696700円 社会保険料,,0,,0.00
69万円給料 社会保険料,,0,,0.00
6万以下 社会保険料,,0,,0.00
700万 社会保険料,,0,,0.00
700万円 社会保険料,,0,,0.00
70歳 以上 収入 社会保険料,,0,,0.00
70歳以上 仕事 社会保険料,,0,,0.00
70歳以上 現役並み所得 社会保険料,,0,,0.00
70歳以上のパートの社会保険料,,0,,0.00
70歳到達 社会保険料,,0,,0.00
70際 社会保険料,,0,,0.00
73 歳 社会 保険 料,,0,,0.00
75歳以上 払う 社会保険料,,0,,0.00
76万 社会保険料,,0,,0.00
76万 社会保険料 計算式,,0,,0.00
780 収入 税金 社会保険料,,0,,0.00
7月入社 社会保険料,,0,,0.00
80年代 社会保険料,,0,,0.00
88000円 社会保険料 いくら,,0,,0.00
88000円以下 社会保険料,,0,,0.00
8月 社会保険料,,0,,0.00
8月 社会保険料が上がった,,0,,0.00
8月から 社会保険料が上がった,,0,,0.00
95000で社会保険料,,0,,0.00
980万 社会保険料,,0,,0.00
9月 社会保険 料率変更,,0,,0.00
9月 社会保険 料率変更 協会けんぽ 神奈川,,0,,0.00
9月から社会保険料と厚生年金が上がった,,0,,0.00
9月から社会保険料値上がり,,0,,0.00
allintitle 非正規雇用 社会保険料,,0,,0.00
dc 社会保険料,,0,,0.00
d社会保険 料率,,0,,0.00
d社会保険料を合法的に,,0,,0.00
e-tax 社会保険料等の金額,,0,,0.00
esop 社会保険料,,0,,0.00
etax web 社会保険料 国民年金,,0,,0.00
etf 配当金 社会保険料,,0,,0.00
eu 社会保険料,,0,,0.00
excel 社会保険料計算,,0,,0.00
freee 年末調整 社会保険料 反映されない,,0,,0.00
freee 役員報酬 社会保険料,,0,,0.00
freee 社会保険料 勘定科目,,0,,0.00
freee 社会保険料 支払,,0,,0.00
freee 社会保険料 計算,,0,,0.00
freee 社会保険料 貸方,,0,,0.00
freee 社会保険料 配偶者,,0,,0.00
fx 法人化 社会保険料,,0,,0.00
fx 確定申告 社会保険料,,0,,0.00
fx 確定申告 社会保険料書き方,,0,,0.00
fx 社会保険料 計算,,0,,0.00
goudoukaisya 代表社員 社会保険料,,0,,0.00
h26 年度 社会 保険 料率,,0,,0.00
h26 社会 保険 料,,0,,0.00
h28 年 社会 保険 料,,0,,0.00
h28 社会 保険 料,,0,,0.00
h28年12月 社会保険料,,0,,0.00
h29 社会 保険 料,,0,,0.00
h30 年度 社会 保険 料,,0,,0.00
h30 社会 保険 料,,0,,0.00
h30 社会保険料 国民年金,,0,,0.00
h30 賞与 社会保険 料率,,0,,0.00
h30年 社会保険料計算,,0,,0.00
h31 年 社会 保険 料,,0,,0.00
h31 年度 社会 保険 料,,0,,0.00
https www yahoo co jp社会保険料,,0,,0.00
ideco 年末調整 社会保険料,,0,,0.00
ideco 所得控除 社会保険料,,0,,0.00
ideco 社会保険料 確定申告,,0,,0.00
ideco 社会保険料等の金額,,0,,0.00
ideco 社会保険料等の金額 記載なし,,0,,0.00
it起業 社会保険料,,0,,0.00
kanagawaken 社会保険料率,,0,,0.00
llc 国保 節約 社会保険料計算,,0,,0.00
llc 社会保険料計算,,0,,0.00
mf クラウド 社会保険料 入力,,0,,0.00
mf クラウド 社会保険料 入力 仕方,,0,,0.00
mfクラウド 社会保険料,,0,,0.00
mfクラウド 社会保険料 入力,,0,,0.00
mfクラウド確定申告 倒産防止共済 社会保険料,,0,,0.00
mfクラウド確定申告 社会保険料,,0,,0.00
mfクラウド確定申告 社会保険料 計算,,0,,0.00
mfクラウド確定申告 経営セーフティ共済 社会保険料,,0,,0.00
mjs 給与 印刷 社会保険料変更,,0,,0.00
nhk 社会保険料,,0,,0.00
npo 社会保険料 埼玉,,0,,0.00
obc 給与奉行 社会保険料,,0,,0.00
obc 給与奉行 社会保険料変更,,0,,0.00
obc 給与奉行 社会保険料変更 手動,,0,,0.00
paymenst slip 社会保険料,,0,,0.00
r1 社会 保険 料,,0,,0.00
r1.9月から社会保険料率かわる,,0,,0.00
rsu 社会保険料,,0,,0.00
sap 社会保険料 遡及,,0,,0.00
sbiネット銀行 社会保険料,,0,,0.00
site https kobesannomiyasr.wordpress.com 2019 03 01 社会保険料コストを下げる現実的な方法,,0,,0.00
smile 社会保険料 個別設定,,0,,0.00
smilebs 社会保険料 個別設定,,0,,0.00
subaru 社会保険料,,0,,0.00
suica 社会保険料 削減,,0,,0.00
syakaih社会保険料,,0,,0.00
tjk 社会保険料算定期間 21日 決まり,,0,,0.00
vat 経済成長 社会保険料,,0,,0.00
vat社会保険料,,0,,0.00
what is 社会保険料計,,0,,0.00
what is 社会保険料計 in english,,0,,0.00
いかに社会保険料を安くするか,,0,,0.00
いつから 変更 社会保険料,,0,,0.00
いつから 変更 社会保険料 新潟県,,0,,0.00
いでこ 社会保険料,,0,,0.00
うつ 休職 社会 保険 料,,0,,0.00
かけもちで106万越えると 社会保険料,,0,,0.00
かんぽ 満期 社会保険料,,0,,0.00
きわめて悪質 社会保険料,,0,,0.00
けんぽ 社会保険料,,0,,0.00
けんぽ協会 社会保険料 負担率 平成30年,,0,,0.00
さいたま市 平成31年 社会保険料,,0,,0.00
さいたま市 社会保険料 最低料金,,0,,0.00
し社会保険料,,0,,0.00
すまい給付金 社会保険料等の金額とは sumai-kyufu.jp sp appli shikkari description 08.html,,0,,0.00
その中で出向先に出向社員の出向料の請求をする際に 給与や社会保険料だけを請求するのでしょうか 給与や社会保険料 α 例えば 手数料として で請求しても い,,0,,0.00
その他 社会 保険 料,,0,,0.00
その他の社会保険料,,0,,0.00
その他の社会保険料 介護保険,,0,,0.00
その日の社会保 険料,,0,,0.00
その日の社会保険料,,0,,0.00
その日の社会保険料等控除後の給与等の金額,,0,,0.00
その日の社会保険料等控除後の給与等の金額とは,,0,,0.00
その月の社 会保険料等 控除後の給 与等の金額 の3.063 に 相当する金 額,,0,,0.00
その月の社会保 険料等控除後の 給与等の金額 zyuuminnzei,,0,,0.00
その月の社会保 険料等控除後の 給与等の金額 住民税,,0,,0.00
その月の社会保 険料等控除後の 給与等の金額 折半,,0,,0.00
その月の社会保 険料等控除後の 給与等の金額 雇用保険,,0,,0.00
その月の社会保 険料等控除後の金額,,0,,0.00
その月の社会保 険料等控除後金額,,0,,0.00
その月の社会保険料等 を天引きした後の給与,,0,,0.00
その月の社会保険料等控除後の給与等の金額,,0,,0.00
その月の社会保険料等控除後の給与等の金額 住民税,,0,,0.00
その月の社会保険料等控除後の給与等の金額 折半,,0,,0.00
その月の社会保険料等控除後の給与等の金額の3.063 に相当する金額,,0,,0.00
つわり 休職 社会保険料,,0,,0.00
なぜ 賞与 社会保険料,,0,,0.00
なぜ徳井は社会保険料を払っていない,,0,,0.00
なぜ特異は社会保険料を払っていない,,0,,0.00
なぜ特異は社会保険料を払っていないのに,,0,,0.00
なぜ産休中の社会保険料が免除でなかったか,,0,,0.00
はんいくきゅう ざいたく 社会保険料,,0,,0.00
ひとり 社会保険料と国民健康保険料,,0,,0.00
ひとり世帯 社会保険料と国民健康保険料,,0,,0.00
ふるさと納税 4月5月残業 多い 社会保険料,,0,,0.00
ふるさと納税 上限 社会保険料 折版,,0,,0.00
ふるさと納税 控除金額 社会保険料,,0,,0.00
ふるさと納税 控除額 影響 4月5月残業 多い 社会保険料,,0,,0.00
ふるさと納税 控除額 社会保険料,,0,,0.00
ふるさと納税 社会保険料 影響,,0,,0.00
ふるさと納税 社会保険料 生命保険,,0,,0.00
ふるさと納税 社会保険料 生命保険料,,0,,0.00
ふるさと納税 社会保険料等に小規模企業共済は含まれるか,,0,,0.00
ふるさと納税 社会保険料等の金額 確定拠出年金,,0,,0.00
ふるさと納税 退職した年 社会保険料,,0,,0.00
ふるさと納税 限度額 計算 社会保険料 関係,,0,,0.00
へいせい30年度 社会保険料率表,,0,,0.00
みずほ銀行 社会保険料口座振替 別支店,,0,,0.00
みなし 給与 養老 保険 社会 保険 料,,0,,0.00
みなし残業代 社会保険料,,0,,0.00
みなし給与 社会保険料 シミュレーション,,0,,0.00
みなし給与 社会保険料 生命保険,,0,,0.00
みんなの青色申告 個人事業主 社会保険料,,0,,0.00
みんなの青色申告 社会保険料,,0,,0.00
もらった金額よりも 社会保険料等の金額が多い,,0,,0.00
やよいの青色申告オンライン 社会保険料,,0,,0.00
やよい給与計算 社会保険料,,0,,0.00
ゆうちょダイレクトbiz 社会保険料,,0,,0.00
ゆうちょ銀行 社会保険料 引き落とし,,0,,0.00
アデコ 社会保険料,,0,,0.00
アデコ 社会保険料高い,,0,,0.00
アパート経営 社会保険料,,0,,0.00
アパート経営者 社会保険料,,0,,0.00
アムズ 社会保険料詐欺 パチンコ ブラック,,0,,0.00
アメリカ 社会保険料,,0,,0.00
アメリカ 社会保険料 会社負担,,0,,0.00
アルバイト 年収110万 税金 社会保険料,,0,,0.00
アルバイト 所得税 社会保険料,,0,,0.00
アルバイト 社会保険料 12万,,0,,0.00
アルバイト 社会保険料 一定,,0,,0.00
アルバイト 社会保険料 会社負担,,0,,0.00
アルバイト 社会保険料 加入,,0,,0.00
アルバイト 社会保険料 加入時期,,0,,0.00
アルバイト 社会保険料 変化する,,0,,0.00
アルバイト 社会保険料 学生,,0,,0.00
アルバイト 社会保険料 標準報酬月額,,0,,0.00
アルバイト 社会保険料 金額,,0,,0.00
アルバイト 給与明細 社会保険料,,0,,0.00
アルバイト 計算機 社会保険料,,0,,0.00
アルバイトで社会保険料がかからない給与所得,,0,,0.00
アルバイトの社会保険料に対して会社負担分はいくら,,0,,0.00
イオン保険組合 社会保険料 改定,,0,,0.00
イデコ 社会保険料 扶養,,0,,0.00
イデコ 社会保険料の優遇,,0,,0.00
イデコ 銀行引き落とし 社会保険料計算,,0,,0.00
イトーヨーカドー 社会保険料,,0,,0.00
イトーヨーカドー 社会保険料 計算,,0,,0.00
イトーヨーカドー 社会保険料率 計算,,0,,0.00
インセンティブ 報酬 社会 保険 料,,0,,0.00
インセンティブ 毎月 社会保険料,,0,,0.00
インセンティブ制度 社会保険料,,0,,0.00
インセンティブ給与 社会保険料,,0,,0.00
インターン 社会保険料,,0,,0.00
カシオ 社会保険料 計算,,0,,0.00
キャピタルゲイン 社会保険料,,0,,0.00
キャリアロード 社会保険料,,0,,0.00
クレカ 社会保険料,,0,,0.00
グッド ウィン 社会 保険 料,,0,,0.00
サラリーマン fx 社会保険料,,0,,0.00
サラリーマン 不動産収入 社会保険料,,0,,0.00
サラリーマン 副業 確定申告 社会保険料,,0,,0.00
サラリーマン 所得 社会保険料 比率,,0,,0.00
サラリーマン 社会保険料 1000万,,0,,0.00
サラリーマン 社会保険料等の金額,,0,,0.00
サラリーマン 税金 社会保険料,,0,,0.00
サラリーマン 節税 社会保険料,,0,,0.00
サラリーマンの臨時収入 80万円 税金 社会保険料 厚生年金保険料 計算,,0,,0.00
シミュレーション 社会保険料,,0,,0.00
シングル マザー 社会 保険 料 パート,,0,,0.00
ジャパン ネット 銀行 社会 保険 料,,0,,0.00
ジャパンネット銀行 社会保険料,,0,,0.00
スウェーデン 社会保険料 twitter,,0,,0.00
スタッフサービス 社会保険料 折半,,0,,0.00
ストックオプション 買戻し 社会保険料,,0,,0.00
セミリタイア 社会保険料,,0,,0.00
タイの社会保険料はいくら,,0,,0.00
タクシー 会社 社会 保険 料 逃れ,,0,,0.00
ダブルワーク 社会保険料 確定申告,,0,,0.00
ダブルワーク 社会保険料 算出,,0,,0.00
ダブルワーク 社会保険料等の金額 確定申告,,0,,0.00
ニュージーランド 社会保険料,,0,,0.00
ニュージーランド 社会保険料 acc,,0,,0.00
ニート 社会保険料,,0,,0.00
ニートと社会保険料,,0,,0.00
ネット銀行 社会保険料,,0,,0.00
バイト 予備校講師 社会保険料,,0,,0.00
バイト 年収200万円 社会保険料,,0,,0.00
バイト 年末調整 社会保険料,,0,,0.00
バイト 社会保険料 金額,,0,,0.00
バイト 社会保険料最新,,0,,0.00
バイト代 社会保険料,,0,,0.00
バイト代 社会保険料 どれくらい,,0,,0.00
パナソニックエクセルスタッフ 社会保険料,,0,,0.00
パート 103万 社会保険料,,0,,0.00
パート 103万 社会保険料引かれてる,,0,,0.00
パート 108万 社会保険料いくら,,0,,0.00
パート 6.8万円 社会保険料 手取り,,0,,0.00
パート 8.8万円 社会保険料,,0,,0.00
パート ダブルワーク 社会保険料,,0,,0.00
パート 不動産収入 社会保険料,,0,,0.00
パート 休みが多くて社会保険料,,0,,0.00
パート 休職 社会保険料,,0,,0.00
パート 所得税 源泉徴収 戻ってくる 社会保険料等 社会保険料等,,0,,0.00
パート 扶養外れる 社会保険料,,0,,0.00
パート 掛け持ち 社会保険料,,0,,0.00
パート 社会 保険 料 106 万,,0,,0.00
パート 社会 保険 料 計算 2018,,0,,0.00
パート 社会 保険 料 計算 2019,,0,,0.00
パート 社会保険加入していないのに 社会保険料,,0,,0.00
パート 社会保険料 10月,,0,,0.00
パート 社会保険料 2018,,0,,0.00
パート 社会保険料 65歳以上,,0,,0.00
パート 社会保険料 いつから,,0,,0.00
パート 社会保険料 どれ位 2019,,0,,0.00
パート 社会保険料 ねらい,,0,,0.00
パート 社会保険料 シュミレーション 配偶者,,0,,0.00
パート 社会保険料 企業側,,0,,0.00
パート 社会保険料 会社任せはダメ,,0,,0.00
パート 社会保険料 住民税 所得税 計算表,,0,,0.00
パート 社会保険料 家族の扶養,,0,,0.00
パート 社会保険料 未払い,,0,,0.00
パート 社会保険料 自分で,,0,,0.00
パート 社会保険料 表,,0,,0.00
パート 社会保険料 計算 2019,,0,,0.00
パートから正社員 社会保険料,,0,,0.00
パートに切り替え 社会保険料 戻ってくる,,0,,0.00
パートに切り替え 社会保険料 手続き遅れた,,0,,0.00
パートに社会保険料かかる,,0,,0.00
パートの社会保険料の会社負担分はいくら,,0,,0.00
パートタイマー 社会保険料 札幌,,0,,0.00
パートタイマー 社会保険料 計算,,0,,0.00
パートタイム 社会保険料とは,,0,,0.00
パート主婦 個人年金受給 60歳 社会保険料,,0,,0.00
パート主婦 個人年金受給 社会保険料,,0,,0.00
パート主婦の社会保険料 60歳以上,,0,,0.00
パート主婦の社会保険料 60歳以上 個人年金収入,,0,,0.00
パート兼個人事業主 社会保険料,,0,,0.00
パート勤務 社会保険料 会社折半されない場合,,0,,0.00
パート収入 税金 社会保険料,,0,,0.00
パート掛け持ち 社会保険料,,0,,0.00
ヒューマン ネット コンサルティング 社会 保険 料,,0,,0.00
ファイルダウンロード 新規ウインドウで開きます 社会保険料納入証明申請書,,0,,0.00
ファミリーマート 社会保険料,,0,,0.00
フランス 社会保険 料率 12.95,,0,,0.00
フランス 社会保険料 2018,,0,,0.00
フリーウェイ給与 社会保険料,,0,,0.00
フリーランス 月収が安定しない 社会保険料,,0,,0.00
フリーランス 社会保険料 計算,,0,,0.00
フリーランス 社会保険料 過年度分,,0,,0.00
フリーランス 税金 社会保険料 シミュレーション,,0,,0.00
フリーランス 青色申告 源泉徴収 社会保険料等の金額,,0,,0.00
フリーランス 青色申告 源泉徴収票 社会保険料等の金額,,0,,0.00
フリーランスに雇用保険はないし 社会保険料は全額自腹,,0,,0.00
プライベートカンパニー 社会保険料 妻を社長,,0,,0.00
ベトナム 社会保険料 計算,,0,,0.00
ボーナス 100万 社会保険料,,0,,0.00
ボーナス 産休 社会保険料,,0,,0.00
ボーナス 社会保険料 2003年,,0,,0.00
ボーナス 社会保険料 いつから,,0,,0.00
ボーナス 社会保険料 シミュレーション,,0,,0.00
ボーナス 社会保険料 シミュレーション 2019,,0,,0.00
ボーナス 社会保険料 シュミレーション,,0,,0.00
ボーナス 社会保険料 引かれない,,0,,0.00
ボーナス 社会保険料 所得税 計算,,0,,0.00
ボーナス 社会保険料 手続き,,0,,0.00
ボーナス 社会保険料 申告,,0,,0.00
ボーナス 社会保険料 高い,,0,,0.00
ボーナス 給与 社会保険料,,0,,0.00
ボーナス4回 社会保険料,,0,,0.00
ボーナスからは社会保険料,,0,,0.00
ボーナス税金社会保険料,,0,,0.00
マイ ナンバー 副業 社会 保険 料,,0,,0.00
マイクロ法人 社会保険料,,0,,0.00
マイナンバー 複数の収入 社会保険料,,0,,0.00
マッチング拠出 年末調整 社会保険料,,0,,0.00
マネーフォワード 社会保険料 4月,,0,,0.00
マネーフォワード 社会保険料 仕訳,,0,,0.00
マネープラン 検討 項目 健康保険 社会保険料,,0,,0.00
メンタル休職 社会保険料,,0,,0.00
ラリーマン 退職後の社会保険料,,0,,0.00
ワンコインドーム 社会保険料,,0,,0.00
ワーホリ 社会保険料,,0,,0.00
ワーホリ 節約 社会保険料,,0,,0.00
ヶ所で仕事をしているとき社会保険料,,0,,0.00
一人会社 社会保険料,,0,,0.00
一人会社社会保険料 支払い方法,,0,,0.00
一人社長 法人税 所得税 社会保険料,,0,,0.00
一人社長 社会保険料 どうやって,,0,,0.00
一人社長 社会保険料 払い方,,0,,0.00
一人社長 臨時役員賞与 社会保険料,,0,,0.00
一人社長の社会保険料 金額の決め方,,0,,0.00
一時金社会保険料率,,0,,0.00
一月あたりの社会保険料,,0,,0.00
一月だけ給料が上がった場合 三ヶ月後に社会保険料が上がるけど翌月から下がる,,0,,0.00
一月に雇用した従業員の社会保険料引き落とし日,,0,,0.00
上がる社会保険料,,0,,0.00
上場企業 社会保険料 内訳,,0,,0.00
上海 社会 保険 料,,0,,0.00
不動産の売却 社会保険料,,0,,0.00
不動産収入 社会保険料 増えない,,0,,0.00
不動産投資 確定申告後 社会保険料,,0,,0.00
世帯主の収入でかわる 社会保険料計算,,0,,0.00
中国 賞与 社会保険料,,0,,0.00
中小企業 役員報酬 社会保険料,,0,,0.00
中小企業 社会保険料 会社負担率,,0,,0.00
中小企業 社会保険料 加入しない,,0,,0.00
中小企業 社会保険料 軽減,,0,,0.00
中小企業 社会保険料 軽減 自治体,,0,,0.00
中途 社会保険料,,0,,0.00
中途入社 社会保険料 金額,,0,,0.00
中途採用 パート 社会保険料額,,0,,0.00
中途採用 パートの社会保険料算出,,0,,0.00
中途採用の場合の社会保険料,,0,,0.00
中途退職の社会保険料,,0,,0.00
丸1ヶ月働かなかった 社会保険料,,0,,0.00
丸1ヶ月働かなかった 社会保険料 仕訳,,0,,0.00
丸1ヶ月働かなかった 社会保険料 処理,,0,,0.00
丸森町 社会保険料,,0,,0.00
主婦 fx 社会保険料,,0,,0.00
主婦 家賃収入140万円 社会保険料,,0,,0.00
主婦 税金 社会保険料 シュミレーション,,0,,0.00
主婦 自営業 儲かりすぎ 社会保険料,,0,,0.00
主婦 自営業 社会保険料 年金,,0,,0.00
主婦が副業 社会保険料はどうなるか,,0,,0.00
乙欄のパートの社会保険料,,0,,0.00
乙蘭 社会保険料,,0,,0.00
事前 確定 届出 給与 社会 保険 料 問題 点,,0,,0.00
事前確定届出給与 社会保険料 節約 リスク,,0,,0.00
事前確定届出給与 社会保険料 節約 否認,,0,,0.00
事前確定届出給与 賞与 社会保険料,,0,,0.00
事前確定届出給与につき定期同額給与による支給としない理由 社会保険適正化 社会保険料の負担軽減,,0,,0.00
事前確定賞与 社会保険料,,0,,0.00
事業 主 社会 保険 料 支払い,,0,,0.00
事業主 社会保険料 納付方法,,0,,0.00
事業主 社会保険料 高い,,0,,0.00
事業主が負担した社会保険料,,0,,0.00
事業主の方々へ送付される社会保険料 厚生年金保険料 船員保険料 健康保険料 子ども手当に係る拠出金等 の納入告知書,,0,,0.00
事業主の社会保険料 法定福利費 負担 経済産業省,,0,,0.00
事業廃業 社会保険料,,0,,0.00
事業廃業 社会保険料徴収,,0,,0.00
事業廃業 社会保険料徴収しない,,0,,0.00
事業廃業月 社会保険料徴収,,0,,0.00
事業所の社会保険料徴収,,0,,0.00
事業所の社会保険料支払,,0,,0.00
二か所バイト 社会保険料,,0,,0.00
二つの事業所から報酬を受ける社の社会保険料取扱い,,0,,0.00
二つの事業所から報酬を受ける者の社会保険料の取扱い,,0,,0.00
二つ以上の会社から給与が支払われている場合 社会保険料,,0,,0.00
二つ目の職場 社会保険料,,0,,0.00
二ヶ月目 社会保険料,,0,,0.00
二ヶ月目 社会保険料 新卒,,0,,0.00
二ヶ月目 社会保険料位,,0,,0.00
二事業 社会保険料 いつから,,0,,0.00
二事業所 社会保険料,,0,,0.00
二事業所 社会保険料 抜く,,0,,0.00
二事業所 社会保険料 計算,,0,,0.00
二事業所 社会保険料 賞与,,0,,0.00
二箇所給与 社会保険料 手続き,,0,,0.00
二箇所給与 社会保険料 手続き 役員,,0,,0.00
二重給与所得者 社会保険料合算,,0,,0.00
交通費 社会保険料 なぜ,,0,,0.00
交通費 社会保険料 パート,,0,,0.00
交通費 社会保険料 含む,,0,,0.00
交通費 社会保険料 対象,,0,,0.00
交通費 社会保険料 影響,,0,,0.00
交通費 社会保険料 計算,,0,,0.00
交通費 社会保険料扶養内,,0,,0.00
交通費 非課税 社会保険料,,0,,0.00
京都 社会保険料 厚生年金,,0,,0.00
京都市 社会保険料 計算,,0,,0.00
京都市 社会保険料率,,0,,0.00
京都府 地方公務員 社会保険料,,0,,0.00
京都社会保険料 納付先,,0,,0.00
人件費 会社社会保険料負担,,0,,0.00
人件費 社会保険料 パーセンテージ,,0,,0.00
人件費 社会保険料 会社負担,,0,,0.00
人件費 社会保険料 増加,,0,,0.00
人件費 社会保険料 増加 ベア,,0,,0.00
人件費 補助金 社会保険料,,0,,0.00
人件費 製造原価 社会保険料,,0,,0.00
人件費率社会保険料,,0,,0.00
人材派遣 社会保険料,,0,,0.00
今までの社会保険料,,0,,0.00
今までの社会保険料 いくらか,,0,,0.00
介護 時短 社会 保険 料,,0,,0.00
介護 社会保険料,,0,,0.00
介護事業費用 社会保険料,,0,,0.00
介護休業 社会保険料 立替,,0,,0.00
介護休業 社会保険料 計算,,0,,0.00
介護休業給付金 社会保険料,,0,,0.00
介護保険料 社会保険料に含まれる,,0,,0.00
介護保険料も社会保険料,,0,,0.00
介護業界 社会保険料,,0,,0.00
介護業界 社会保険料負担,,0,,0.00
介護職員処遇改善加算 賃金 社会保険料 計算,,0,,0.00
仕事 掛け持ち 社会保険料,,0,,0.00
仕事中 交通事故 社会保険料,,0,,0.00
仕分け 役員報酬 社会保険料 普通口座,,0,,0.00
仕訳 社会保険料 切捨て,,0,,0.00
仕訳 社会保険料 延滞金,,0,,0.00
仕訳 社会保険料 支払,,0,,0.00
仕訳 社会保険料 支払い,,0,,0.00
仕訳 社会保険料を会社が立て替え,,0,,0.00
仕送りをしている息子 扶養から外れる 社会保険料y更女,,0,,0.00
付加価値割 社会保険料,,0,,0.00
仙台 社会 保険 料,,0,,0.00
代償 分割 社会 保険 料,,0,,0.00
代表社員 10万円 社会保険料,,0,,0.00
令 和 元 年 9 月 社会 保険 料,,0,,0.00
令和 社会保険料 上がるタイミング,,0,,0.00
令和1年 社会保険料 変更,,0,,0.00
令和1年度 社会保険料率表,,0,,0.00
令和2年度 社会保険料,,0,,0.00
令和元年9月 社会保険料,,0,,0.00
令和元年度 社会保険料率,,0,,0.00
令和元年社会保険料 国民年金保険料 控除証明書 再発行,,0,,0.00
仮想通貨 社会保険料,,0,,0.00
任意の控除 所得税 社会保険料,,0,,0.00
企業 社会保険料 計算,,0,,0.00
企業 社会保険料支払い時期,,0,,0.00
企業が払う社会保険料,,0,,0.00
企業が納める社会保険料,,0,,0.00
企業の社会保険料 行政 窓口,,0,,0.00
企業年金基金 社会保険料,,0,,0.00
企業負担 社会保険料 130万円,,0,,0.00
企業負担 社会保険料 シュミレーション,,0,,0.00
伊良部勝太 社会保険料,,0,,0.00
休業 社会保険料 会社負担,,0,,0.00
休業中 社会保険料 会社負担,,0,,0.00
休業中 社会保険料 厚生年金,,0,,0.00
休業中の社会保険料 立替勘定科目,,0,,0.00
休業後の社会保険料 健康保険 厚生年金保険 の特例,,0,,0.00
休業従業員 社会保険料,,0,,0.00
休業損害 計算 社会保険料,,0,,0.00
休業損害 計算方法 社会保険料,,0,,0.00
休業損害証明書 社会保険料 所得税,,0,,0.00
休業損害証明書 社会保険料及び所得税以外の天引き,,0,,0.00
休業期間 社会保険料,,0,,0.00
休業期間 社会保険料 育児休暇,,0,,0.00
休業期間中 社会保険料,,0,,0.00
休眠する事で税金や社会保険料の支払い,,0,,0.00
休眠中 役員報酬 0 社会保険料,,0,,0.00
休眠会社 社会保険料,,0,,0.00
休職 中 の 社会 保険 料 等級,,0,,0.00
休職 中 社会 保険 料 立替,,0,,0.00
休職 傷病手当 社会保険料,,0,,0.00
休職 復職 社会保険料,,0,,0.00
休職 復職 社会保険料 等級,,0,,0.00
休職 復職 社会保険料 算定,,0,,0.00
休職 復職 社会保険料 随時改定,,0,,0.00
休職 復職後 社会保険料,,0,,0.00
休職 復職後 社会保険料 算定,,0,,0.00
休職 復職後 社会保険料 随時改定,,0,,0.00
休職 無収入 社会保険料,,0,,0.00
休職 無収入 社会保険料 確定申告,,0,,0.00
休職 社会 保険 料 分割,,0,,0.00
休職 社会保険料 就業規則,,0,,0.00
休職 社会保険料 差し引く,,0,,0.00
休職 社会保険料 年末調整,,0,,0.00
休職 社会保険料 支払 文例,,0,,0.00
休職 社会保険料 支払 文案,,0,,0.00
休職 社会保険料 文例,,0,,0.00
休職 社会保険料 源泉徴収票,,0,,0.00
休職 社会保険料 確定申告,,0,,0.00
休職 社会保険料 立替 仕訳,,0,,0.00
休職 社会保険料 立替 賃金控除,,0,,0.00
休職 社会保険料 自己負担,,0,,0.00
休職 社会保険料 請求,,0,,0.00
休職 社会保険料 請求書,,0,,0.00
休職 社会保険料 請求書 エクセル ワード,,0,,0.00
休職 社会保険料 退職,,0,,0.00
休職 社会保険料 金額,,0,,0.00
休職 者 社会 保険 料 仕訳,,0,,0.00
休職 退職 社会保険料,,0,,0.00
休職中 社会保険料 仕訳,,0,,0.00
休職中 社会保険料 会社立替え分 払う,,0,,0.00
休職中 社会保険料 会社負担分,,0,,0.00
休職中 社会保険料 会社負担分 払う,,0,,0.00
休職中 社会保険料 会社負担分 賃金,,0,,0.00
休職中 社会保険料 会社負担分は賃金か,,0,,0.00
休職中 社会保険料 値上がり,,0,,0.00
休職中 社会保険料 傷病手当金,,0,,0.00
休職中 社会保険料 全額会社負担,,0,,0.00
休職中 社会保険料 増額,,0,,0.00
休職中 社会保険料 本人負担分入金仕訳,,0,,0.00
休職中 社会保険料 確定申告,,0,,0.00
休職中 社会保険料 立替,,0,,0.00
休職中 社会保険料 算定,,0,,0.00
休職中 社会保険料 自己負担分 上がった,,0,,0.00
休職中 社会保険料納付時 本人負担分入金仕訳,,0,,0.00
休職中 社員 社会保険料 会社負担した,,0,,0.00
休職中の社会保険料 就業規則,,0,,0.00
休職中の社会保険料 年末調整,,0,,0.00
休職中の社会保険料 還付はある,,0,,0.00
休職時 社会保険料,,0,,0.00
休職時の社会保険料について,,0,,0.00
休職期間中 社会保険料,,0,,0.00
休職社員 社会保険料,,0,,0.00
休職者 社会保険料 会社負担,,0,,0.00
休職者 社会保険料 徴収,,0,,0.00
休職者 社会保険料 徴収 請求書,,0,,0.00
休職者 社会保険料未納,,0,,0.00
会社 中旬 辞めると 社会保険料,,0,,0.00
会社 休職 社会保険料 傷病手当,,0,,0.00
会社 休職 退社社会保険料,,0,,0.00
会社 休職 退社社会保険料 弁護士,,0,,0.00
会社 倒産 社会 保険 料 未納,,0,,0.00
会社 倒産 社長 税金 社会保険料 給与,,0,,0.00
会社 家族 社会保険料,,0,,0.00
会社 本人 社会保険料,,0,,0.00
会社 破産 社会保険料,,0,,0.00
会社 破産しても社会保険料の納付書が送られてくる,,0,,0.00
会社 社会 保険 料 の 支払い,,0,,0.00
会社 社会保険料 口座振替,,0,,0.00
会社 社会保険料 払わない,,0,,0.00
会社 社会保険料 法人口座,,0,,0.00
会社 社会保険料 法人講座,,0,,0.00
会社 社会保険料 納付 コンビニ,,0,,0.00
会社 社会保険料 納付 遅れる,,0,,0.00
会社 社会保険料 費用,,0,,0.00
会社 社会保険料 費用計上,,0,,0.00
会社 社会保険料不足額 待ってもらう,,0,,0.00
会社 社会保険料平均算出方法,,0,,0.00
会社 社会保険料決め方,,0,,0.00
会社 退職 社会保険料 2か月,,0,,0.00
会社 退職 社会保険料 請求,,0,,0.00
会社から社会保険料払わなければ離職票を渡さないと言われた,,0,,0.00
会社が破産した場合 未払いの社会保険料 代表者本人分はどうなる,,0,,0.00
会社が破産した場合 未払いの社会保険料はどうなる,,0,,0.00
会社が社会保険料を滞納 社員への影響,,0,,0.00
会社が負担する 社会保険料 仕訳,,0,,0.00
会社によって違う社会保険料,,0,,0.00
会社に途中月から入社した場合の社会保険料,,0,,0.00
会社のミス 社会保険料 拒否,,0,,0.00
会社も本人も定年直前の高い社会保険料,,0,,0.00
会社を1ヶ月休んだら社会保険料はどうなるのか,,0,,0.00
会社を退職した後の社会保険料はいつ取られるのか,,0,,0.00
会社員 不動産所得 確定申告 社会保険料,,0,,0.00
会社員 交通事故 社会保険料 請求,,0,,0.00
会社員 社会保険料 減らす,,0,,0.00
会社員 社会保険料率,,0,,0.00
会社員 社会保険料等の金額 年収,,0,,0.00
会社員 譲渡所得 社会保険料,,0,,0.00
会社員がひかれる社会保険料の総額,,0,,0.00
会社員社会保険料等の金額 計算,,0,,0.00
会社役員 出産 社会保険料,,0,,0.00
会社役員報酬増額 社会保険料,,0,,0.00
会社役員報酬増額 社会保険料変更,,0,,0.00
会社解散 滞納税金 社会保険料,,0,,0.00
会社解散 社会保険料,,0,,0.00
会社解散 社会保険料滞納,,0,,0.00
会社設立 社会保険料 厚生年金 60歳以上,,0,,0.00
会社設立 社会保険料 国民年金基金,,0,,0.00
会社設立 社会保険料 国民年金基金 切り替え,,0,,0.00
会社設立 社会保険料 報酬月額,,0,,0.00
会社設立 社会保険料 報酬月額 等級,,0,,0.00
会社設立 社会保険料 料率,,0,,0.00
会社設立 社会保険料 申請,,0,,0.00
会社設立 社会保険料 申請 60日,,0,,0.00
会社設立 社会保険料 違い,,0,,0.00
会社負担 社会保険料 割合,,0,,0.00
会社負担 社会保険料 支払額 軽減,,0,,0.00
会社負担の社会保険料労働保険料の割合,,0,,0.00
会計 検査 院 社会保険料 不正,,0,,0.00
会計 社会保険料,,0,,0.00
会計 社会保険料 いつ計上,,0,,0.00
会計フリー 人事労務 給与 社会保険料,,0,,0.00
会計処理 社会保険料,,0,,0.00
会計処理 社会保険料 プール,,0,,0.00
会計年度任用職員 社会保険料,,0,,0.00
低所得者 社会保険料,,0,,0.00
住信sbiネット銀行 法人 社会保険料,,0,,0.00
住信sbiネット銀行 社会保険料,,0,,0.00
住宅ローン 扶養控除 社会保険料,,0,,0.00
住宅ローン 確定申告 社会保険料,,0,,0.00
住宅手当 メリット デメリット 社会保険料,,0,,0.00
住宅手当を支給する場合の注意点 社会保険料,,0,,0.00
住民税 基礎控除 社会保険料,,0,,0.00
住民税 控除限度額 社会保険料,,0,,0.00
住民税 異動届 控除社会保険料額,,0,,0.00
住民税 異動届 控除社会保険料額 雇用保険,,0,,0.00
住民税 確定申告 社会保険料,,0,,0.00
住民税 社会保険料 計算,,0,,0.00
住民税 退職 支払済社会保険料,,0,,0.00
住民税 退職時までの控除社会保険料,,0,,0.00
住民税 非課税 社会保険料,,0,,0.00
住民税と社会保険料,,0,,0.00
住民税は社会保険料 租税公課,,0,,0.00
住民税所得割 社会保険料,,0,,0.00
保険 代理 店 社会 保険 料,,0,,0.00
保険と社会保険料率 沖縄,,0,,0.00
保険代理店 社会保険料,,0,,0.00
保険料 令和元年度 社会保険料,,0,,0.00
保険料 現物給与 社会保険料,,0,,0.00
保険料控除 書き方 見本社会保険料,,0,,0.00
保険料控除 社会保険料 どこ,,0,,0.00
保険料控除 社会保険料 どこから,,0,,0.00
保険料控除 社会保険料 見込み額,,0,,0.00
保険料控除 社会保険料とは,,0,,0.00
保険料控除申告書 28年 社会保険料,,0,,0.00
保険料控除申告書 妻の社会保険料,,0,,0.00
保険料控除申告書 社会保険料 1ヶ月,,0,,0.00
保険料控除申告書 社会保険料 1ヶ月 転職,,0,,0.00
保険料控除申告書 社会保険料 払わなかった 転職期間,,0,,0.00
保険料控除申告書 社会保険料 見込み,,0,,0.00
保険料控除申告書 社会保険料 転職 1ヶ月以内,,0,,0.00
保険料控除申告書 社会保険料 配偶者 保険料,,0,,0.00
保険料控除申告書 社会保険料とは,,0,,0.00
保険料控除申告書書き方 社会保険料 国民年金,,0,,0.00
保険料控除申請書 社会保険料,,0,,0.00
保険料控除証明書 社会保険料,,0,,0.00
保険組合 社会保険料,,0,,0.00
保険給付金 福利厚生 社会保険料,,0,,0.00
信用金庫 社会保険料,,0,,0.00
信用金庫 社会保険料 振替,,0,,0.00
個人 事業 主 法人 併用 社会 保険 料,,0,,0.00
個人 事業 主 社会 保険 料 節約,,0,,0.00
個人 社会保険料 仕分け,,0,,0.00
個人 社会保険料 計算,,0,,0.00
個人事務所 社会保険料の納付,,0,,0.00
個人事業 法人 社会保険料 一部,,0,,0.00
個人事業 社会保険料 仕訳,,0,,0.00
個人事業 社会保険料 勘定,,0,,0.00
個人事業主 任意社会保険料 経費,,0,,0.00
個人事業主 年収 350万円 社会保険料,,0,,0.00
個人事業主 法人化 社会保険料,,0,,0.00
個人事業主 確定申告 任意継続 社会保険料の領収書,,0,,0.00
個人事業主 確定申告 社会保険料の領収書,,0,,0.00
個人事業主 社会保険料 仕訳,,0,,0.00
個人事業主 社会保険料 医療費,,0,,0.00
個人事業主 社会保険料 医療費 対象,,0,,0.00
個人事業主 社会保険料 収入所得,,0,,0.00
個人事業主 社会保険料 家族分,,0,,0.00
個人事業主 社会保険料 従業員,,0,,0.00
個人事業主 社会保険料 相場,,0,,0.00
個人事業主 社会保険料 科目,,0,,0.00
個人事業主 社会保険料 節約,,0,,0.00
個人事業主 社会保険料 簿記,,0,,0.00
個人事業主 社会保険料 育休,,0,,0.00
個人事業主 社会保険料 軽減,,0,,0.00
個人事業主 社会保険料 預かり,,0,,0.00
個人事業主 社会保険料加入,,0,,0.00
個人事業主 社会保険料未納,,0,,0.00
個人事業主 配偶者の社会保険料,,0,,0.00
個人事業主がプライベートな口座や資金から社会保険料を支払った時,,0,,0.00
個人事業法人 社会保険料,,0,,0.00
個人事業税 控除 社会保険料,,0,,0.00
個人会社 役員報酬 ゼロ 社会保険料,,0,,0.00
個人営業 社会保険料 支払額 計算,,0,,0.00
個人年金 収入金額 社会保険料,,0,,0.00
個人年金 確定申告 収入金額 社会保険料,,0,,0.00
個人年金 確定申告 社会保険料,,0,,0.00
個人年金 税金 社会保険料,,0,,0.00
個人年金の年1回支給 社会保険料は支給月だけか,,0,,0.00
個人年金受給 60歳以上 社会保険料,,0,,0.00
倒産 後 社会 保険 料,,0,,0.00
倒産 社会保険料 滞納,,0,,0.00
借り方 社会保険料,,0,,0.00
健保 社会保険料,,0,,0.00
健康保険 社会保険料 税額,,0,,0.00
健康保険 社会保険料額表,,0,,0.00
健康保険 重複 納付 社会保険料,,0,,0.00
健康保険料 社会保険料 両方,,0,,0.00
健康保険料 社会保険料 派遣社員,,0,,0.00
健康保険料 社会保険料 違い 勘定科目,,0,,0.00
健康保険税 社会保険料,,0,,0.00
健康保険納付済み 社会保険料,,0,,0.00
健康保険組合社会保険料,,0,,0.00
傷病 休業 社会保険料,,0,,0.00
傷病 手当 年末 調整 社会 保険 料,,0,,0.00
傷病休職 社会保険料,,0,,0.00
傷病手当 会社負担分 社会保険料,,0,,0.00
傷病手当 添付書類 社会保険料,,0,,0.00
傷病手当 社会保険料 休業 退職金,,0,,0.00
傷病手当 社会保険料 会社負担,,0,,0.00
傷病手当 社会保険料 会社負担分,,0,,0.00
傷病手当 社会保険料 本人,,0,,0.00
傷病手当 社会保険料 金額,,0,,0.00
傷病手当受給中 社会保険料本人負担分入金仕訳,,0,,0.00
傷病手当受給期間 社会保険料,,0,,0.00
傷病手当受給期間 社会保険料 退職,,0,,0.00
傷病手当金 協会けんぽ 社会保険料,,0,,0.00
傷病手当金 源泉徴収票 社会保険料,,0,,0.00
傷病手当金 社会保険料 事前,,0,,0.00
傷病手当金 社会保険料 休職,,0,,0.00
傷病手当金 社会保険料 会社負担,,0,,0.00
傷病手当金 社会保険料 収める,,0,,0.00
傷病手当金 社会保険料 天引き,,0,,0.00
傷病手当金 社会保険料 年末調整,,0,,0.00
傷病手当金 社会保険料 支払い義務,,0,,0.00
傷病手当金 社会保険料 源泉徴収票,,0,,0.00
傷病手当金 社会保険料 相殺,,0,,0.00
傷病手当金 社会保険料 相殺 同意書,,0,,0.00
傷病手当金 社会保険料 退職,,0,,0.00
傷病手当金 社会保険料 退職後,,0,,0.00
傷病手当金 社会保険料会社負担分は給与支給になる,,0,,0.00
傷病手当金をもらっている間の社会保険料,,0,,0.00
傷病手当金中の社会保険料計算,,0,,0.00
働いても 社会保険料,,0,,0.00
先月の給与から社会保険料を控除した金額,,0,,0.00
先月の給与から社会保険料を控除した金額 とは,,0,,0.00
児童手当 所得制限 社会保険料,,0,,0.00
児童手当 補助 社会保険料,,0,,0.00
入社 社会保険料,,0,,0.00
入社 社会保険料 届け出,,0,,0.00
入社後社会保険料金額,,0,,0.00
入社時の社会保険料の算定,,0,,0.00
入社時の社会保険料の算定期間,,0,,0.00
入籍 社会保険料,,0,,0.00
入院 高度医療 社会保険料,,0,,0.00
入院中 社会保険料,,0,,0.00
入院中の社会保険料,,0,,0.00
全国 社会 保険 料 適正 化 ネットワーク,,0,,0.00
全期高齢者 社会保険料,,0,,0.00
全額会社負担 生命保険料 社会保険料 対象,,0,,0.00
公務員 ふるさと納税 社会保険料,,0,,0.00
公務員 再雇用 社会保険料,,0,,0.00
公務員 産休 社会保険料,,0,,0.00
公務員 社会保険料 休職,,0,,0.00
公務員 社会保険料 再雇用,,0,,0.00
公務員 社会保険料 高い,,0,,0.00
公務員 育休 社会保険料,,0,,0.00
公的医療保険制度 社会保険料,,0,,0.00
公的年金 社会保険料 計算,,0,,0.00
公的年金 社会保険料の金額,,0,,0.00
公的年金の社会保険料とは,,0,,0.00
公的年金等の源泉徴収票 社会保険料,,0,,0.00
公的年金等の源泉徴収票で社会保険料に源泉徴収税額は該当するか,,0,,0.00
公的年金等の源泉徴収票に記載の社会保険料とは,,0,,0.00
公的年金等の源泉徴収票社会保険料の金額,,0,,0.00
公租公課 社会保険料,,0,,0.00
六月決算 六月賞与の社会保険料の会社負担分は未払いで処理できるか,,0,,0.00
共済 社会保険料 証明書,,0,,0.00
共済組合 社会保険料 証明書,,0,,0.00
兼務役員 社会保険料,,0,,0.00
兼業 個人事業主 社会保険料,,0,,0.00
兼業 社会保険料,,0,,0.00
内 国民年金保険料等の金額 社会保険料,,0,,0.00
内入 社会保険料,,0,,0.00
内容 証明 社会 保険 料,,0,,0.00
再任用 社会保険料,,0,,0.00
処遇 改善 交付 金 社会 保険 料,,0,,0.00
処遇 改善 加算 保育 士 社会 保険 料,,0,,0.00
処遇改善加算 社会保険料 計算方法,,0,,0.00
出勤なし 社会保険料,,0,,0.00
出勤日数少ない 社会保険料,,0,,0.00
出向 契約 書 社会 保険 料,,0,,0.00
出向 社員 社会保険料,,0,,0.00
出向社員 社会保険料,,0,,0.00
出張日当 社会保険料 報酬,,0,,0.00
出張費 建て替え 社会保険料,,0,,0.00
出来高払い 社会保険料,,0,,0.00
出産 が 早まっ た 場合 社会 保険 料,,0,,0.00
出産が早まった場合 社会保険料,,0,,0.00
出産休業 社会保険料,,0,,0.00
分配金 申告分離課税 社会保険料,,0,,0.00
初任給 社会保険料 引かれた,,0,,0.00
初任給から二ヶ月分の社会保険料,,0,,0.00
初回 社会保険料 徴収しない,,0,,0.00
初回給与 社会保険料,,0,,0.00
初月 社会保険料 徴収しない,,0,,0.00
別の会社から役員報酬 社会保険料,,0,,0.00
別表4 加算 減算 決算賞与むの社会保険料否認,,0,,0.00
利府 社会保険料,,0,,0.00
前会社 源泉徴収票 年末調整 社会保険料,,0,,0.00
前払い退職金 社会保険料,,0,,0.00
前月から引き続いて被保険者 社会保険料 退職,,0,,0.00
前月の社会保険料等控除後の給与等の金額,,0,,0.00
前月の社会保険料等控除後の給与額,,0,,0.00
前月の給与から社会保険料を差し引いた金額,,0,,0.00
前月より社会保険料が5000円高いのはなぜ,,0,,0.00
前納した社会保険料 年末調整,,0,,0.00
前職 社会保険料,,0,,0.00
副業 バイト 社会保険料,,0,,0.00
副業 パート 社会保険料,,0,,0.00
副業 投資収入 社会保険料,,0,,0.00
副業 業務委託 社会保険料,,0,,0.00
副業 法人設立 社会保険料,,0,,0.00
副業 社会保険料 あがる,,0,,0.00
副業 社会保険料 かからない,,0,,0.00
副業収入 社会保険料,,0,,0.00
創業時の社会保険料,,0,,0.00
創業記念品 社会保険料 計算,,0,,0.00
加盟店の社会保険料の未払いや違法在留外国人の雇用問題は全て本部と関係ありません 加盟店の問題です,,0,,0.00
助成金 社会保険料を払っていない,,0,,0.00
労働 社会保険料算定の対象,,0,,0.00
労働 者 派遣 計画 社会 保険 料,,0,,0.00
労働保険 賃金総額見込額 社会保険料,,0,,0.00
労働保険料率 社会保険料率,,0,,0.00
労働保険料率 社会保険料率 鹿児島市,,0,,0.00
労働分配率 社会保険料,,0,,0.00
労働者が介護休業期間について負担すべき社会保険料を事業主に支払う方法に関する事,,0,,0.00
労働者が介護休業期間中について負担すべき社会保険料を事業主に支払う方法に関すること,,0,,0.00
労働者性 社会保険料 請求,,0,,0.00
労働者性 社会保険料 請求 証拠の出し方,,0,,0.00
労働能力長期喪失 社会保険料,,0,,0.00
労災 休職中 社会保険料,,0,,0.00
労災 支給金額 社会保険料,,0,,0.00
労災 辞めてもらう 社会保険料,,0,,0.00
労災 辞めてもらう 社会保険料 障害,,0,,0.00
労災 退職したほうが 社会保険料,,0,,0.00
労災時の社会保険料,,0,,0.00
労災認定 社会保険料 休職中,,0,,0.00
勘定科目 個人の社会保険料,,0,,0.00
勤め先収入から 税金や社会保険料を差し引いた金額,,0,,0.00
勤労学生 社会保険料,,0,,0.00
勤労学生の社会保険料,,0,,0.00
勤労学生控除 社会保険料,,0,,0.00
勤務中の社会保険料 還付,,0,,0.00
勤務医 社会保険料の,,0,,0.00
勤務日数が足りないので社会保険料は下がらない,,0,,0.00
勤務日数の足りない従業員の社会保険料,,0,,0.00
北九州市 社会保険料,,0,,0.00
区役所 江戸川区 社会保険料,,0,,0.00
医学書院 社会保険料,,0,,0.00
医師 社会保険料,,0,,0.00
医師 社会保険料 損得,,0,,0.00
医療法人社団 の社会保険料,,0,,0.00
医療費控除 社会保険料 退職,,0,,0.00
医療費控除 配偶者 社会保険料,,0,,0.00
医療費控除 配偶者控除 社会保険料,,0,,0.00
医療費確定申告後 社会保険料変わる,,0,,0.00
医者 社会保険料,,0,,0.00
千代田区 社会保険料 分納 困難,,0,,0.00
千代田区 社会保険料 納入証明書,,0,,0.00
協会 けんぽ の 社会 保険 料,,0,,0.00
協会けんぽ 30年度社会保険料,,0,,0.00
協会けんぽ 31年2月社会保険料,,0,,0.00
協会けんぽ 埼玉 社会保険料,,0,,0.00
協会けんぽ 大分 社会保険料,,0,,0.00
協会けんぽ 富山 社会保険料掛金率表,,0,,0.00
協会けんぽ 社会保険料 埼玉,,0,,0.00
協会けんぽ 社会保険料 推移,,0,,0.00
協会けんぽ 福島 社会保険料,,0,,0.00
協会健保東京 社会保険料,,0,,0.00
単身者 社会保険料,,0,,0.00
単身赴任 帰省 社会保険料,,0,,0.00
厚木市 年金生活者 社会保険料,,0,,0.00
厚木市 社会保険料,,0,,0.00
厚生労働省 社会保険料 口座振替,,0,,0.00
厚生年金 社会保険料 10月に上がる,,0,,0.00
厚生年金 社会保険料 上がった,,0,,0.00
厚生年金 社会保険料 任意加入事業所,,0,,0.00
厚生年金 社会保険料 合わせて,,0,,0.00
厚生年金 社会保険料 名称,,0,,0.00
厚生年金 社会保険料 引き落とし 郵便局,,0,,0.00
厚生年金 社会保険料 扶養控除,,0,,0.00
厚生年金 社会保険料 支払い忘れ,,0,,0.00
厚生年金 社会保険料 派遣,,0,,0.00
厚生年金 社会保険料 違い,,0,,0.00
厚生年金 青色申告 社会保険料 申告,,0,,0.00
厚生年金とは 社会保険料,,0,,0.00
厚生年金と社会保険料 なぜ一緒に引き落とし,,0,,0.00
厚生年金と社会保険料違い,,0,,0.00
厚生年金なし 社会保険料 計算,,0,,0.00
厚生年金なら会社と折半の社会保険料,,0,,0.00
厚生年金保険料 社会保険料 別,,0,,0.00
厚生年金保険料 社会保険料 折半,,0,,0.00
厚生年金保険料 社会保険料 違い,,0,,0.00
厚生年金社会保険料を払わなくてよい年収,,0,,0.00
厳選領収 社会保険料,,0,,0.00
双子 社会保険料 産休,,0,,0.00
双子 社会保険料 産休 公務員,,0,,0.00
収入 基礎控除 健康保険料 社会保険料 所得税,,0,,0.00
収入 基礎控除 社会保険料 所得税,,0,,0.00
収入 所得税 社会保険料,,0,,0.00
収入 社会保険料 所得税,,0,,0.00
収入 社会保険料 確認,,0,,0.00
収入 社会保険料 確認 過去にさかのぼって,,0,,0.00
収入 社会保険料 等級,,0,,0.00
収入 社会保険料 過去にさかのぼって 確認,,0,,0.00
収入 社会保険料率,,0,,0.00
収入10万 社会保険料,,0,,0.00
収入18万円 社会保険料,,0,,0.00
収入96000円 社会保険料いくら,,0,,0.00
収入96000円 社会保険料いくらから,,0,,0.00
収入がない月 社会保険料,,0,,0.00
収入とは 社会保険料引いた,,0,,0.00
収入別 社会保険料 一覧,,0,,0.00
収入控除 社会保険料,,0,,0.00
収入申告しない社会保険料の時効,,0,,0.00
取締役 随時改定 社会保険料,,0,,0.00
受給の額増によって 住民税非課税世帯でなくなり 住民税や社会保険料を払うようにもなりかねない 繰り下げ受給は慎重に検討して 国民が主体的に選択すべきことです,,0,,0.00
口座振替 引き落としされていない 社会保険料,,0,,0.00
口座振替 社会保険料,,0,,0.00
可処分所得 社会保険料 推移,,0,,0.00
各社会保険料の納入金と開始年齢,,0,,0.00
各社会保険料の納入金と開始年齢一覧,,0,,0.00
合同会社 国民健康保険料 社会保険料 比較,,0,,0.00
合同会社 国民健康保険料 社会保険料 比較 妻が世帯主,,0,,0.00
合同会社 役員 社会保険料,,0,,0.00
合同会社 税逃れ 社会保険料,,0,,0.00
吉田貢 税理士 社会保険料,,0,,0.00
同じ収入 副業 社会保険料,,0,,0.00
同じ収入 社会保険料算出,,0,,0.00
同一月 社会保険料 年金,,0,,0.00
同月入退社 社会保険料,,0,,0.00
名古屋 社会保険料,,0,,0.00
名古屋市 社会保険料 年末調整,,0,,0.00
和解 金 社会 保険 料,,0,,0.00
和解案 社会保険料 負担,,0,,0.00
喪失 月 賞与 社会 保険 料,,0,,0.00
喪失月 社会保険料,,0,,0.00
四月分 社会保険料,,0,,0.00
四月分 社会保険料 損金,,0,,0.00
団塊世代 死亡 社会保険料,,0,,0.00
固定残業代 社会保険料,,0,,0.00
固定残業手当 社会保険料,,0,,0.00
固定費 社会保険料,,0,,0.00
国が税や社会保険料を徴収できるのは 公的年金を含む社会保障の充実により市民の生存権を十全に担保する義務があるからだ 自己責任論が罷り通るなら国家機構は必要ない,,0,,0.00
国保 保険料 控除 社会保険料,,0,,0.00
国保 社会保険料,,0,,0.00
国債 社会保険料,,0,,0.00
国債は 政府に税金や社会保険料といったお金を集める力があることを根拠に,,0,,0.00
国土交通省社会保険料 負担率,,0,,0.00
国土交通省社会保険料 負担率 一覧,,0,,0.00
国土交通省社会保険料 負担率 一覧 組合員負担,,0,,0.00
国外源泉所得 社会保険料,,0,,0.00
国家一般職 社会保険料,,0,,0.00
国家公務員共済組合 社会保険料 証明書,,0,,0.00
国民 健康 保険 保険 料 社会 保険 料,,0,,0.00
国民 年金 など 社会 保険 料 の 控除 証明 書,,0,,0.00
国民健康保険 社会保険料乗除,,0,,0.00
国民健康保険 育児休業中の社会保険料,,0,,0.00
国民健康保険などの社会保険料を証明する書類,,0,,0.00
国民健康保険保険料と社会保険料,,0,,0.00
国民健康保険料 社会保険料 家族,,0,,0.00
国民健康保険料 社会保険料 違い,,0,,0.00
国民健康保険料 社会保険料 重複,,0,,0.00
国民健康保険料は社会保険料引いた金額,,0,,0.00
国民年金 70歳受給 社会保険料,,0,,0.00
国民年金 一年間 社会保険料,,0,,0.00
国民年金 免除 社会保険料,,0,,0.00
国民年金 前納 社会保険料,,0,,0.00
国民年金 社会保険料 違い,,0,,0.00
国民年金など社会保険料の控除証明書 申し込み 仕方,,0,,0.00
国民年金は社会保険料,,0,,0.00
国民年金保険 社会保険料 同居,,0,,0.00
国民年金保険料 国民年金基金の掛金以外の社会保険料,,0,,0.00
国民年金保険料 社会保険料 違い,,0,,0.00
国民年金保険料と社会保険料の違い,,0,,0.00
国民年金保険料等の金額 社会保険料等の金額,,0,,0.00
国民年金保険用等の金額 社会保険料等の金額,,0,,0.00
国民年金免除の理由 社会保険料の高額しはらいのために,,0,,0.00
国民年金等の社会保険料,,0,,0.00
国民負担率 社会保険料,,0,,0.00
国税と地方税と社会保険料の合算,,0,,0.00
国税局 確定申告 社会保険料 配偶者の介護保険料,,0,,0.00
国立大学 社会保険料,,0,,0.00
国立大学 社会保険料 半額,,0,,0.00
国立大学 社会保険料 半額負担,,0,,0.00
国立大学 社会保険料 折半,,0,,0.00
国際連合 社会保険料,,0,,0.00
在外公館勤務 社会保険料,,0,,0.00
在宅15万 社会保険料,,0,,0.00
在所証明書 地方税 国税 社会保険料 公共料金の領収書 特別徴収税額通知書 給与所得の特,,0,,0.00
在職 産前産後休暇 社会保険料納付,,0,,0.00
地方公務員 社会保険料 株式譲渡,,0,,0.00
地方税 国税 社会保険料,,0,,0.00
地方税 国税 社会保険料 推移,,0,,0.00
城繁幸 社会保険料,,0,,0.00
城繁幸 社会保険料 税,,0,,0.00
基本給 各種手当 残業代 税金 年金 社会保険料 手取金額,,0,,0.00
基本給 各種手当て 残業代 税金 年金 社会保険料 手取金額,,0,,0.00
基本給 手当 社会保険料,,0,,0.00
基本給 減額 社会保険料,,0,,0.00
基本給16万 社会保険料,,0,,0.00
基本給と社会保険料,,0,,0.00
埼玉県戸田市 年収120万円 年金10万円 64歳の社会保険料,,0,,0.00
堀江貴文 社会保険料,,0,,0.00
報酬 社会保険料 会社負担 100,,0,,0.00
報酬 社会保険料 個人負担と会社負担,,0,,0.00
報酬 社会保険料 計算,,0,,0.00
報酬 社会保険料 調整,,0,,0.00
報酬 社会保険料率,,0,,0.00
報酬月額 30万円 社会保険料,,0,,0.00
報酬月額30万円の社会保険料,,0,,0.00
堺市 社会保険料,,0,,0.00
堺市 社会保険料 給与,,0,,0.00
増税 に 伴う 社会 保険 料,,0,,0.00
売上 社会保険料,,0,,0.00
売上 社会保険料何倍,,0,,0.00
売上経費 社会保険料,,0,,0.00
夏季賞与 社会保険料計算,,0,,0.00
外交員報酬 社会保険料に含まない方法,,0,,0.00
外務員報酬 社会保険料,,0,,0.00
外国 社会保険料 二重払い,,0,,0.00
外国に住む会社役員の社会保険料,,0,,0.00
外国の社会保険料,,0,,0.00
外国人労働者の社会保険料,,0,,0.00
大企業 社会保険料,,0,,0.00
大企業 社会保険料 事実上,,0,,0.00
大企業 社会保険料 事業主負担 税金,,0,,0.00
大企業 社会保険料 組合,,0,,0.00
大入り袋 現金 社会保険料,,0,,0.00
大入袋 社会 保険 料金 額,,0,,0.00
大分協会けんぽ 社会保険料,,0,,0.00
大学生 下宿 社会保険料,,0,,0.00
大学職員 社会保険料,,0,,0.00
大間 マグロ 3億 漁師 社会保険料,,0,,0.00
大阪市 死亡 社会保険料,,0,,0.00
大阪市 社会保険料 死亡,,0,,0.00
大阪市 社会保険料 表,,0,,0.00
大阪市 社会保険料 計算,,0,,0.00
大阪府 社会保険料率 基礎算定,,0,,0.00
大阪産業大学 社会保険料,,0,,0.00
大阪産業大学 社会保険料 他大学,,0,,0.00
天引き 社会保険料 年末調整 書かない,,0,,0.00
天引きされる社会保険料 仕組み,,0,,0.00
天引きされる社会保険料とは,,0,,0.00
夫 育休中 社会保険料,,0,,0.00
夫が扶養に入っている場合 社会保険料,,0,,0.00
夫が被扶養者 社会保険料は,,0,,0.00
夫の扶養 社会保険料 3号,,0,,0.00
夫の扶養 社会保険料 どっち,,0,,0.00
夫の扶養 社会保険料 還付はあるか,,0,,0.00
夫会社扶養手当なし 社会保険料を自分で払う場合メリットデメリット,,0,,0.00
夫年金受給 妻の社会保険料,,0,,0.00
夫年金受給者 妻社会保険料収めている場合 芙蓉配偶者控除は,,0,,0.00
失業 社会保険料 返ってくる,,0,,0.00
契約 社員 社会 保険 料 全額 負担,,0,,0.00
契約社員 社会保険料 負担,,0,,0.00
契約社員 社会保険料 負担率,,0,,0.00
契約社員と社会保険料,,0,,0.00
奥さんが扶養から外れると旦那 社会保険料はどうなる,,0,,0.00
奥さんが扶養から外れると社会保険料はどうなる,,0,,0.00
妊娠中 傷病手当 社会保険料,,0,,0.00
妻 扶養 社会保険料,,0,,0.00
妻 社会保険料 いくら,,0,,0.00
妻が社会保険の扶養から外れた 夫の社会保険料は,,0,,0.00
妻が負担した社会保険料 年末調整,,0,,0.00
妻の社会保険料 年末調整,,0,,0.00
妻も取締役 社会保険料,,0,,0.00
姫路 社会 保険 料,,0,,0.00
娘の社会保険料,,0,,0.00
子ども 子育て拠出金 社会保険料,,0,,0.00
子ども子育て拠出金 社会保険料,,0,,0.00
子ども子育て拠出金は社会保険料,,0,,0.00
子ども子育て支援 いつから 社会保険料,,0,,0.00
子供が扶養から外れる 社会保険料の負担,,0,,0.00
子供が扶養から外れる 親の社会保険料,,0,,0.00
子供の社会保険料の控除の申告,,0,,0.00
子供の社会保険料の控除の申告の書き方,,0,,0.00
子供保険 社会保険料,,0,,0.00
学校法人の社会保険料,,0,,0.00
学校法人の社会保険料率は違うか,,0,,0.00
安倍政権 社会保険料 水位,,0,,0.00
定年 社会保険料 計算,,0,,0.00
定年後 社会保険料 計算,,0,,0.00
定年生活者の社会保険料,,0,,0.00
定年退職 社会保険料 いつまで,,0,,0.00
定時改定 社会保険料削減,,0,,0.00
定期代 社会保険料,,0,,0.00
宝くじ 社会保険料,,0,,0.00
実効税率 サラリーマン 社会保険料込み,,0,,0.00
実務家 専門家のための横断解説 社会保険料手続申請マニュアル アマゾン,,0,,0.00
実務家 専門家のための横断解説 社会保険料手続申請マニュアル 手続申請のツボがすぐわかる 困ったときの便利帳,,0,,0.00
実務情報シリーズ 税金 社会保険料 間違い,,0,,0.00
実質賃金 社会保険料,,0,,0.00
家事手伝い社会保険料,,0,,0.00
家庭教師のトライ バイト 社会保険料,,0,,0.00
家庭教師のトライ 社会保険料,,0,,0.00
家族 社会保険料 健康保険 国民年金,,0,,0.00
家族の社会保険料の控除証明書,,0,,0.00
家族手当 社会保険料,,0,,0.00
家計調査 非消費支出 税金と社会保険料の内訳,,0,,0.00
寒冷地手当 賞与 社会保険料,,0,,0.00
寡婦控除 社会保険料,,0,,0.00
専業トレーダー fx 確定申告 社会保険料書き方,,0,,0.00
専業トレーダー 会社起こす 社会保険料,,0,,0.00
専業トレーダー 確定申告 書き方 社会保険料,,0,,0.00
専業トレーダー 確定申告 社会保険料,,0,,0.00
専業トレーダー 確定申告の仕方 社会保険料の書き方,,0,,0.00
将来 社会保険料,,0,,0.00
将来 社会保険料 厚労省,,0,,0.00
小泉 社会保険料,,0,,0.00
小泉政権 社会保険料,,0,,0.00
小規模企業共済 社会保険料,,0,,0.00
小規模企業共済 社会保険料算定,,0,,0.00
小規模企業共済等掛金 社会保険料,,0,,0.00
小規模企業共済等掛金 社会保険料等の控除,,0,,0.00
小規模共済 社会保険料,,0,,0.00
就労不能保険 社会保険料,,0,,0.00
山梨県平成31年度社会保険料率,,0,,0.00
岐阜 介護保険込み 社会保険料 57000円,,0,,0.00
岐阜県社会保険料 等級,,0,,0.00
岡部さん社会保険料,,0,,0.00
岩手県の社会保険料,,0,,0.00
川崎 横浜 社会保険料,,0,,0.00
川越 社会保険料計算,,0,,0.00
川越商工会議所 賞与 社会保険料,,0,,0.00
川越市 社会保険料,,0,,0.00
川越社会保険料事務所,,0,,0.00
工事代金 社会保険料 求め方,,0,,0.00
工事代金に 社会保険料を どのように積算するか,,0,,0.00
市原市 社会保険料,,0,,0.00
市川市 市県民税申告書 社会保険料,,0,,0.00
市民税は社会保険料,,0,,0.00
市県民税 報告書 社会保険料,,0,,0.00
市県民税 非課税 社会保険料,,0,,0.00
帯同 休職 社会 保険 料,,0,,0.00
帯同 休職 社会保険料,,0,,0.00
帰国 社会 保険 料,,0,,0.00
常勤 社会保険料 2018,,0,,0.00
常勤3日以上 社会保険料,,0,,0.00
常勤役員 社会保険料を払わない,,0,,0.00
常識 社会保険料,,0,,0.00
平均賃金 社会保険料,,0,,0.00
平成 26 年 社会 保険 料 一覧,,0,,0.00
平成 26 年 社会 保険 料 計算,,0,,0.00
平成 27 年 社会 保険 料 計算,,0,,0.00
平成 27 年 社会 保険 料率,,0,,0.00
平成 27 年度 社会 保険 料,,0,,0.00
平成 27 年度 社会 保険 料率,,0,,0.00
平成 27 年度 社会 保険 料率 表,,0,,0.00
平成 28 年度 社会 保険 料 計算,,0,,0.00
平成 29 年 10 月 社会 保険 料,,0,,0.00
平成 29 年 3 月 社会 保険 料,,0,,0.00
平成 29 年 4 月 社会 保険 料,,0,,0.00
平成 29 年 4 月 社会 保険 料率,,0,,0.00
平成 29 年 9 月 社会 保険 料,,0,,0.00
平成 29 年 9 月 社会 保険 料率,,0,,0.00
平成 29 年 社会 保険 料率,,0,,0.00
平成 29 年 賞与 社会 保険 料,,0,,0.00
平成 29 年度 社会 保険 料,,0,,0.00
平成 29 年度 社会 保険 料率,,0,,0.00
平成 30 年 4 月 社会 保険 料,,0,,0.00
平成 30 年 9 月 社会 保険 料,,0,,0.00
平成 30 年 社会 保険 料 変更,,0,,0.00
平成 30 年 社会 保険 料 計算,,0,,0.00
平成 30 年 社会 保険 料率 表,,0,,0.00
平成 30 年度 社会 保険 料,,0,,0.00
平成 30 年度 社会 保険 料率,,0,,0.00
平成 31 年度 社会 保険 料,,0,,0.00
平成 31 年度 社会 保険 料率,,0,,0.00
平成29 社会保険料,,0,,0.00
平成29年 給与 社会保険料,,0,,0.00
平成29年10月31日に送付した 社会保険料 国民年金保険料 控除証明書 について,,0,,0.00
平成29年の社会保険料 国民年金保険料 控除証明書の発行について,,0,,0.00
平成29年中に一括払い社会保険料 確定申告,,0,,0.00
平成29年給与 社会保険料,,0,,0.00
平成30 社会保険料,,0,,0.00
平成30年 社会保険料 変更,,0,,0.00
平成30年1月からの配偶者控除等の改正 社会保険料,,0,,0.00
平成30年4月 社会保険料変更,,0,,0.00
平成30年と29年の社会保険料の違い,,0,,0.00
平成30年の社会保険料 国民年金保険料 控除証明書,,0,,0.00
平成30年の社会保険料 国民年金保険料 控除証明書 深刻,,0,,0.00
平成30年の社会保険料 国民年金保険料 控除証明書 申告,,0,,0.00
平成30年の社会保険料 国民年金保険料 控除証明書 進行,,0,,0.00
平成30年の社会保険料 国民年金保険料 控除証明書の発行について,,0,,0.00
平成30年度 社会保険料 茨城県,,0,,0.00
平成30年度 社会保険料改定,,0,,0.00
平成30年度 試算 社会保険料,,0,,0.00
平成30年社会保険料 上がる,,0,,0.00
平成30年社会保険料 上がる 実質増税,,0,,0.00
平成30年社会保険料料控除証明書,,0,,0.00
平成31年 社会保険料 改正,,0,,0.00
平成31年 社会保険料 計算,,0,,0.00
平成31年 社会保険料等控除後の給与等の金額,,0,,0.00
平成31年度 厚生年金料 社会保険料,,0,,0.00
平成31年度 賞与に対する社会保険料,,0,,0.00
年一度の社会保険料見直し,,0,,0.00
年下の妻 社会保険料,,0,,0.00
年俸 賞与 社会保険料,,0,,0.00
年俸制 社会保険料 事業主負担,,0,,0.00
年功慰労金 社会保険料,,0,,0.00
年収 350万円 社会保険料,,0,,0.00
年収 960万 社会保険料,,0,,0.00
年収 所得税 社会保険料,,0,,0.00
年収 社会保険料 いくらから,,0,,0.00
年収 社会保険料 含む,,0,,0.00
年収 社会保険料 目安,,0,,0.00
年収1000万 社会保険料 いくら,,0,,0.00
年収106万 社会保険料,,0,,0.00
年収106万の社会保険料,,0,,0.00
年収1100万 社会保険料,,0,,0.00
年収110万 税金 社会保険料,,0,,0.00
年収110万の社会保険料,,0,,0.00
年収1200万 退職後の社会保険料 住民税,,0,,0.00
年収1200万円 社会保険料,,0,,0.00
年収130万 社会保険料 アルバイト,,0,,0.00
年収130万 社会保険料 フリーター,,0,,0.00
年収131万円 社会保険料,,0,,0.00
年収140万 パート 社会保険料,,0,,0.00
年収150 社会保険料,,0,,0.00
年収1500万 社会保険料,,0,,0.00
年収150万 社会保険料 加入,,0,,0.00
年収150万円 社会保険料,,0,,0.00
年収150万円 社会保険料と国民健康保険料どちらがお得,,0,,0.00
年収2000万 社会保険料 最高額,,0,,0.00
年収200万 社会保険料 18歳,,0,,0.00
年収2100万 社会保険料,,0,,0.00
年収230万円 社会保険料,,0,,0.00
年収270万 社会保険料,,0,,0.00
年収280万 社会保険料,,0,,0.00
年収300 社会保険料,,0,,0.00
年収3000万 社会保険料,,0,,0.00
年収300万円 社会保険料,,0,,0.00
年収320万 社会保険料,,0,,0.00
年収380万 社会保険料,,0,,0.00
年収400万 社会保険料等,,0,,0.00
年収400万円 社会保険料,,0,,0.00
年収420万 社会保険料,,0,,0.00
年収450万 社会保険料 独身,,0,,0.00
年収450社会保険料 いくら,,0,,0.00
年収500万 社会保険料 最高額,,0,,0.00
年収500万円 社会保険料の額,,0,,0.00
年収540万 社会保険料,,0,,0.00
年収590万 社会保険料,,0,,0.00
年収600の社会保険料,,0,,0.00
年収600万 社会保険料 会社負担,,0,,0.00
年収600万の社会保険料,,0,,0.00
年収650万円社会保険料,,0,,0.00
年収6万円 社会保険料,,0,,0.00
年収700万 社会保険料 108万,,0,,0.00
年収700万 社会保険料 99万 108万,,0,,0.00
年収700万 社会保険料いくら,,0,,0.00
年収700万 社会保険料額,,0,,0.00
年収700万 社会保険料額 99万 108万,,0,,0.00
年収700万円 社会保険料,,0,,0.00
年収750 社会保険料,,0,,0.00
年収800万円 社会保険料,,0,,0.00
年収900万 社会保険料,,0,,0.00
年収が130万円を超えると社会保険料の支払いが生じる,,0,,0.00
年収が600万円の社会保険料,,0,,0.00
年収の何パーセント 社会保険料,,0,,0.00
年収を下げずに社会保険料を下げる,,0,,0.00
年収一千万円の社会保険料は,,0,,0.00
年収下がった 税金社会保険料高い,,0,,0.00
年収二百万 社会保険料,,0,,0.00
年収別 税金 社会保険料,,0,,0.00
年収別社会保険料 高額所得,,0,,0.00
年収記入 税金 社会保険料,,0,,0.00
年度始め 社会保険料,,0,,0.00
年度途中から個人事業主 確定申告 正社員時の社会保険料,,0,,0.00
年度途中から個人事業主 確定申告 社会保険料,,0,,0.00
年末調整 うち 国民年金保険料等の金額 社会保険料,,0,,0.00
年末調整 されたかどうか 社会保険料,,0,,0.00
年末調整 やり直し 社会保険料,,0,,0.00
年末調整 会社 社会保険料,,0,,0.00
年末調整 保険料控除 社会保険料,,0,,0.00
年末調整 保険料控除申告書 社会保険料,,0,,0.00
年末調整 内 国民年金保険料等の金額 社会保険料,,0,,0.00
年末調整 初めて 社会保険料,,0,,0.00
年末調整 前の会社の社会保険料,,0,,0.00
年末調整 前職分 社会保険料,,0,,0.00
年末調整 国民年金は社会保険料に含まれるか,,0,,0.00
年末調整 子供の社会保険料は,,0,,0.00
年末調整 引落 社会保険料,,0,,0.00
年末調整 引落 社会保険料 特別徴収,,0,,0.00
年末調整 払いすぎた社会保険料,,0,,0.00
年末調整 社会保険料 11月分,,0,,0.00
年末調整 社会保険料 11月支払,,0,,0.00
年末調整 社会保険料 11月支払 滞納,,0,,0.00
年末調整 社会保険料 かく場所が少ない,,0,,0.00
年末調整 社会保険料 やり方,,0,,0.00
年末調整 社会保険料 サラリーマン,,0,,0.00
年末調整 社会保険料 ヤフー,,0,,0.00
年末調整 社会保険料 保険の種類,,0,,0.00
年末調整 社会保険料 健康保険,,0,,0.00
年末調整 社会保険料 健康保険 不足分,,0,,0.00
年末調整 社会保険料 健康保険 徴収,,0,,0.00
年末調整 社会保険料 別紙,,0,,0.00
年末調整 社会保険料 国民健康保険,,0,,0.00
年末調整 社会保険料 国民年金 証明書,,0,,0.00
年末調整 社会保険料 国民年金保険料,,0,,0.00
年末調整 社会保険料 国民年金保険料 各年に申告する場合の証明額,,0,,0.00
年末調整 社会保険料 国民年金保険料 控除証明書,,0,,0.00
年末調整 社会保険料 国民年金基金連合会,,0,,0.00
年末調整 社会保険料 国民年金基金連合会 三井住友 ideco,,0,,0.00
年末調整 社会保険料 国民年金基金連合会 小規模,,0,,0.00
年末調整 社会保険料 失業,,0,,0.00
年末調整 社会保険料 妻,,0,,0.00
年末調整 社会保険料 子供,,0,,0.00
年末調整 社会保険料 年kン,,0,,0.00
年末調整 社会保険料 年金,,0,,0.00
年末調整 社会保険料 徴収漏れ分,,0,,0.00
年末調整 社会保険料 戻ってくる,,0,,0.00
年末調整 社会保険料 扶養 妻,,0,,0.00
年末調整 社会保険料 書ききれない,,0,,0.00
年末調整 社会保険料 書き忘れ 損,,0,,0.00
年末調整 社会保険料 書く,,0,,0.00
年末調整 社会保険料 無記入,,0,,0.00
年末調整 社会保険料 特別徴収,,0,,0.00
年末調整 社会保険料 特別徴収 予定,,0,,0.00
年末調整 社会保険料 給与天引き,,0,,0.00
年末調整 社会保険料 見直し,,0,,0.00
年末調整 社会保険料 見込み,,0,,0.00
年末調整 社会保険料 証明書 領収証,,0,,0.00
年末調整 社会保険料 証明書類,,0,,0.00
年末調整 社会保険料 過去分,,0,,0.00
年末調整 社会保険料 間違い,,0,,0.00
年末調整 社会保険料 雇用保険料,,0,,0.00
年末調整 社会保険料 領収書,,0,,0.00
年末調整 社会保険料 高い,,0,,0.00
年末調整 社会保険料などの金額とは,,0,,0.00
年末調整 社会保険料に国民健康保険も含まれるか,,0,,0.00
年末調整 社会保険料の種類,,0,,0.00
年末調整 社会保険料の計算,,0,,0.00
年末調整 社会保険料は控除されるか,,0,,0.00
年末調整 社会保険料引かれすぎてる場合,,0,,0.00
年末調整 社会保険料支払う責任のある人,,0,,0.00
年末調整 社会保険料支払先の名称,,0,,0.00
年末調整 社会保険料等の控除額とは,,0,,0.00
年末調整 社会保険料等控除 住民税,,0,,0.00
年末調整 親の社会保険料,,0,,0.00
年末調整 記入例 2019 社会保険料,,0,,0.00
年末調整 転職先 社会保険料 国民健康保険,,0,,0.00
年末調整 途中入社 社会保険料,,0,,0.00
年末調整 配偶者 収入 社会保険料,,0,,0.00
年末調整した社会保険料を再度確定申告,,0,,0.00
年末調整で出し忘れた社会保険料の控除は確定申告,,0,,0.00
年末調整で社会保険料が,,0,,0.00
年末調整の社会保険料期間,,0,,0.00
年末調整をした個人事業主 パート 社会保険料添付,,0,,0.00
年末調整保険料控除 社会保険料,,0,,0.00
年末調整後 妻の社会保険料 確定申告,,0,,0.00
年末調整後 社会保険料 追加あった,,0,,0.00
年末調整後 社会保険料訂正,,0,,0.00
年末調整後の社会保険料の間違い,,0,,0.00
年末調整書き方例 社会保険料,,0,,0.00
年末調整書社会保険料記入,,0,,0.00
年次決算 社会保険料,,0,,0.00
年調未済 社会保険料,,0,,0.00
年途中 退職 確定申告 社会保険料,,0,,0.00
年金 から 特別 徴収 され た 社会 保険 料,,0,,0.00
年金 事務 所 社会 保険 料 証明 書,,0,,0.00
年金 天引 社会保険料,,0,,0.00
年金 天引き 社会保険料 年末調整,,0,,0.00
年金 所得税 住民 税 社会 保険 料,,0,,0.00
年金 手取り 社会保険料,,0,,0.00
年金 社会保険料 かからない 64歳以下,,0,,0.00
年金 社会保険料 住民税 申告,,0,,0.00
年金 社会保険料 値上げ,,0,,0.00
年金 社会保険料 年収 控除 損益分岐,,0,,0.00
年金 社会保険料 源泉徴収,,0,,0.00
年金 社会保険料 特別徴収,,0,,0.00
年金 社会保険料 税金 引かれる,,0,,0.00
年金 社会保険料かからない,,0,,0.00
年金 社会保険料かからない 60歳から64歳 再雇用,,0,,0.00
年金 社会保険料楮,,0,,0.00
年金 社会保険料証明書,,0,,0.00
年金 追納 社会保険料,,0,,0.00
年金が少ない少ないと言う老人に社会保険料を見せた結果,,0,,0.00
年金とパート収入がある場合 社会保険料,,0,,0.00
年金と社会保険料天引き,,0,,0.00
年金にかかる社会保険料 64歳,,0,,0.00
年金にかかる社会保険料 64歳以下,,0,,0.00
年金に社会保険料 かからない,,0,,0.00
年金に社会保険料 かからない 64歳,,0,,0.00
年金に社会保険料 かからない 64歳以下,,0,,0.00
年金に社会保険料 かからない 給与所得者,,0,,0.00
年金に社会保険料はかからない,,0,,0.00
年金に社会保険料はかからない 給与所得者,,0,,0.00
年金事務所社会保険料の管轄,,0,,0.00
年金保険料 社会保険料,,0,,0.00
年金受け取り 社会保険料,,0,,0.00
年金受取時 社会保険料,,0,,0.00
年金受給者 25万 社会保険料額,,0,,0.00
年金受給者 の社会保険料額 いくら,,0,,0.00
年金受給者 収入と社会保険料 損益,,0,,0.00
年金受給者 収入と社会保険料の関係,,0,,0.00
年金受給者 社会保険料 申告方法,,0,,0.00
年金受給者 社会保険料 確定申告,,0,,0.00
年金受給者 社会保険料額,,0,,0.00
年金受給者の死亡と社会保険料の控除,,0,,0.00
年金受給者の死亡と社会保険料の控除の関係,,0,,0.00
年金受給者の社会保険料とは,,0,,0.00
年金受給者の脂肪と社会保険料の控除の関係,,0,,0.00
年金受給額を減らさず 社会保険料だけを減らす 方法,,0,,0.00
年金所得 社会保険料を引けばいい,,0,,0.00
年金所得者 国民健康保険料 社会保険料,,0,,0.00
年金生活 社会保険料 年収,,0,,0.00
年金生活者 社会保険料 やすくする,,0,,0.00
年金社会保険料 付け替え,,0,,0.00
年金社会保険料 支払額,,0,,0.00
年金社会保険料 支払額 表,,0,,0.00
年金繰り下げ 税金 社会保険料,,0,,0.00
年間の社会保険料,,0,,0.00
年齢によっても社会保険料かわる,,0,,0.00
広島 手取り9万 社会保険料,,0,,0.00
延岡 社会保険料,,0,,0.00
延滞金 減免 社会保険料,,0,,0.00
延滞金 社会保険料,,0,,0.00
建設 社会 保険 料,,0,,0.00
建設業 元請け 社会保険料,,0,,0.00
建設業 社会保険料 高い,,0,,0.00
建設業法 社会保険料,,0,,0.00
引っ越し 社会保険料,,0,,0.00
引っ越し 社会保険料 月変,,0,,0.00
弥生 確定申告 配偶者の社会保険料,,0,,0.00
弥生 青色申告 社会保険料 入力,,0,,0.00
弥生 青色申告オンライン 社会保険料,,0,,0.00
弥生会計 社会保険料 仕訳,,0,,0.00
弥生会計 社会保険料 仕訳方,,0,,0.00
弥生会計 社会保険料 入力,,0,,0.00
弥生会計 社会保険料率の変更,,0,,0.00
弥生会計 青色申告 社会保険料,,0,,0.00
弥生会計オンライン 社会保険料 入力,,0,,0.00
弥生給与 社会保険料 出ない,,0,,0.00
弥生給与 社会保険料 変更 一覧,,0,,0.00
弥生給与 社会保険料 案内,,0,,0.00
弥生給与 社会保険料 等級 変更,,0,,0.00
弥生給与 社会保険料 自動算出,,0,,0.00
弥生給与 社会保険料 設定,,0,,0.00
弥生給与 社会保険料 設定 簡単,,0,,0.00
弥生給与 社会保険料率 変更お知らせ,,0,,0.00
弥生給与 社会保険料表,,0,,0.00
弥生給与 社会保険料表 出力,,0,,0.00
弥生給与 賞与 社会保険料,,0,,0.00
弥生給与 退職月 社会保険料,,0,,0.00
弥生給与17 社会保険料 事業主 変更,,0,,0.00
当年度 社会保険料等 概算,,0,,0.00
当月入社 社会保険料徴収,,0,,0.00
当月入社 社会保険料徴収 翌月徴収,,0,,0.00
当月締め当月払い 社会保険料,,0,,0.00
彦根 社会保険料,,0,,0.00
役員 hi社会保険料,,0,,0.00
役員 の 社会 保険 料 を 減らす 方法,,0,,0.00
役員 の 社会 保険 料 仕訳,,0,,0.00
役員 報酬 下げる 社会 保険 料,,0,,0.00
役員 報酬 未払い 社会 保険 料 計上,,0,,0.00
役員 報酬 社会 保険 料 上限,,0,,0.00
役員 報酬 社会 保険 料 未払い,,0,,0.00
役員 決算 賞与 社会 保険 料,,0,,0.00
役員 社会 保険 料 勘定 科目,,0,,0.00
役員 社会保険料 シュミレーション,,0,,0.00
役員 社会保険料 ゼロにするには,,0,,0.00
役員 社会保険料 仕訳,,0,,0.00
役員 社会保険料 在籍,,0,,0.00
役員 社会保険料 変更,,0,,0.00
役員 社会保険料 変更 添付,,0,,0.00
役員 社会保険料 対応月,,0,,0.00
役員 社会保険料 損金,,0,,0.00
役員 社会保険料 改定,,0,,0.00
役員 社会保険料 月,,0,,0.00
役員 社会保険料 科目,,0,,0.00
役員 社会保険料y,,0,,0.00
役員 社会保険料率,,0,,0.00
役員 社宅 社会保険料,,0,,0.00
役員 臨時報酬 社会保険料,,0,,0.00
役員 賞与 社会 保険 料 計算 上限,,0,,0.00
役員 随時改定 社会保険料,,0,,0.00
役員 非常勤 社会保険料,,0,,0.00
役員の社会保険料 仕訳,,0,,0.00
役員の社会保険料 法定福利費,,0,,0.00
役員の社会保険料 節減,,0,,0.00
役員の社会保険料を下げる,,0,,0.00
役員の社会保険料扱い,,0,,0.00
役員の高額賞与 社会保険料,,0,,0.00
役員の高額賞与 社会保険料 料率,,0,,0.00
役員報酬 20万円 社会保険料,,0,,0.00
役員報酬 500万円 社会保険料,,0,,0.00
役員報酬 下げる みなし 社会保険料 大幅 減,,0,,0.00
役員報酬 下げる 社会保険料,,0,,0.00
役員報酬 仕訳 預り金 社会保険料,,0,,0.00
役員報酬 変更 0円 社会保険料,,0,,0.00
役員報酬 少額 社会保険料,,0,,0.00
役員報酬 払えない月 社会保険料,,0,,0.00
役員報酬 改定 社会保険料,,0,,0.00
役員報酬 月 社会保険料,,0,,0.00
役員報酬 月額変更届 社会保険料,,0,,0.00
役員報酬 未払 社会保険料,,0,,0.00
役員報酬 未払 社会保険料 仕訳,,0,,0.00
役員報酬 無報酬 社会保険料,,0,,0.00
役員報酬 社会保険料 上限,,0,,0.00
役員報酬 社会保険料 仕訳,,0,,0.00
役員報酬 社会保険料 傷病手当,,0,,0.00
役員報酬 社会保険料 圧縮 方法,,0,,0.00
役員報酬 社会保険料 徴収,,0,,0.00
役員報酬 社会保険料 払いたくない,,0,,0.00
役員報酬 社会保険料 減額 いつから,,0,,0.00
役員報酬 社会保険料 税金,,0,,0.00
役員報酬 社会保険料 計算 シュミレーション,,0,,0.00
役員報酬 社会保険料 随時改定 期限,,0,,0.00
役員報酬 社会保険料 非常勤,,0,,0.00
役員報酬 社会保険料 預かり,,0,,0.00
役員報酬 社会保険料算出,,0,,0.00
役員報酬 給与 分ける 社会保険料,,0,,0.00
役員報酬10万 社会保険料,,0,,0.00
役員報酬なし 社会保険料 副業,,0,,0.00
役員報酬の大幅減額 社会保険料の差引できない,,0,,0.00
役員報酬の大幅減額 社会保険料の控除出来ない,,0,,0.00
役員報酬ゼロ 社会保険料支払い,,0,,0.00
役員報酬年6万円 社会保険料,,0,,0.00
役員報酬減額 社会保険料 添付書類,,0,,0.00
役員報酬社会保険料仕訳,,0,,0.00
役員給与 払い方 社会保険料,,0,,0.00
役員賞与 利益処分 社会保険料,,0,,0.00
役員賞与 損金不算入 社会保険料,,0,,0.00
役員賞与 社会保険料 届け出,,0,,0.00
役員賞与 社会保険料 損金不算入,,0,,0.00
役員賞与 社会保険料 計算 上限,,0,,0.00
役員賞与 社会保険料 賞与支払届,,0,,0.00
役員賞与引当金 社会保険料,,0,,0.00
役員退職金 社会保険料,,0,,0.00
役職手当 社会保険料,,0,,0.00
後期高齢者になる 社会保険料,,0,,0.00
後期高齢者医療保険料は 社会保険料に,,0,,0.00
従業員 休職 社会保険料,,0,,0.00
従業員 社会保険料 計算,,0,,0.00
従業員 社会保険料の控除額,,0,,0.00
従業員 給料変更 社会保険料,,0,,0.00
従業員 退職 社会保険料,,0,,0.00
従業員 退職 社会保険料 損金,,0,,0.00
従業員 預かり 社会保険料 仕訳,,0,,0.00
従業員30名 社会保険料,,0,,0.00
従業員500以下の企業の社会保険料,,0,,0.00
従業員が払うべき社会保険料,,0,,0.00
従業員が払うべき社会保険料 仕訳,,0,,0.00
従業員の社会保険料,,0,,0.00
従業員の社会保険料 勘定化もこう,,0,,0.00
従業員の社会保険料計算,,0,,0.00
従業員へ請求書 社会保険料,,0,,0.00
御所市 社会保険料,,0,,0.00
御社の社会保険料を半分にします,,0,,0.00
御社の社会保険料を半分にします 株式会社パブリック,,0,,0.00
復職 社会保険料,,0,,0.00
復職後 減額 社会保険料 随時改定,,0,,0.00
復職後 社会保険料 随時改定,,0,,0.00
怪我 休職 社会保険料,,0,,0.00
悪質 社会保険料,,0,,0.00
悪質 社会保険料 条の,,0,,0.00
愛媛 社会保険料,,0,,0.00
愛知県 十月納付 社会保険料,,0,,0.00
所定労働日数 毎年変える 社会保険料,,0,,0.00
所定労働日数 決め方 社会保険料,,0,,0.00
所定労働日数 社会保険料,,0,,0.00
所得 38万以下 社会保険料,,0,,0.00
所得 社会保険料 含む,,0,,0.00
所得0 社会保険料,,0,,0.00
所得0 社会保険料 還付,,0,,0.00
所得ゼロ 社会保険料 税金,,0,,0.00
所得制限限度額 社会保険料,,0,,0.00
所得制限限度額 社会保険料 児童,,0,,0.00
所得控除額 社会保険料,,0,,0.00
所得税 住民税 社会保険料 上昇,,0,,0.00
所得税 住民税 社会保険料 企業の負担,,0,,0.00
所得税 法人税 給料 社会保険料,,0,,0.00
所得税 社会保険料 交通費,,0,,0.00
所得税 社会保険料 仕訳,,0,,0.00
所得税 社会保険料の計算書,,0,,0.00
所得税 計算 月額 社会保険料,,0,,0.00
所得税 課税対象 社会保険料,,0,,0.00
所得税の経費で社会保険料は勘定科目,,0,,0.00
所得税は社会保険料,,0,,0.00
所得税は社会保険料か,,0,,0.00
所得税や社会保険料などを差し引く前の金額を書いてください,,0,,0.00
所得税徴収高計算書 支給額 社会保険料,,0,,0.00
所得税徴収高計算書 社会保険料,,0,,0.00
所得税控除社会保険料が去年より減ったのは扶養人数が減ったためですか,,0,,0.00
所得税控除社会保険料が去年より減った理由,,0,,0.00
所得税控除社会保険料の計算,,0,,0.00
所得税源泉 賃金台帳 社会保険料 平成30年,,0,,0.00
所得税率 社会保険料,,0,,0.00
所得見積 社会保険料,,0,,0.00
所得金額 社会保険料,,0,,0.00
所得金額とは 自営業 社会保険料,,0,,0.00
所得額とは 社会保険料,,0,,0.00
手取り 社会保険料 税金,,0,,0.00
手取り 社会保険料 計算,,0,,0.00
手取り10万の社会保険料,,0,,0.00
手取り14万 社会保険料,,0,,0.00
手当 4月に遡って支給 社会保険料,,0,,0.00
払いすぎた社会保険料 年末調整,,0,,0.00
扶養 外し 社会保険料,,0,,0.00
扶養 妻 社会保険料,,0,,0.00
扶養 妻 社会保険料 年末調整,,0,,0.00
扶養 妻 社会保険料 確定申告,,0,,0.00
扶養 社会保険料 いくら,,0,,0.00
扶養 社会保険料 パート,,0,,0.00
扶養 社会保険料 妻,,0,,0.00
扶養 社会保険料 還付,,0,,0.00
扶養するときの社会保険料,,0,,0.00
扶養にはいれば社会保険料がいらない,,0,,0.00
扶養に入ったら社会保険料,,0,,0.00
扶養に入れば社会保険料がいらない,,0,,0.00
扶養の範囲内 パート 社会保険料 ひかれ る,,0,,0.00
扶養人数社会保険料,,0,,0.00
扶養内パート 130万 社会保険料 いつから,,0,,0.00
扶養外れた社会保険料,,0,,0.00
扶養外れて 過去 社会保険料,,0,,0.00
扶養外れる 夫の社会保険料,,0,,0.00
扶養家族 社会保険料 上がる,,0,,0.00
扶養家族アルバイト社会保険料,,0,,0.00
扶養家族数社会保険料は,,0,,0.00
扶養手続きせず 社会保険料 払いすぎた,,0,,0.00
扶養控除 130万 社会保険料,,0,,0.00
扶養控除 社会保険料 配偶者,,0,,0.00
扶養控除 計算 社会保険料,,0,,0.00
扶養者がふえると社会保険料は上がる,,0,,0.00
扶養親族 社会保険料 住民税,,0,,0.00
扶養親族が払った 社会保険料,,0,,0.00
投資収入 社会保険料,,0,,0.00
投資家 社会保険料,,0,,0.00
折半 英語 社会保険料,,0,,0.00
拠出による税 社会保険料メリット額,,0,,0.00
指定難病 社会保険料,,0,,0.00
按分 社会保険料,,0,,0.00
掛け持ち 社会保険料 パート,,0,,0.00
掛川市役所 確定申告 社会保険料,,0,,0.00
掛川市役所 社会保険料,,0,,0.00
採用協力手当 社会保険料,,0,,0.00
控除 対象 所得税 社会保険料,,0,,0.00
控除 該当 所得税 社会保険料,,0,,0.00
控除される社会保険料,,0,,0.00
控除する社会保険料 介護保険りょう,,0,,0.00
控除する社会保険料 介護保険料,,0,,0.00
控除する社会保険料とは,,0,,0.00
控除社会保険料額 とは,,0,,0.00
控除社会保険料額 所得税,,0,,0.00
控除社会保険料額 給与所得者異動届出書,,0,,0.00
控除社会保険料額 雇用保険,,0,,0.00
控除証明書 社会保険料,,0,,0.00
控除関係書類 社会保険料 コピー,,0,,0.00
損保ジャパン 団体控除 社会保険料,,0,,0.00
損保ジャパン 社会保険料率,,0,,0.00
損金 社会保険料,,0,,0.00
支出 社会保険料 固定資産税 網羅,,0,,0.00
支出 社会保険料 税金 網羅,,0,,0.00
支出 社会保険料 網羅,,0,,0.00
支度金 社会保険料,,0,,0.00
支払い義務 社会保険料 いつから,,0,,0.00
支払った社会保険料を知る,,0,,0.00
支払調書 社会保険料 種類,,0,,0.00
支払金額 社会保険料,,0,,0.00
支給額 源泉徴収 社会保険料,,0,,0.00
政務活動費 社会保険料,,0,,0.00
教師 育休中社会保険料,,0,,0.00
新入社員 初任給 社会保険料,,0,,0.00
新入社員 社会保険料 標準報酬月額,,0,,0.00
新卒 社会保険料,,0,,0.00
新卒 社会保険料 いくら,,0,,0.00
新卒 社会保険料 いくら 5月給与,,0,,0.00
新卒 社会保険料 企業年金,,0,,0.00
新卒 社会保険料 休職時,,0,,0.00
新卒 退職 社会保険料,,0,,0.00
新幹線通勤 社会保険料,,0,,0.00
新潟県 社会保険料 料率,,0,,0.00
新社会人 社会保険料,,0,,0.00
新社会人 社会保険料 年末調整,,0,,0.00
新規雇用の場合の社会保険料の会社負担,,0,,0.00
新設法人 社会保険料,,0,,0.00
旅費交通費 社会保険料,,0,,0.00
旅費交通費 社会保険料 三栄,,0,,0.00
旅費規定 日当 社会保険料,,0,,0.00
既婚者 独身 社会保険料,,0,,0.00
日々紹介 社会保険料,,0,,0.00
日割り計算 社会保険料,,0,,0.00
日当 社会保険料 計算,,0,,0.00
日当旅費 社会保険料,,0,,0.00
日当旅費 社会保険料 算定,,0,,0.00
日払いその日の社会保険料,,0,,0.00
日本 所得税 社会保険料 手取り,,0,,0.00
日本 所得税 社会保険料 高負担 低福祉,,0,,0.00
日本 所得税負担率 高い 社会保険料,,0,,0.00
日本 生命 社会 保険 料,,0,,0.00
日本 税金 社会保険料 別,,0,,0.00
日本 税金 社会保険料 高い 理由,,0,,0.00
日本企業 社会保険料 負担,,0,,0.00
日本年金機構 社会保険料 従業員ごと,,0,,0.00
日本年金機構 社会保険料 従業員ごと 明細,,0,,0.00
日本年金機構 社会保険料納入確認書,,0,,0.00
日本年金機構 社会保険料納入証明書,,0,,0.00
日本年金機構社会保険料 仕訳,,0,,0.00
日本年金機構社会保険料電話番号,,0,,0.00
日本年金機構秋田年金事務所 事業所社会保険料,,0,,0.00
日給0 社会保険料,,0,,0.00
日給制 バイト 社会保険料,,0,,0.00
日給月給制 社会保険料,,0,,0.00
旦那 扶養 妊婦 社会保険料,,0,,0.00
旧 ただし書き 所得 社会 保険 料,,0,,0.00
旧社会保険料,,0,,0.00
旧社会保険料 とは,,0,,0.00
旧社会保険料 新社会保険料とは,,0,,0.00
旧社会保険料とは,,0,,0.00
早期退職 社会保険料,,0,,0.00
早期退職者 社会保険料 納付方法,,0,,0.00
昇給 社会保険料 いつから,,0,,0.00
昇給 社会保険料 事業主負担 シミュレーション,,0,,0.00
昇給 社会保険料 手取り,,0,,0.00
昇給 社会保険料と所得税,,0,,0.00
昇給があった場合 社会保険料変更はいつから,,0,,0.00
昇給したら社会保険料はあがる,,0,,0.00
昇給にともない 社会保険料が上がる件,,0,,0.00
昇給に伴う 社会保険料が上がる件,,0,,0.00
昇給の場合社会保険料はいつから上るか,,0,,0.00
昇給時 社会保険料 事業主負担 シミュレーション,,0,,0.00
明治 安田 生命 社会 保険 料,,0,,0.00
明治安田生命 社会保険料率,,0,,0.00
昔 ボーナス 社会保険料,,0,,0.00
時短勤務 社会保険料 減額,,0,,0.00
時短勤務 社会保険料 見直し,,0,,0.00
時給 900 円 社会 保険 料,,0,,0.00
時給 社会保険料 変動,,0,,0.00
時給 社会保険料 月額変更,,0,,0.00
時給 社会保険料 標準報酬月額,,0,,0.00
時給 社会保険料 計算方法,,0,,0.00
時給1000円週20時間勤務の場合の社会保険料は,,0,,0.00
時給1800 社会保険料,,0,,0.00
最低賃金 社会保険料 国が 手当 補填 補助,,0,,0.00
最低賃金 社会保険料 国が 手当 補填 補助 アメリカ,,0,,0.00
最低賃金 社会保険料 国が 手当 補填 補助 アメリカ 財源,,0,,0.00
最初の社会保険料,,0,,0.00
最初の給与 社会保険料,,0,,0.00
最後の給与 社会保険料,,0,,0.00
最終月 社会保険料 2ヶ月,,0,,0.00
最終月 社会保険料 雇用保険 2ヶ月,,0,,0.00
月25万円の社会保険料,,0,,0.00
月25万円社員にかかるの社会保険料,,0,,0.00
月々 社会保険料,,0,,0.00
月々の社会保険料,,0,,0.00
月ごとに給料が違う場合の社会保険料,,0,,0.00
月の途中 入社 社会保険料,,0,,0.00
月の途中 入社 社会保険料 半額 会社,,0,,0.00
月の途中での退職 社会保険料,,0,,0.00
月の途中で退社 社会保険料,,0,,0.00
月の途中で退職 社会保険料 会社負担,,0,,0.00
月の途中で退職 社会保険料 入射,,0,,0.00
月の途中で退職 社会保険料 還付請求,,0,,0.00
月の途中で退職する 社会保険料は,,0,,0.00
月中 入社 社会保険料,,0,,0.00
月中採用した場合社会保険料はどうなる,,0,,0.00
月初入社 社会保険料,,0,,0.00
月半ば退職 社会保険料,,0,,0.00
月収100万 社会保険料,,0,,0.00
月収12万円 社会保険料,,0,,0.00
月収13万 社会保険料 働き損,,0,,0.00
月収17万 社会保険料 北海道,,0,,0.00
月収20万 40歳 社会保険料,,0,,0.00
月収3000円の差 社会保険料,,0,,0.00
月収30万 社会保険料 平均,,0,,0.00
月収30万 社会保険料 賞与,,0,,0.00
月収40万 扶養あり 2人 社会保険料,,0,,0.00
月収9万円 社会保険料,,0,,0.00
月収9万円 社会保険料 静岡,,0,,0.00
月収入35万6歳扶養社会保険料,,0,,0.00
月収増 社会保険料,,0,,0.00
月変 社会保険料変更,,0,,0.00
月末 社会保険料 内訳,,0,,0.00
月末 退職 時 の 社会 保険 料 の 控除,,0,,0.00
月末に解雇 次の月の社会保険料,,0,,0.00
月末一日前 退職 社会保険料,,0,,0.00
月末締め 翌月25日支払い 社会保険料,,0,,0.00
月末締め 翌月払い 社会保険料 法定福利費,,0,,0.00
月末締め 翌月払い 社会保険料 納付,,0,,0.00
月末締め 翌月払い 社会保険料 退職,,0,,0.00
月末締め翌月15日払い 退職 社会保険料,,0,,0.00
月末締め翌月25日払い 社会保険料,,0,,0.00
月末締め翌月払い 社会保険料,,0,,0.00
月末締め翌月払い 社会保険料 退職日,,0,,0.00
月末退社 社会保険料 徴収,,0,,0.00
月末退職 1日就職 社会保険料,,0,,0.00
月末退職 すぐ就職 社会保険料,,0,,0.00
月末退職 ブランクなし 社会保険料,,0,,0.00
月末退職 ブランク無し 社会保険料,,0,,0.00
月末退職 社会保険料 二重払い,,0,,0.00
月末退職 社会保険料 任意継続,,0,,0.00
月末退職 社会保険料 損,,0,,0.00
月末退職 社会保険料 締め日,,0,,0.00
月末退職 社会保険料 翌月払,,0,,0.00
月末退職 社会保険料 請求書,,0,,0.00
月末退職 社会保険料の支払い,,0,,0.00
月末退職 翌月頭から 社会保険料,,0,,0.00
月末退職者 賞与 社会保険料,,0,,0.00
月給 社会保険料 計算,,0,,0.00
月給17万 社会保険料,,0,,0.00
月給20万円の社会保険料,,0,,0.00
月給30万円 社会保険料,,0,,0.00
月給38万 社会保険料,,0,,0.00
月給別社会保険料,,0,,0.00
月給制だが 9日しか働いていない時の社会保険料,,0,,0.00
月途中 社会保険料,,0,,0.00
月途中 退職 社会保険料 月末締め,,0,,0.00
月途中 退職 社会保険料 月末締め 翌月払い,,0,,0.00
月途中 退職 社会保険料 請求,,0,,0.00
月途中から入社した人から社会保険料,,0,,0.00
月途中から入社した人から社会保険料はいつから,,0,,0.00
月途中入社 社会保険料 数日無職,,0,,0.00
月途中退社 社会保険料,,0,,0.00
月途中退職なのに社会保険料,,0,,0.00
月額270000の社会保険料,,0,,0.00
月額285000円 社会保険料,,0,,0.00
月額報酬 社会保険料 変更,,0,,0.00
月額変更 社会保険料,,0,,0.00
月額変更届 社会保険料 変更,,0,,0.00
月額給与が減った 社会保険料,,0,,0.00
有休買い取り 社会保険料,,0,,0.00
有期労働契約 期間満了 社会保険料,,0,,0.00
有給を育児休業 社会保険料,,0,,0.00
有給休暇中 社会保険料,,0,,0.00
期末 賞与 社会 保険 料 損金 算入,,0,,0.00
期末一時金 社会保険料,,0,,0.00
未収年金 社会保険料 天引き 過大,,0,,0.00
未収年金 社会保険料 還付申請,,0,,0.00
未払い残業代 一時金 社会保険料,,0,,0.00
未払い残業代 和解金 社会保険料,,0,,0.00
未払い社会保険料 勘定科目,,0,,0.00
未払い社会保険料 時効,,0,,0.00
未払社会保険料 節税,,0,,0.00
未払社会保険料 締め日,,0,,0.00
未払給与 未払社会保険料,,0,,0.00
未払給与のうち社会保険料,,0,,0.00
未払給与の社会保険料,,0,,0.00
未払費用 未払金 社会保険料,,0,,0.00
未払費用 社会保険料 債務確定,,0,,0.00
末締め 当月払い 社会保険料,,0,,0.00
末締め 当月払い 社会保険料 翌月控除,,0,,0.00
末締め 社会保険料 翌月控除,,0,,0.00
末締め末払い 社会保険料,,0,,0.00
末締め翌月末払い 社会保険料,,0,,0.00
札幌 月給20万円 社会保険料,,0,,0.00
札幌 月給20万円 社会保険料 企業,,0,,0.00
東京 社会保険料 10月,,0,,0.00
東京都 新宿区 社会保険料計算,,0,,0.00
東京都 社会保険料 変更,,0,,0.00
東京都 社会保険料 平成30年,,0,,0.00
東京都 社会保険料算定表,,0,,0.00
松山西年金事務所 社会保険料納入証明書,,0,,0.00
板橋区 非課税 社会保険料,,0,,0.00
株 確定申告 社会保険料,,0,,0.00
株の損益通算すると社会保険料があがるの,,0,,0.00
株主配当 社会保険料,,0,,0.00
株式 会社 パブリック 社会 保険 料,,0,,0.00
株式 分離課税 社会保険料,,0,,0.00
株式 分離課税 社会保険料 影響度,,0,,0.00
株式 社会保険料,,0,,0.00
株式会社 清算 社会保険料,,0,,0.00
株式会社 社会保険料が払えない,,0,,0.00
株式会社セントメディア 社会保険料 金額,,0,,0.00
株式会社パブリック 御社の社会保険料を半分にします,,0,,0.00
株式会社パブリック 社会保険料 半分,,0,,0.00
株式報酬 社会保険料,,0,,0.00
株式報酬を付与する場合 社会保険料の算定の対象になりますか,,0,,0.00
株式投資 社会保険料,,0,,0.00
株式譲渡益 社会保険料,,0,,0.00
格差と再分配をめぐる幾つかの論点 人的資本蓄積と税 社会保険料負担の観点から,,0,,0.00
格差と再分配をめぐる幾つかの論点 人的資本蓄積と税 社会保険料負担の観点から 熊倉誠和 小嶋大造2017年8月 2018年1月改訂,,0,,0.00
格差補填 社会保険料,,0,,0.00
業績賞与 社会保険料,,0,,0.00
標準報酬月額 社会保険料 下げるには,,0,,0.00
標準報酬月額 社会保険料 含む,,0,,0.00
標準報酬月額 社会保険料 恵さん,,0,,0.00
標準報酬月額 社会保険料 自動計算,,0,,0.00
標準報酬月額 社会保険料 計算ツール,,0,,0.00
標準報酬月額 設定ミスで社会保険料を余分に徴収,,0,,0.00
標準報酬月額30万円 社会保険料,,0,,0.00
標準報酬月額30万円 社会保険料 愛知県,,0,,0.00
標準報酬月額決定通知書 社会保険料 増える,,0,,0.00
標準報酬賞与月額30万円 社会保険料 愛知県,,0,,0.00
標準比例報酬 社会保険料,,0,,0.00
標準賞与額 社会保険料 厚生年金,,0,,0.00
横浜 社会保険料,,0,,0.00
横浜 社会保険料 高い,,0,,0.00
横須賀市 社会保険料,,0,,0.00
欠勤 無給 社会保険料,,0,,0.00
欠勤 社会保険料 立替,,0,,0.00
欠勤 給料 社会保険料,,0,,0.00
欠勤中の社会保険料 会社負担分,,0,,0.00
欠勤中の社会保険料 会社負担分 本人負担分,,0,,0.00
欠勤中の社会保険料 全額,,0,,0.00
欠勤中の社会保険料 全額井,,0,,0.00
欠勤控除 社会保険料,,0,,0.00
正社員 4月 5月 6月 社会保険料,,0,,0.00
正社員 アルバイト 確定申告 社会保険料,,0,,0.00
正社員 基準 社会保険料,,0,,0.00
正社員 業務委託 社会保険料,,0,,0.00
正社員の社会保険料,,0,,0.00
正規社員 社会保険料 退職金積み立て 健康保険,,0,,0.00
正規社員化 社会保険料 退職金積み立て,,0,,0.00
正規社員化 社会保険料 退職金積み立て 健康保険,,0,,0.00
歩合給 社会保険料 随時改定,,0,,0.00
歯科医 社会保険料,,0,,0.00
歳入 歳出 外 現金 社会 保険 料,,0,,0.00
死亡 退職 金 社会 保険 料,,0,,0.00
死亡退職 年末調整 社会保険料,,0,,0.00
死亡退職 社会保険料 徴収,,0,,0.00
残業 社会保険料 計算,,0,,0.00
残業代 基礎賃金 社会保険料,,0,,0.00
残業代なくなり 社会保険料,,0,,0.00
残業代なくなる 社会保険料,,0,,0.00
残高不足で社会保険料 が落ちない,,0,,0.00
母子 社会保険料,,0,,0.00
母子家庭 社会保険料 いくら,,0,,0.00
毎月の社会保険料 計算,,0,,0.00
毎月の給料変動による社会保険料の支払い,,0,,0.00
毎月給与額違う 社会保険料,,0,,0.00
毎月給料の額が違う場合社会保険料どうなる,,0,,0.00
民間 医療保険は社会保険料か,,0,,0.00
求人 社会保険料込み,,0,,0.00
求職中 社会保険料 確定申告,,0,,0.00
江東区 社会保険料 クレジットカード,,0,,0.00
決算 社会保険料 12月分,,0,,0.00
決算 給与賃金の内訳 社会保険料,,0,,0.00
決算 賞与 社会 保険 料 否認,,0,,0.00
決算時 社会保険料,,0,,0.00
決算時 社会保険料 仕訳方,,0,,0.00
決算時 社会保険料 未払,,0,,0.00
決算時 社会保険料 未払 仕訳,,0,,0.00
決算時 社会保険料仕訳簡素化,,0,,0.00
決算時 預り金 マイナス 社会保険料,,0,,0.00
決算賞の社会保険料否認別表4の書き方,,0,,0.00
決算賞与 社会保険料 未払,,0,,0.00
決算賞与 社会保険料 経費,,0,,0.00
決算賞与の社会保険料の問題,,0,,0.00
沖縄 社会保険料率 変更 2019,,0,,0.00
沖縄 社会保険料算定事務手続き,,0,,0.00
沼津年金事務所 社会保険料納入証明書,,0,,0.00
法人 仕訳 過払い 返金 社会保険料,,0,,0.00
法人 休業中 社会保険料,,0,,0.00
法人 個人事業主 両方 社会保険料,,0,,0.00
法人 役員 社会保険料,,0,,0.00
法人 手取り30万の社会保険料,,0,,0.00
法人 破産 社会保険料,,0,,0.00
法人 社会保険料 クレジットカード,,0,,0.00
法人 社会保険料 仕訳,,0,,0.00
法人 社会保険料 口座振替,,0,,0.00
法人 社会保険料 引き落とし,,0,,0.00
法人 社会保険料 引き落とし 仕訳,,0,,0.00
法人 社会保険料 支払 会計処理,,0,,0.00
法人 社会保険料 支払い,,0,,0.00
法人 社会保険料 支払いができる場所,,0,,0.00
法人 社会保険料 支払方法,,0,,0.00
法人 社会保険料 未払い,,0,,0.00
法人 社会保険料 滞納 代表者財産,,0,,0.00
法人 社会保険料 滞納 差し押さえ,,0,,0.00
法人 社会保険料 滞納 差し押さえられた,,0,,0.00
法人 社会保険料 納付 勘定科目,,0,,0.00
法人 社会保険料 納付書,,0,,0.00
法人 社会保険料 金額,,0,,0.00
法人 社会保険料が払えない,,0,,0.00
法人 社長の社会保険料,,0,,0.00
法人が負担した社会保険料,,0,,0.00
法人事業主 社会保険料 高い,,0,,0.00
法人保険 社会保険料削減,,0,,0.00
法人化 社会保険料 抑制,,0,,0.00
法人化して社会保険料をせつやく,,0,,0.00
法人化シミュレーション 社会保険料,,0,,0.00
法人口座 ゆうちょ 口座振替 社会保険料,,0,,0.00
法人役員 社会保険料 シュミレーション,,0,,0.00
法人役員報酬 社会保険料 会社負担,,0,,0.00
法人成り 社会保険料 高い,,0,,0.00
法人成り 社会保険料減らす,,0,,0.00
法人成り 社会保険料重い,,0,,0.00
法人成り 税 社会保険料,,0,,0.00
法人破産社会保険料支払い,,0,,0.00
法人税 と 社会保険料,,0,,0.00
法人税 社会保険料 関係,,0,,0.00
法人税法基本通達 社会保険料,,0,,0.00
法人設立 社会保険料 義務化,,0,,0.00
法定家賃 計算 社会保険料,,0,,0.00
法定家賃 計算 社会保険料 所得税,,0,,0.00
法定福利費 令和 社会保険料,,0,,0.00
法定福利費 社会保険料 従業員,,0,,0.00
法定福利費 計算 社会保険料,,0,,0.00
法定福利費 計算 社会保険料 茨城,,0,,0.00
法定福利費の支払い 預り金 会社負担社会保険料,,0,,0.00
法定調書 支払金額 社会保険料,,0,,0.00
法的社会保険料,,0,,0.00
法第190条第2号 社会保険料,,0,,0.00
派遣 出勤日数少ない 社会保険料,,0,,0.00
派遣 出勤日数少ない 社会保険料 キャスティング,,0,,0.00
派遣 勤務日数少ない月 社会保険料,,0,,0.00
派遣 月収25万円 社会保険料,,0,,0.00
派遣 社会保険料 仕事がへったら,,0,,0.00
派遣 社会保険料 仕事が減ったら,,0,,0.00
派遣 社会保険料 会社負担,,0,,0.00
派遣 社会保険料 算定,,0,,0.00
派遣 社会保険料 負担率,,0,,0.00
派遣 社員 の 社会 保険 料 計算,,0,,0.00
派遣健保 社会保険料,,0,,0.00
派遣健保と社会保険料,,0,,0.00
派遣健保と社会保険料 違い,,0,,0.00
派遣元 一人辺りの社会保険料,,0,,0.00
派遣元 社会保険料,,0,,0.00
派遣労働者 社会保険料,,0,,0.00
派遣社員 労働時間減 社会保険料の減額方法,,0,,0.00
派遣社員 社会保険料 派遣会社が払う,,0,,0.00
派遣社員 社会保険料 等級,,0,,0.00
派遣社員 社会保険料引かれる,,0,,0.00
派遣社員の社会保険料 中身,,0,,0.00
派遣社員の社会保険料とは,,0,,0.00
派遣給料 月額から社会保険料を引いた,,0,,0.00
海外 fx 社会保険料,,0,,0.00
海外 社会保険料 税金,,0,,0.00
海外出張者 外国人 社会保険料,,0,,0.00
海外出張者 社会保険料,,0,,0.00
海外在住 社会保険料,,0,,0.00
海外派遣 社会保険料,,0,,0.00
海外駐在員 社会保険料,,0,,0.00
海外駐在員 給与 社会保険料,,0,,0.00
消費税 社会保険料 論文,,0,,0.00
消費税を上げないと社会保険料が上がる,,0,,0.00
消費税区分 社会保険料,,0,,0.00
消費者物価指数 cpi の算出に当たっては 税や社会保険料等の非消費支出 土地や住宅等のストック価格は含まれない,,0,,0.00
消費者物価指数 社会保険料,,0,,0.00
添付書類台紙 社会保険料,,0,,0.00
清水 社会保険料,,0,,0.00
清水 社会保険料 年末調整 問い合わせ,,0,,0.00
清須市 社会保険料,,0,,0.00
渋谷 社会 保険 料,,0,,0.00
減給 社会保険料,,0,,0.00
渡し切り交際費 社会保険料,,0,,0.00
渡切交際費 社会保険料,,0,,0.00
港区 社会保険料,,0,,0.00
源泉 徴収 票 未 払 社会 保険 料,,0,,0.00
源泉 徴収 票 社会 保険 料 種類,,0,,0.00
源泉 徴収 票 社会 保険 料 計算 方法,,0,,0.00
源泉 社会保険料等の金額 内,,0,,0.00
源泉 社会保険料等の金額とは,,0,,0.00
源泉徴収 パート 社会保険料等,,0,,0.00
源泉徴収 書き方 社会保険料,,0,,0.00
源泉徴収 毎月 社会保険料,,0,,0.00
源泉徴収 社会保険料 全額,,0,,0.00
源泉徴収 社会保険料 多い,,0,,0.00
源泉徴収 社会保険料 確定申告,,0,,0.00
源泉徴収 社会保険料 違う,,0,,0.00
源泉徴収 社会保険料などの金額とは,,0,,0.00
源泉徴収 社会保険料等,,0,,0.00
源泉徴収 社会保険料等 国民健康保険,,0,,0.00
源泉徴収 社会保険料等とは 住民税,,0,,0.00
源泉徴収 社会保険料等とは 内,,0,,0.00
源泉徴収 社会保険料等の控除額,,0,,0.00
源泉徴収 社会保険料等の金額 内,,0,,0.00
源泉徴収 社会保険料等の金額 国民保険が加算されていない,,0,,0.00
源泉徴収 社会保険料等の金額 国民健康保険,,0,,0.00
源泉徴収 社会保険料等の金額とは,,0,,0.00
源泉徴収 計算 社会保険料,,0,,0.00
源泉徴収 計算 社会保険料 国民年金,,0,,0.00
源泉徴収 計算 社会保険料 天引きなし,,0,,0.00
源泉徴収での社会保険料とは,,0,,0.00
源泉徴収の味方社会保険料などの金額に0円とその下にも数字がある,,0,,0.00
源泉徴収書 社会保険料,,0,,0.00
源泉徴収票 28年分 社会保険料 2段,,0,,0.00
源泉徴収票 28年分 社会保険料 2段 内書,,0,,0.00
源泉徴収票 30年度 エクセル 社会保険料,,0,,0.00
源泉徴収票 休職中の社会保険料,,0,,0.00
源泉徴収票 公務員 社会保険料,,0,,0.00
源泉徴収票 内 社会保険料,,0,,0.00
源泉徴収票 平成30年 社会保険料の金額 内,,0,,0.00
源泉徴収票 支払金額 社会保険料,,0,,0.00
源泉徴収票 確定申告 社会保険料等の金額,,0,,0.00
源泉徴収票 社会保険料 2段 ふるさと納税,,0,,0.00
源泉徴収票 社会保険料 カタカナ,,0,,0.00
源泉徴収票 社会保険料 二段,,0,,0.00
源泉徴収票 社会保険料 住民税,,0,,0.00
源泉徴収票 社会保険料 傷病手当金,,0,,0.00
源泉徴収票 社会保険料 内 とは,,0,,0.00
源泉徴収票 社会保険料 内訳 30年度,,0,,0.00
源泉徴収票 社会保険料 国民健康保険,,0,,0.00
源泉徴収票 社会保険料 国民年金,,0,,0.00
源泉徴収票 社会保険料 多い 可能性,,0,,0.00
源泉徴収票 社会保険料 小規模,,0,,0.00
源泉徴収票 社会保険料 年金,,0,,0.00
源泉徴収票 社会保険料 書き方,,0,,0.00
源泉徴収票 社会保険料 納付確認書 違う,,0,,0.00
源泉徴収票 社会保険料 納付確認書 金額が違う,,0,,0.00
源泉徴収票 社会保険料 見方,,0,,0.00
源泉徴収票 社会保険料 計算方法,,0,,0.00
源泉徴収票 社会保険料 記載なし,,0,,0.00
源泉徴収票 社会保険料 金額,,0,,0.00
源泉徴収票 社会保険料 金額 年収 計算,,0,,0.00
源泉徴収票 社会保険料 金額 年収から計算,,0,,0.00
源泉徴収票 社会保険料 間違い,,0,,0.00
源泉徴収票 社会保険料 雇用保険,,0,,0.00
源泉徴収票 社会保険料 雇用保険 控除,,0,,0.00
源泉徴収票 社会保険料 雇用保険料,,0,,0.00
源泉徴収票 社会保険料がマイナス,,0,,0.00
源泉徴収票 社会保険料などの金額,,0,,0.00
源泉徴収票 社会保険料などの金額 ideco,,0,,0.00
源泉徴収票 社会保険料などの金額 社会保険の種類は,,0,,0.00
源泉徴収票 社会保険料のみ,,0,,0.00
源泉徴収票 社会保険料の金額 2行,,0,,0.00
源泉徴収票 社会保険料等 計算方法,,0,,0.00
源泉徴収票 社会保険料等の 非課税通勤費 控除,,0,,0.00
源泉徴収票 社会保険料等の控除額,,0,,0.00
源泉徴収票 社会保険料等の金額 0円,,0,,0.00
源泉徴収票 社会保険料等の金額 2段,,0,,0.00
源泉徴収票 社会保険料等の金額 うち,,0,,0.00
源泉徴収票 社会保険料等の金額 パート,,0,,0.00
源泉徴収票 社会保険料等の金額 マイナス,,0,,0.00
源泉徴収票 社会保険料等の金額 内 ふるさと納税,,0,,0.00
源泉徴収票 社会保険料等の金額 内 確定申告,,0,,0.00
源泉徴収票 社会保険料等の金額 合わない,,0,,0.00
源泉徴収票 社会保険料等の金額 国民健康保険,,0,,0.00
源泉徴収票 社会保険料等の金額 国民年金,,0,,0.00
源泉徴収票 社会保険料等の金額 国民年金 含まれる,,0,,0.00
源泉徴収票 社会保険料等の金額 国民年金保険料,,0,,0.00
源泉徴収票 社会保険料等の金額 年収,,0,,0.00
源泉徴収票 社会保険料等の金額 確定審申告,,0,,0.00
源泉徴収票 社会保険料等の金額 確定拠出年金,,0,,0.00
源泉徴収票 社会保険料等の金額 確定申告,,0,,0.00
源泉徴収票 社会保険料等の金額 計算方法,,0,,0.00
源泉徴収票 社会保険料等の金額 雇用保険,,0,,0.00
源泉徴収票 社会保険料等の金額 雇用保険料,,0,,0.00
源泉徴収票 社会保険料等の金額とは,,0,,0.00
源泉徴収票 社会保険料額,,0,,0.00
源泉徴収票 自動計算 社会保険料等,,0,,0.00
源泉徴収票 見方 社会保険料 二段,,0,,0.00
源泉徴収票 見方 社会保険料等の金額 二段,,0,,0.00
源泉徴収票 退職 社会保険料等の金額 雇用保険,,0,,0.00
源泉徴収票 雇用保険のみ 社会保険料等,,0,,0.00
源泉徴収票に社会保険料がない,,0,,0.00
源泉徴収票に社会保険料等の記入が無い,,0,,0.00
源泉徴収票に記載のない社会保険料 任意継続,,0,,0.00
源泉徴収票に記載のない社会保険料や生命保険料は 後の 社会保険料控除 生命保険料控除 から入力してください,,0,,0.00
源泉徴収票に記載の社会保険料と後期高齢者医療保険料,,0,,0.00
源泉徴収票の書き方 小規模企業共済 社会保険料,,0,,0.00
源泉徴収票の社会保険料等に小規模企業共済は含まれるか,,0,,0.00
源泉徴収票の社会保険料等の金額,,0,,0.00
源泉徴収票の見方 平成30年 社会保険料の金額,,0,,0.00
源泉徴収票の見方 平成30年 社会保険料の金額 内,,0,,0.00
源泉徴収票の見方 社会保険料,,0,,0.00
源泉徴収票社会保険料 小規模,,0,,0.00
源泉徴収票社会保険料かっこは,,0,,0.00
源泉徴収票社会保険料等の金額国民健康保険,,0,,0.00
源泉徴収税額 社会保険料,,0,,0.00
源泉徴収税額 社会保険料などとは,,0,,0.00
源泉徴収税額 社会保険料等,,0,,0.00
源泉徴収税額 計算 社会保険料,,0,,0.00
源泉徴収税額とは 社会保険料,,0,,0.00
源泉徴収税額表での社会保険料とは,,0,,0.00
源泉徴収簿 8万円 社会保険料,,0,,0.00
源泉徴収簿 書き方 社会保険料等の控除額,,0,,0.00
源泉徴収簿 書き方 社会保険料等の控除額 住民税,,0,,0.00
源泉徴収簿 申告による社会保険料の控除分,,0,,0.00
源泉徴収簿 社会保険料など,,0,,0.00
源泉徴収簿 社会保険料等の控除額 ガソリン 支給,,0,,0.00
源泉徴収簿 社会保険料等の控除額 ガソリン代 業務しよう,,0,,0.00
源泉徴収簿 社会保険料等の控除額 ガソリン代 業務使用,,0,,0.00
源泉徴収簿 社会保険料等の控除額 住民税,,0,,0.00
源泉徴収簿 社会保険料等の控除額 通勤手当,,0,,0.00
源泉徴収簿 社会保険料等の控除額 雇用保険,,0,,0.00
源泉徴収簿 社会保険料等の控除額とは,,0,,0.00
源泉徴収簿 社会保険料等控除額,,0,,0.00
源泉徴収表 社会保険料等の金額 社会保険料控除,,0,,0.00
源泉徴収額 社会保険料,,0,,0.00
源泉徴収額 社会保険料とは,,0,,0.00
源泉所得税 社会保険料含まない,,0,,0.00
源泉所得税 社会保険料等とは 雇用保険,,0,,0.00
源泉税 社会保険料を引いた金額に課すのか,,0,,0.00
滞納した税金や社会保険料が免除,,0,,0.00
滞納した税金や社会保険料が免除 休眠,,0,,0.00
無収入 社会保険料 国保,,0,,0.00
無収入時 社会保険料 税金,,0,,0.00
無収入時社会保険料額,,0,,0.00
無報酬となった場合の社会保険料,,0,,0.00
無断退職 社会保険料 未納,,0,,0.00
無職 確定申告 社会保険料,,0,,0.00
無職 社会保険料 いくら,,0,,0.00
無職になっても税金や社会保険料 を支払わなければならない,,0,,0.00
無職の社会保険料,,0,,0.00
無職期間中 社会保険料,,0,,0.00
熊本市 厚生年金社会保険料,,0,,0.00
特別区民税 申告書 社会保険料,,0,,0.00
特別区民税 申告書 社会保険料 わからない,,0,,0.00
特別区民税 社会保険料,,0,,0.00
特別口座 社会保険料,,0,,0.00
特別徴収 異動届 記入例 控除社会保険料,,0,,0.00
特別徴収 社会保険料,,0,,0.00
特別徴収税 控除社会保険料,,0,,0.00
特別手当てが付いた月から社会保険料が上がった,,0,,0.00
特別手当てが付いた月から社会保険料が上がった 3ヶ月後からじゃないの,,0,,0.00
特別障害者 社会保険料,,0,,0.00
特定口座 社会保険料,,0,,0.00
独立 社会保険料,,0,,0.00
独立後の社会保険料,,0,,0.00
独立行政法人日本年金機構 秋田年金事務所 事業所社会保険料,,0,,0.00
独身 既婚 社会保険料,,0,,0.00
独身 養育費 社会保険料,,0,,0.00
独身者に全てしわ寄せ 税金 社会保険料,,0,,0.00
現物賞与 社会保険料,,0,,0.00
生前贈与 110万 社会保険料,,0,,0.00
生命保険 社会保険料,,0,,0.00
生命保険 社会保険料 確定申告,,0,,0.00
生活に必要な支出と税金や社会保険料の,,0,,0.00
生活に必要な支出と税金や社会保険料の合計金額,,0,,0.00
生活保護 収入控除 社会保険料,,0,,0.00
生涯 税金 社会保険料 平均,,0,,0.00
生計を一にする 社会保険料,,0,,0.00
産休 ボーナス 社会保険料,,0,,0.00
産休 予定日より早く生まれた場合 社会保険料,,0,,0.00
産休 月末 社会保険料,,0,,0.00
産休 有給 社会保険料,,0,,0.00
産休 無給 社会保険料,,0,,0.00
産休 産後 社会 保険 料,,0,,0.00
産休 社会保険料 フリーランス,,0,,0.00
産休 社会保険料 ボーナス,,0,,0.00
産休 社会保険料 公務員,,0,,0.00
産休 社会保険料 引かれてる,,0,,0.00
産休 社会保険料 日割り,,0,,0.00
産休 社会保険料 派遣,,0,,0.00
産休 社会保険料 返金,,0,,0.00
産休 給与 社会保険料,,0,,0.00
産休 給与 計算 社会 保険 料,,0,,0.00
産休 育休 美容師 社会保険料,,0,,0.00
産休 育休の社会保険料,,0,,0.00
産休 育休中の社会保険料 会社側,,0,,0.00
産休に入る月 社会保険料,,0,,0.00
産休中 ボーナス 社会保険料,,0,,0.00
産休中 社会保険料 年金,,0,,0.00
産休中 社会保険料 戻ってくる,,0,,0.00
産休中 社会保険料 扶養,,0,,0.00
産休中 育休中 社会保険料,,0,,0.00
産休中 退職 社会保険料,,0,,0.00
産休後いつまで社会保険料支払う,,0,,0.00
産休期間中の社会保険料 給与 控除,,0,,0.00
産休育休 社会保険料届出,,0,,0.00
産休育休 給与 社会保険料,,0,,0.00
産前 産後休業期間中の社会保険料の免除,,0,,0.00
産前 社会保険料,,0,,0.00
産前 社会保険料 計算,,0,,0.00
産前 社会保険料 計算 月単位,,0,,0.00
産前休暇中の社会保険料,,0,,0.00
産前産後 育児休暇 社会保険料,,0,,0.00
産前産後 育児休暇 社会保険料 会社負担,,0,,0.00
産前産後の休業 社会保険料,,0,,0.00
産前産後休暇 社会保険料還付,,0,,0.00
産前産後休暇中には 社会保険料である 厚生年金保険料,,0,,0.00
産前産後休業期間の社会保険料の免除申出,,0,,0.00
産前産後社会保険料還付 会社 本人,,0,,0.00
申告 妻 年金 源泉徴収票の社会保険料の額,,0,,0.00
申告 妻 源泉徴収票の社会保険料の額,,0,,0.00
申告 妻 社会保険料,,0,,0.00
申告 妻 社会保険料 源泉徴収票,,0,,0.00
申告による社会保険料の控除分 切り上げ,,0,,0.00
申告による社会保険料の控除分 単位,,0,,0.00
申告による社会保険料の控除分 社会保険,,0,,0.00
申告分離課税 社会保険料 保育料,,0,,0.00
申告分離課税 社会保険料 影響,,0,,0.00
申告所得に対する税 社会保険料負担率,,0,,0.00
男性 育休 社会保険料,,0,,0.00
男性 育休 社会保険料 いつ免除,,0,,0.00
男性 育休 社会保険料 ボーナス,,0,,0.00
男性 育休 社会保険料 免除されてない,,0,,0.00
画定申告 社会保険料 証明書,,0,,0.00
異動届出書 控除社会保険料額,,0,,0.00
異動届出書 特別徴収 控除社会保険料額,,0,,0.00
病気で休職 社会保険料,,0,,0.00
病気で働けない 社会保険料,,0,,0.00
病気などによる社会保険料未納の会社の対応,,0,,0.00
病気休暇 社会保険料,,0,,0.00
病気休暇 社会保険料 会社負担,,0,,0.00
病気休業 社会保険料,,0,,0.00
病気療養 社会保険料,,0,,0.00
白色 弥生 社会保険料,,0,,0.00
皆勤手当 社会保険料,,0,,0.00
盛岡市 社会保険料,,0,,0.00
盛岡市 社会保険料 一ヶ月,,0,,0.00
監査役報酬 社会保険料,,0,,0.00
監査法人 社会保険料,,0,,0.00
監督署 社会保険料を払っていない,,0,,0.00
直接支払った社会保険料,,0,,0.00
看護師 社会保険料,,0,,0.00
短時間労働者 社会保険料率,,0,,0.00
短期バイト 社会保険料発生,,0,,0.00
研修生 社会保険料,,0,,0.00
研修生 社会保険料 農業,,0,,0.00
破産 社会保険料 財団債権,,0,,0.00
確 社会保険料 freee,,0,,0.00
確定 申告 社会 保険 料 等 の 金額 内,,0,,0.00
確定 申告 社会保険料 2017,,0,,0.00
確定 申告 退職 後 の 社会 保険 料,,0,,0.00
確定 申告 配偶 者 年金 社会 保険 料,,0,,0.00
確定型拠出年金 社会保険料等,,0,,0.00
確定拠出型年金 社会保険料,,0,,0.00
確定拠出年金 マッチング拠出 社会保険料,,0,,0.00
確定拠出年金 拠出金 社会保険料,,0,,0.00
確定拠出年金 拠出金 社会保険料 根拠,,0,,0.00
確定拠出年金 社会保険料 法律,,0,,0.00
確定拠出年金 社会保険料 給与明細,,0,,0.00
確定拠出年金制度 社会保険料の負担軽減,,0,,0.00
確定拠出年金受取時 社会保険料,,0,,0.00
確定申告 アルバイト 社会保険料,,0,,0.00
確定申告 パート 社会保険料,,0,,0.00
確定申告 個人事業主 社会保険料,,0,,0.00
確定申告 傷病手当 社会保険料等の金額 支払金額,,0,,0.00
確定申告 公的年金等の源泉徴収票 金額が違う 社会保険料,,0,,0.00
確定申告 医療費控除 社会保険料 不明,,0,,0.00
確定申告 国民年金 社会保険料 源泉徴収票,,0,,0.00
確定申告 国民年金保険料等 社会保険料等 添付書類必要,,0,,0.00
確定申告 国民年金保険料等 社会保険料等 源泉徴収票 添付書類必要,,0,,0.00
確定申告 国民年金保険料等 社会保険料等 記入例,,0,,0.00
確定申告 妻 社会保険料,,0,,0.00
確定申告 子供の社会保険料,,0,,0.00
確定申告 家族 社会保険料,,0,,0.00
確定申告 専従者の社会保険料,,0,,0.00
確定申告 年の途中で退職 社会保険料,,0,,0.00
確定申告 年度途中退職 社会保険料 支払金額の合計を超える,,0,,0.00
確定申告 年末調整済み ふるさと納税 社会保険料,,0,,0.00
確定申告 年末調整済み 社会保険料,,0,,0.00
確定申告 年金 社会保険料,,0,,0.00
確定申告 年金 社会保険料 源泉徴収,,0,,0.00
確定申告 年金の源泉徴収票 社会保険料,,0,,0.00
確定申告 年金受給者 社会保険料 扶養に入っている妻の介護保険料,,0,,0.00
確定申告 扶養 社会保険料 家族,,0,,0.00
確定申告 扶養家族 社会保険料,,0,,0.00
確定申告 扶養者 社会保険料,,0,,0.00
確定申告 扶養者 社会保険料 ゼロ円,,0,,0.00
確定申告 振込手数料 社会保険料,,0,,0.00
確定申告 控除 忘れ 社会保険料,,0,,0.00
確定申告 控除 社会保険料 いくら,,0,,0.00
確定申告 損益通算 社会保険料,,0,,0.00
確定申告 更正 社会保険料,,0,,0.00
確定申告 更生 社会保険料,,0,,0.00
確定申告 未払 社会保険料,,0,,0.00
確定申告 添付書類 社会保険料領収書 添付,,0,,0.00
確定申告 添付資料 社会保険料,,0,,0.00
確定申告 源泉徴収票 社会保険料,,0,,0.00
確定申告 源泉徴収票 社会保険料等の金額,,0,,0.00
確定申告 源泉徴収票に 国民年金保険料等 と社会保険料等 が記載している場合 記入例,,0,,0.00
確定申告 源泉徴収票にない社会保険料を申告する,,0,,0.00
確定申告 源泉徴収票に社会保険料がない,,0,,0.00
確定申告 社会保険料 1月 3月,,0,,0.00
確定申告 社会保険料 わからない,,0,,0.00
確定申告 社会保険料 コピー,,0,,0.00
確定申告 社会保険料 不明,,0,,0.00
確定申告 社会保険料 世帯主,,0,,0.00
確定申告 社会保険料 世帯主 健康保険 年金,,0,,0.00
確定申告 社会保険料 介護保険料 夫婦合算,,0,,0.00
確定申告 社会保険料 仕訳,,0,,0.00
確定申告 社会保険料 健康保険,,0,,0.00
確定申告 社会保険料 入力,,0,,0.00
確定申告 社会保険料 公的 源泉徴収,,0,,0.00
確定申告 社会保険料 前納,,0,,0.00
確定申告 社会保険料 収入金額,,0,,0.00
確定申告 社会保険料 国民健康保険料,,0,,0.00
確定申告 社会保険料 家族分,,0,,0.00
確定申告 社会保険料 年をまたぐ,,0,,0.00
確定申告 社会保険料 戻る,,0,,0.00
確定申告 社会保険料 扶養,,0,,0.00
確定申告 社会保険料 扶養親族,,0,,0.00
確定申告 社会保険料 期間,,0,,0.00
確定申告 社会保険料 減らす,,0,,0.00
確定申告 社会保険料 源泉徴収票,,0,,0.00
確定申告 社会保険料 漏れ,,0,,0.00
確定申告 社会保険料 生命保険 旧制度 新制度,,0,,0.00
確定申告 社会保険料 皇女証明書,,0,,0.00
確定申告 社会保険料 等級,,0,,0.00
確定申告 社会保険料 紛失,,0,,0.00
確定申告 社会保険料 自己負担,,0,,0.00
確定申告 社会保険料 見込,,0,,0.00
確定申告 社会保険料 見込み,,0,,0.00
確定申告 社会保険料 見込額,,0,,0.00
確定申告 社会保険料 証明書 高松市,,0,,0.00
確定申告 社会保険料 退職,,0,,0.00
確定申告 社会保険料 間違えた,,0,,0.00
確定申告 社会保険料 領収日,,0,,0.00
確定申告 社会保険料 領収書 原本,,0,,0.00
確定申告 社会保険料 領収証添付,,0,,0.00
確定申告 社会保険料いつからいつまで,,0,,0.00
確定申告 社会保険料と国民健康保険料両方控除,,0,,0.00
確定申告 社会保険料と生命保険料 入力 源泉徴収,,0,,0.00
確定申告 社会保険料と生命保険料 入力 源泉徴収 h30,,0,,0.00
確定申告 社会保険料と生命保険料 入力しない,,0,,0.00
確定申告 社会保険料の種類 任意継続保険,,0,,0.00
確定申告 社会保険料の種類 任意継続健康保険,,0,,0.00
確定申告 社会保険料の金額とは,,0,,0.00
確定申告 社会保険料控除 社会保険料,,0,,0.00
確定申告 社会保険料控除 社会保険料で記入,,0,,0.00
確定申告 社会保険料明細 必要か,,0,,0.00
確定申告 社会保険料皇女,,0,,0.00
確定申告 社会保険料等 記入例,,0,,0.00
確定申告 社会保険料等に係る控除証明書等の記載事項,,0,,0.00
確定申告 社会保険料等の金額 二段,,0,,0.00
確定申告 給与所得より社会保険料が高い 還付,,0,,0.00
確定申告 繰越損失 翌年の社会保険料,,0,,0.00
確定申告 被扶養者 社会保険料 ゼロ円,,0,,0.00
確定申告 親の社会保険料,,0,,0.00
確定申告 赤字 社会保険料,,0,,0.00
確定申告 退職 源泉徴収 社会保険料,,0,,0.00
確定申告 退職 社会保険料とは,,0,,0.00
確定申告 途中退職 社会保険料,,0,,0.00
確定申告 還付金 社会保険料,,0,,0.00
確定申告 配偶者 介護保険料支払い額 社会保険料,,0,,0.00
確定申告 配偶者の介護保険料支払い額 社会保険料,,0,,0.00
確定申告 配偶者の所得 源泉徴収票 社会保険料,,0,,0.00
確定申告 配偶者の所得 社会保険料,,0,,0.00
確定申告 配偶者の所得 給与所得に社会保険料が含まれる,,0,,0.00
確定申告 高齢者妻扶養 社会保険料,,0,,0.00
確定申告aの社会保険料を今年払った場合,,0,,0.00
確定申告b パート先社会保険料等の金額,,0,,0.00
確定申告で社会保険料や住民税,,0,,0.00
確定申告で社会保険料納付証明として源泉票を添付しますが月毎に納付書で払う方は何を添付,,0,,0.00
確定申告後の社会保険料の間違い,,0,,0.00
確定申告書 社会保険料種類,,0,,0.00
確定申告書 社会保険料等の控除 記入,,0,,0.00
確定申告自分でする 社会保険料,,0,,0.00
社会 保険 料 1 年 平均,,0,,0.00
社会 保険 料 2016,,0,,0.00
社会 保険 料 2017,,0,,0.00
社会 保険 料 2018,,0,,0.00
社会 保険 料 2019 年 9 月,,0,,0.00
社会 保険 料 2019 年度,,0,,0.00
社会 保険 料 26 年 9 月,,0,,0.00
社会 保険 料 27 年 9 月,,0,,0.00
社会 保険 料 27 年度,,0,,0.00
社会 保険 料 28 年度,,0,,0.00
社会 保険 料 29 年,,0,,0.00
社会 保険 料 29 年 9 月,,0,,0.00
社会 保険 料 29 年度,,0,,0.00
社会 保険 料 30 代,,0,,0.00
社会 保険 料 30 年度,,0,,0.00
社会 保険 料 30 年度 9 月,,0,,0.00
社会 保険 料 30 年度 東京 都,,0,,0.00
社会 保険 料 30 年度 計算,,0,,0.00
社会 保険 料 31 年,,0,,0.00
社会 保険 料 31 年 10 月,,0,,0.00
社会 保険 料 31 年度,,0,,0.00
社会 保険 料 31 年度 計算,,0,,0.00
社会 保険 料 4 月 5 月 6 月 無職,,0,,0.00
社会 保険 料 9 月 2019,,0,,0.00
社会 保険 料 h26,,0,,0.00
社会 保険 料 h29,,0,,0.00
社会 保険 料 h29 年,,0,,0.00
社会 保険 料 h30 4 月,,0,,0.00
社会 保険 料 h30 年,,0,,0.00
社会 保険 料 h31,,0,,0.00
社会 保険 料 pdf,,0,,0.00
社会 保険 料 と わ,,0,,0.00
社会 保険 料 の 免除 3 歳,,0,,0.00
社会 保険 料 の 処理,,0,,0.00
社会 保険 料 の 自己 負担,,0,,0.00
社会 保険 料 の 領収 書 クレジット カード,,0,,0.00
社会 保険 料 やめた とき,,0,,0.00
社会 保険 料 を 合法 的 に 削減 する 方法,,0,,0.00
社会 保険 料 を 安く する 方法 税務 研究 会,,0,,0.00
社会 保険 料 を 安く する 法,,0,,0.00
社会 保険 料 シュミレーション 2018,,0,,0.00
社会 保険 料 データ,,0,,0.00
社会 保険 料 事務,,0,,0.00
社会 保険 料 事業 主 負担 出向,,0,,0.00
社会 保険 料 仕訳 日付,,0,,0.00
社会 保険 料 仙台,,0,,0.00
社会 保険 料 会社 負担 分 自動 計算,,0,,0.00
社会 保険 料 個人 負担 未 徴収,,0,,0.00
社会 保険 料 値上げ 2014,,0,,0.00
社会 保険 料 値上げ 2017,,0,,0.00
社会 保険 料 値上げ 2018,,0,,0.00
社会 保険 料 値上げ 2019,,0,,0.00
社会 保険 料 値上げ 2019 9 月,,0,,0.00
社会 保険 料 値上げ 2020,,0,,0.00
社会 保険 料 値上げ いつまで,,0,,0.00
社会 保険 料 債務 確定 時期,,0,,0.00
社会 保険 料 優先 債権,,0,,0.00
社会 保険 料 先取り,,0,,0.00
社会 保険 料 全額 負担 相談,,0,,0.00
社会 保険 料 共済 短期,,0,,0.00
社会 保険 料 削減 の スキーム に 潜む 税務 リスク,,0,,0.00
社会 保険 料 前年 所得,,0,,0.00
社会 保険 料 労働 の 対価,,0,,0.00
社会 保険 料 千 分 率,,0,,0.00
社会 保険 料 可 処分 所得,,0,,0.00
社会 保険 料 各国,,0,,0.00
社会 保険 料 合法 的 削減,,0,,0.00
社会 保険 料 圧縮,,0,,0.00
社会 保険 料 売掛金 差押,,0,,0.00
社会 保険 料 変更 7 月,,0,,0.00
社会 保険 料 変更 平成 30 年,,0,,0.00
社会 保険 料 大阪 26 年,,0,,0.00
社会 保険 料 大阪 29 年,,0,,0.00
社会 保険 料 大阪 30 年,,0,,0.00
社会 保険 料 大阪 31 年,,0,,0.00
社会 保険 料 安く する 賞与,,0,,0.00
社会 保険 料 差押 解除,,0,,0.00
社会 保険 料 平成 26 年,,0,,0.00
社会 保険 料 平成 27 年 4 月,,0,,0.00
社会 保険 料 平成 27 年 9 月,,0,,0.00
社会 保険 料 平成 27 年度,,0,,0.00
社会 保険 料 平成 28 年 10 月,,0,,0.00
社会 保険 料 平成 29,,0,,0.00
社会 保険 料 平成 29 年 10 月,,0,,0.00
社会 保険 料 平成 29 年 3 月,,0,,0.00
社会 保険 料 平成 29 年 4 月,,0,,0.00
社会 保険 料 平成 29 年 8 月,,0,,0.00
社会 保険 料 平成 29 年 9 月,,0,,0.00
社会 保険 料 平成 30 年 1 月,,0,,0.00
社会 保険 料 平成 30 年 3 月,,0,,0.00
社会 保険 料 平成 30 年 9 月,,0,,0.00
社会 保険 料 平成 30 年度,,0,,0.00
社会 保険 料 平成 31 年度,,0,,0.00
社会 保険 料 年収 2000 万,,0,,0.00
社会 保険 料 延滞 金 免除 法人,,0,,0.00
社会 保険 料 延滞 金 損金 計上,,0,,0.00
社会 保険 料 延滞 金 消費 税 区分,,0,,0.00
社会 保険 料 延滞 金 申告 書,,0,,0.00
社会 保険 料 建設 業 見積,,0,,0.00
社会 保険 料 当月 徴収 問題,,0,,0.00
社会 保険 料 役割,,0,,0.00
社会 保険 料 徴収 し すぎ た,,0,,0.00
社会 保険 料 払っ て くれ ない,,0,,0.00
社会 保険 料 抑制,,0,,0.00
社会 保険 料 抜け道,,0,,0.00
社会 保険 料 支払 ベース,,0,,0.00
社会 保険 料 支払い 困難,,0,,0.00
社会 保険 料 改定 2017,,0,,0.00
社会 保険 料 改定 2018,,0,,0.00
社会 保険 料 改定 2018 10 月,,0,,0.00
社会 保険 料 改定 2019,,0,,0.00
社会 保険 料 改定 2019 10 月,,0,,0.00
社会 保険 料 改定 2019 年 9 月,,0,,0.00
社会 保険 料 改定 2020,,0,,0.00
社会 保険 料 改定 差額,,0,,0.00
社会 保険 料 改定 平成 29 年,,0,,0.00
社会 保険 料 改定 平成 30 年,,0,,0.00
社会 保険 料 料率 30 年,,0,,0.00
社会 保険 料 料率 30 年 9 月,,0,,0.00
社会 保険 料 料率 平成 26 年,,0,,0.00
社会 保険 料 料率 平成 29 年,,0,,0.00
社会 保険 料 料率 平成 30 年,,0,,0.00
社会 保険 料 料率 平成 30 年 9 月,,0,,0.00
社会 保険 料 料率 平成 30 年度,,0,,0.00
社会 保険 料 料率 給与 賞与,,0,,0.00
社会 保険 料 新潟 市,,0,,0.00
社会 保険 料 早見 表 27 年,,0,,0.00
社会 保険 料 早見 表 平成 27 年,,0,,0.00
社会 保険 料 早見 表 平成 30 年,,0,,0.00
社会 保険 料 暫定,,0,,0.00
社会 保険 料 月 ずれ,,0,,0.00
社会 保険 料 月額 変更 届 役員,,0,,0.00
社会 保険 料 未 徴収 仕訳,,0,,0.00
社会 保険 料 未納 年末 調整,,0,,0.00
社会 保険 料 末日 退職 の 場合,,0,,0.00
社会 保険 料 本人 負担 分 未納,,0,,0.00
社会 保険 料 東京 29 年,,0,,0.00
社会 保険 料 欠勤 全額 負担,,0,,0.00
社会 保険 料 江東 区,,0,,0.00
社会 保険 料 洗 替,,0,,0.00
社会 保険 料 派遣 金額,,0,,0.00
社会 保険 料 深夜 手当,,0,,0.00
社会 保険 料 減額 スキーム,,0,,0.00
社会 保険 料 滞納 仕訳,,0,,0.00
社会 保険 料 滞納 倒産,,0,,0.00
社会 保険 料 滞納 死亡,,0,,0.00
社会 保険 料 滞納 率,,0,,0.00
社会 保険 料 無料 相談,,0,,0.00
社会 保険 料 特定 保険 料率,,0,,0.00
社会 保険 料 産前 返金,,0,,0.00
社会 保険 料 督促 手数料,,0,,0.00
社会 保険 料 節約 法人,,0,,0.00
社会 保険 料 節約 違法,,0,,0.00
社会 保険 料 納付 仕方,,0,,0.00
社会 保険 料 納付 半年,,0,,0.00
社会 保険 料 納付 年金 事務 所,,0,,0.00
社会 保険 料 納付 明細,,0,,0.00
社会 保険 料 納付 漏れ,,0,,0.00
社会 保険 料 納付 郵便 局,,0,,0.00
社会 保険 料 納入 告知 書 内訳,,0,,0.00
社会 保険 料 納入 告知 書 明細,,0,,0.00
社会 保険 料 納入 告知 書 誤差,,0,,0.00
社会 保険 料 納入 確認 書 熊本,,0,,0.00
社会 保険 料 納入 確認 書 秋田,,0,,0.00
社会 保険 料 納入 証明 書 岡山,,0,,0.00
社会 保険 料 納入 証明 書 岡山 市,,0,,0.00
社会 保険 料 納税 の 猶予,,0,,0.00
社会 保険 料 表 平成 29 年,,0,,0.00
社会 保険 料 表 平成 30 年,,0,,0.00
社会 保険 料 計算 2018,,0,,0.00
社会 保険 料 計算 2019,,0,,0.00
社会 保険 料 計算 2020,,0,,0.00
社会 保険 料 計算 27 年,,0,,0.00
社会 保険 料 計算 29 年,,0,,0.00
社会 保険 料 計算 ソフト 無料,,0,,0.00
社会 保険 料 計算 再 雇用,,0,,0.00
社会 保険 料 計算 岡山,,0,,0.00
社会 保険 料 計算 平成 29 年,,0,,0.00
社会 保険 料 計算 方法 2018,,0,,0.00
社会 保険 料 計算 方法 東京,,0,,0.00
社会 保険 料 誤り 年末 調整,,0,,0.00
社会 保険 料 調整 手当,,0,,0.00
社会 保険 料 財団 債権,,0,,0.00
社会 保険 料 賃金 控除,,0,,0.00
社会 保険 料 贈与,,0,,0.00
社会 保険 料 週 3 日 勤務,,0,,0.00
社会 保険 料 週 払い 計算,,0,,0.00
社会 保険 料 過 徴収 処理,,0,,0.00
社会 保険 料 過 徴収 年末 調整,,0,,0.00
社会 保険 料 適正 化 コンサルタント,,0,,0.00
社会 保険 料 適正 化 ソフト,,0,,0.00
社会 保険 料 適正 化 ネットワーク,,0,,0.00
社会 保険 料 適正 化 研究 所,,0,,0.00
社会 保険 料 適正 化 研究 所 評判,,0,,0.00
社会 保険 料 零細 企業,,0,,0.00
社会 保険 料 非 免責 債権,,0,,0.00
社会 保険 料 額 表 29 年,,0,,0.00
社会 保険 料 額 表 29 年 9 月,,0,,0.00
社会 保険 料 額 表 30 年 9 月,,0,,0.00
社会 保険 料 額 表 平成 29 年 9 月,,0,,0.00
社会 保険 料 額 表 平成 30 年,,0,,0.00
社会 保険 料 額 表 平成 31 年,,0,,0.00
社会 保険 料率 14,,0,,0.00
社会 保険 料率 2019,,0,,0.00
社会 保険 料率 26 年,,0,,0.00
社会 保険 料率 27 年度,,0,,0.00
社会 保険 料率 29,,0,,0.00
社会 保険 料率 29 年度,,0,,0.00
社会 保険 料率 30 年,,0,,0.00
社会 保険 料率 30 年度,,0,,0.00
社会 保険 料率 31 年,,0,,0.00
社会 保険 料率 31 年度,,0,,0.00
社会 保険 料率 h29,,0,,0.00
社会 保険 料率 変更 平成 30 年 9 月,,0,,0.00
社会 保険 料率 平成 27 年度,,0,,0.00
社会 保険 料率 平成 29 年,,0,,0.00
社会 保険 料率 平成 30 年,,0,,0.00
社会 保険 料率 平成 30 年 9 月,,0,,0.00
社会 保険 料率 平成 30 年度,,0,,0.00
社会 保険 料率 平成 31 年,,0,,0.00
社会 保険 料率 平成 31 年度,,0,,0.00
社会 保険 料率 特定 保険 料,,0,,0.00
社会 保険 料率 表 26,,0,,0.00
社会 保険 料率 表 26 年,,0,,0.00
社会 保険 料率 表 31,,0,,0.00
社会 保険 料率 表 平成 26 年,,0,,0.00
社会 保険 料率 表 平成 28 年 9 月,,0,,0.00
社会 保険 料率 表 平成 29 年 9 月,,0,,0.00
社会 保険 料率 表 平成 30 年,,0,,0.00
社会 保険 料率 表 平成 30 年度,,0,,0.00
社会 保険 料率 表 平成 31 年,,0,,0.00
社会 保険 料率 表 平成 31 年度,,0,,0.00
社会 保険 料率 都 道府県 別,,0,,0.00
社会 保険 料金 額 計算 saitama,,0,,0.00
社会 保険料 役員報酬 証明,,0,,0.00
社会 保険料 滞納 会社 破産,,0,,0.00
社会 保険料 賞与 算定,,0,,0.00
社会 保険料 違う 年金事務所,,0,,0.00
社会 保険料 違う 年金機工,,0,,0.00
社会 保険料 違う 年金機構,,0,,0.00
社会人一年目 社会保険料,,0,,0.00
社会保 険料,,0,,0.00
社会保険 料率 1人社長,,0,,0.00
社会保険 料率 変更 タイミング,,0,,0.00
社会保険 料率 岡山 特定保健両立,,0,,0.00
社会保険 料率 岡山 特定保険料率,,0,,0.00
社会保険 料率 所得額,,0,,0.00
社会保険 料率 給料変動,,0,,0.00
社会保険 料率変更 29年,,0,,0.00
社会保険 料率変更 9月,,0,,0.00
社会保険 料率変更 平成31年,,0,,0.00
社会保険 料率表 31年,,0,,0.00
社会保険 料率表 熊本,,0,,0.00
社会保険 料額表 岡山,,0,,0.00
社会保険 最新ニュース社会保険料の滞納者,,0,,0.00
社会保険 社会保険料,,0,,0.00
社会保険事務所 今までの社会保険料証明書,,0,,0.00
社会保険事務所 社会保険料 引き落とし,,0,,0.00
社会保険料 0 役員報酬,,0,,0.00
社会保険料 0話,,0,,0.00
社会保険料 1000万,,0,,0.00
社会保険料 103万 古い,,0,,0.00
社会保険料 106万 働き損,,0,,0.00
社会保険料 106万円の壁,,0,,0.00
社会保険料 10万とられる,,0,,0.00
社会保険料 10万円,,0,,0.00
社会保険料 10年,,0,,0.00
社会保険料 10年前 比較,,0,,0.00
社会保険料 10年間,,0,,0.00
社会保険料 10年間 上昇,,0,,0.00
社会保険料 10月 2019,,0,,0.00
社会保険料 10月 パート,,0,,0.00
社会保険料 10月以降,,0,,0.00
社会保険料 10月入社,,0,,0.00
社会保険料 10月分,,0,,0.00
社会保険料 10月改定,,0,,0.00
社会保険料 10月納付,,0,,0.00
社会保険料 10月納付分,,0,,0.00
社会保険料 12,,0,,0.00
社会保険料 12月分とは,,0,,0.00
社会保険料 12月分とは 末締め翌月払い,,0,,0.00
社会保険料 130,,0,,0.00
社会保険料 130万円 交通費,,0,,0.00
社会保険料 130万未満 報酬月額表,,0,,0.00
社会保険料 131マン,,0,,0.00
社会保険料 14.1,,0,,0.00
社会保険料 14.22,,0,,0.00
社会保険料 14万,,0,,0.00
社会保険料 15022,,0,,0.00
社会保険料 150万,,0,,0.00
社会保険料 15日締め,,0,,0.00
社会保険料 15日締め25日払い,,0,,0.00
社会保険料 15日退職,,0,,0.00
社会保険料 16,,0,,0.00
社会保険料 16 340円,,0,,0.00
社会保険料 17000円,,0,,0.00
社会保険料 1ヶ月休み,,0,,0.00
社会保険料 1ヶ月休み パート,,0,,0.00
社会保険料 1ヶ月働かなかった 会計処理,,0,,0.00
社会保険料 1ヶ月働かなかった 処理,,0,,0.00
社会保険料 1万 値上がり,,0,,0.00
社会保険料 1円未満 間違い,,0,,0.00
社会保険料 1円誤差,,0,,0.00
社会保険料 1割負担 所得上限,,0,,0.00
社会保険料 1年まとめて,,0,,0.00
社会保険料 1年目,,0,,0.00
社会保険料 1日,,0,,0.00
社会保険料 1日あたり,,0,,0.00
社会保険料 1月,,0,,0.00
社会保険料 1月から3月,,0,,0.00
社会保険料 1月に,,0,,0.00
社会保険料 1等級以下,,0,,0.00
社会保険料 1等級未満,,0,,0.00
社会保険料 2 4 随時改定,,0,,0.00
社会保険料 2017年10月,,0,,0.00
社会保険料 2018 計算,,0,,0.00
社会保険料 2018年 所得,,0,,0.00
社会保険料 2019 10月,,0,,0.00
社会保険料 2019年10月,,0,,0.00
社会保険料 2019年4月,,0,,0.00
社会保険料 2019年9月 変更,,0,,0.00
社会保険料 2019年度,,0,,0.00
社会保険料 2020,,0,,0.00
社会保険料 2020年1月,,0,,0.00
社会保険料 2020年3月,,0,,0.00
社会保険料 2020年度,,0,,0.00
社会保険料 20日締め,,0,,0.00
社会保険料 20日締め 退職,,0,,0.00
社会保険料 20時間 副業,,0,,0.00
社会保険料 20時間以上,,0,,0.00
社会保険料 23万,,0,,0.00
社会保険料 23区,,0,,0.00
社会保険料 24万,,0,,0.00
社会保険料 27年9月 10月控除,,0,,0.00
社会保険料 28.2,,0,,0.00
社会保険料 29355,,0,,0.00
社会保険料 29355円,,0,,0.00
社会保険料 29年 計算,,0,,0.00
社会保険料 29年1月,,0,,0.00
社会保険料 29年1月改正,,0,,0.00
社会保険料 29年4月 2か所勤務,,0,,0.00
社会保険料 29年4月 2カ所勤務,,0,,0.00
社会保険料 29年4月から,,0,,0.00
社会保険料 2か月 当月,,0,,0.00
社会保険料 2か月分 会社,,0,,0.00
社会保険料 2か月分 入社,,0,,0.00
社会保険料 2か月分控除,,0,,0.00
社会保険料 2万,,0,,0.00
社会保険料 2事業所以上の勤務,,0,,0.00
社会保険料 2年前納についつえ,,0,,0.00
社会保険料 2年前納について,,0,,0.00
社会保険料 2年目,,0,,0.00
社会保険料 2月引き落とし日 法人,,0,,0.00
社会保険料 2枚ある,,0,,0.00
社会保険料 2段,,0,,0.00
社会保険料 2社 139万円,,0,,0.00
社会保険料 2等級以上 変更,,0,,0.00
社会保険料 2等級以上の変動 いつ申告,,0,,0.00
社会保険料 3 4,,0,,0.00
社会保険料 3 5 随時改定,,0,,0.00
社会保険料 3 5月,,0,,0.00
社会保険料 3000円 減額,,0,,0.00
社会保険料 30万円 還付,,0,,0.00
社会保険料 30年 東京,,0,,0.00
社会保険料 30年10月 値上げ,,0,,0.00
社会保険料 30年10月から,,0,,0.00
社会保険料 30年10月から 第3号,,0,,0.00
社会保険料 30年3月,,0,,0.00
社会保険料 30年度 保険料率,,0,,0.00
社会保険料 30年度 保険料率 短期,,0,,0.00
社会保険料 30年度 保険料率 短期 厚生年金,,0,,0.00
社会保険料 30年度 保険料率 自衛官,,0,,0.00
社会保険料 30年度 源泉徴収 算出税額,,0,,0.00
社会保険料 30時間,,0,,0.00
社会保険料 31,,0,,0.00
社会保険料 31 広島,,0,,0.00
社会保険料 31年1月,,0,,0.00
社会保険料 31年度 長野,,0,,0.00
社会保険料 31日退職,,0,,0.00
社会保険料 31日退職 二重 転職,,0,,0.00
社会保険料 32万,,0,,0.00
社会保険料 32万 会社負担,,0,,0.00
社会保険料 345,,0,,0.00
社会保険料 39歳から40歳,,0,,0.00
社会保険料 3か月平均,,0,,0.00
社会保険料 3ヵ月を超える,,0,,0.00
社会保険料 3ヵ月以内,,0,,0.00
社会保険料 3ヶ月に1回,,0,,0.00
社会保険料 3割,,0,,0.00
社会保険料 3月 4月 5月 下げる,,0,,0.00
社会保険料 3月 4月 5月 教えて,,0,,0.00
社会保険料 3月 4月 5月 教えて 知恵袋,,0,,0.00
社会保険料 3月 4月 5月 教えて 知恵袋 支払日,,0,,0.00
社会保険料 3月 4月 5月 決算付き,,0,,0.00
社会保険料 3月 4月 5月 決算月,,0,,0.00
社会保険料 3月 4月 5月 派遣,,0,,0.00
社会保険料 3月 4月 5月 派遣短期の場合,,0,,0.00
社会保険料 3月 4月 5月に働いた分,,0,,0.00
社会保険料 3月で退職,,0,,0.00
社会保険料 3月に給与が上がった場合,,0,,0.00
社会保険料 4 5 5 申告,,0,,0.00
社会保険料 4 5 6 申告,,0,,0.00
社会保険料 4 6月の給与,,0,,0.00
社会保険料 4-6月,,0,,0.00
社会保険料 4000円 減額,,0,,0.00
社会保険料 400円の差,,0,,0.00
社会保険料 401k,,0,,0.00
社会保険料 40260,,0,,0.00
社会保険料 456 嘘,,0,,0.00
社会保険料 456 計算,,0,,0.00
社会保険料 456 計算 平成31年,,0,,0.00
社会保険料 4から6月,,0,,0.00
社会保険料 4万 給料11万,,0,,0.00
社会保険料 4人,,0,,0.00
社会保険料 4分の1,,0,,0.00
社会保険料 4分の1 会社負担,,0,,0.00
社会保険料 4月 5月 6月 年末調整,,0,,0.00
社会保険料 4月 6月 標準報酬月額,,0,,0.00
社会保険料 4月 6月 標準報酬月額 のしくみ,,0,,0.00
社会保険料 4月 給料 たまたま,,0,,0.00
社会保険料 4月から6月 ボーナス,,0,,0.00
社会保険料 4月から6月 交通費,,0,,0.00
社会保険料 4月から6月 休職,,0,,0.00
社会保険料 4月から6月 年末調整,,0,,0.00
社会保険料 4月から6月 役員,,0,,0.00
社会保険料 4月から6月 残業,,0,,0.00
社会保険料 4月から6月 無職,,0,,0.00
社会保険料 4月から6月 表,,0,,0.00
社会保険料 4月から6月 計算,,0,,0.00
社会保険料 4月から6月 賞与,,0,,0.00
社会保険料 4月から6月の給与,,0,,0.00
社会保険料 4月分給与 6月分給与,,0,,0.00
社会保険料 50万所得,,0,,0.00
社会保険料 56000円,,0,,0.00
社会保険料 570円,,0,,0.00
社会保険料 5万 年収,,0,,0.00
社会保険料 5万円,,0,,0.00
社会保険料 5万円 控除,,0,,0.00
社会保険料 5月改定,,0,,0.00
社会保険料 5月改定 算定基礎届,,0,,0.00
社会保険料 5等級,,0,,0.00
社会保険料 5等級以上,,0,,0.00
社会保険料 5銭,,0,,0.00
社会保険料 60万,,0,,0.00
社会保険料 60歳以上 社長,,0,,0.00
社会保険料 60歳到達,,0,,0.00
社会保険料 65 880,,0,,0.00
社会保険料 650万えん,,0,,0.00
社会保険料 65歳 誕生日,,0,,0.00
社会保険料 65歳以上 介護保険,,0,,0.00
社会保険料 65歳以上 会社負担,,0,,0.00
社会保険料 68歳,,0,,0.00
社会保険料 6万,,0,,0.00
社会保険料 6月 ボーナス,,0,,0.00
社会保険料 6月1日入社,,0,,0.00
社会保険料 6月から給料増額 届,,0,,0.00
社会保険料 700万円,,0,,0.00
社会保険料 70マン,,0,,0.00
社会保険料 70才,,0,,0.00
社会保険料 70歳以上 役員,,0,,0.00
社会保険料 72才,,0,,0.00
社会保険料 72歳,,0,,0.00
社会保険料 7500,,0,,0.00
社会保険料 7511,,0,,0.00
社会保険料 7511円,,0,,0.00
社会保険料 75才,,0,,0.00
社会保険料 75才以上,,0,,0.00
社会保険料 75歳 いつまで,,0,,0.00
社会保険料 75歳以上 17000円,,0,,0.00
社会保険料 77000円,,0,,0.00
社会保険料 78才,,0,,0.00
社会保険料 7万,,0,,0.00
社会保険料 7月,,0,,0.00
社会保険料 7月から,,0,,0.00
社会保険料 7月から 上がった,,0,,0.00
社会保険料 7月以降残業,,0,,0.00
社会保険料 7月分 高い,,0,,0.00
社会保険料 7月改定,,0,,0.00
社会保険料 8.8万超えた,,0,,0.00
社会保険料 80万,,0,,0.00
社会保険料 80万円,,0,,0.00
社会保険料 80歳,,0,,0.00
社会保険料 88000円 厚生年金保険料,,0,,0.00
社会保険料 88200円ならいくら,,0,,0.00
社会保険料 8月 天引き,,0,,0.00
社会保険料 9,,0,,0.00
社会保険料 90万,,0,,0.00
社会保険料 9万,,0,,0.00
社会保険料 9月 10月,,0,,0.00
社会保険料 9月 2019,,0,,0.00
社会保険料 9月 上がる,,0,,0.00
社会保険料 9月 上がる 平成31,,0,,0.00
社会保険料 9月分から,,0,,0.00
社会保険料 ey,,0,,0.00
社会保険料 freee,,0,,0.00
社会保険料 freee 処理,,0,,0.00
社会保険料 freee 金額,,0,,0.00
社会保険料 freeway 勘定科目,,0,,0.00
社会保険料 fx,,0,,0.00
社会保険料 gw,,0,,0.00
社会保険料 h29.4,,0,,0.00
社会保険料 h31.4,,0,,0.00
社会保険料 ikura,,0,,0.00
社会保険料 its,,0,,0.00
社会保険料 jr,,0,,0.00
社会保険料 kamoku,,0,,0.00
社会保険料 keisan,,0,,0.00
社会保険料 max,,0,,0.00
社会保険料 neage,,0,,0.00
社会保険料 oka,,0,,0.00
社会保険料 pdf,,0,,0.00
社会保険料 pl,,0,,0.00
社会保険料 tjk,,0,,0.00
社会保険料 あがった,,0,,0.00
社会保険料 いきなり上がる,,0,,0.00
社会保険料 いくら 7万円,,0,,0.00
社会保険料 いくら パート,,0,,0.00
社会保険料 いくら 折半,,0,,0.00
社会保険料 いくら 給料 19万円,,0,,0.00
社会保険料 いくら 計算,,0,,0.00
社会保険料 いくらから 役員報酬,,0,,0.00
社会保険料 いくらからかかる,,0,,0.00
社会保険料 いくらくらい,,0,,0.00
社会保険料 いくらくらい アルバイト,,0,,0.00
社会保険料 いくらぐらい引かれる,,0,,0.00
社会保険料 いくらまでならかからない,,0,,0.00
社会保険料 いくら払ったか,,0,,0.00
社会保険料 いくら支払う,,0,,0.00
社会保険料 いつ,,0,,0.00
社会保険料 いつからいつ,,0,,0.00
社会保険料 いつからいつまで,,0,,0.00
社会保険料 いつからかかる,,0,,0.00
社会保険料 いつから免除,,0,,0.00
社会保険料 いつから発生,,0,,0.00
社会保険料 いつかわる,,0,,0.00
社会保険料 いつごろ,,0,,0.00
社会保険料 いつのボーナス,,0,,0.00
社会保険料 いつの分,,0,,0.00
社会保険料 いつの所得,,0,,0.00
社会保険料 いつの所得 残業,,0,,0.00
社会保険料 いつまで 退職,,0,,0.00
社会保険料 いつ払う,,0,,0.00
社会保険料 いつ決まる,,0,,0.00
社会保険料 うきは市,,0,,0.00
社会保険料 おかしい,,0,,0.00
社会保険料 お得,,0,,0.00
社会保険料 かからない 出張経費,,0,,0.00
社会保険料 きつい,,0,,0.00
社会保険料 きょうかいけんぽ,,0,,0.00
社会保険料 けんぽ組合 4月,,0,,0.00
社会保険料 こうじょ 後から,,0,,0.00
社会保険料 こくみん,,0,,0.00
社会保険料 ごまかし 罰則,,0,,0.00
社会保険料 ごまかす,,0,,0.00
社会保険料 さかのぼって変更,,0,,0.00
社会保険料 さんしゅつ,,0,,0.00
社会保険料 ざっくり計算,,0,,0.00
社会保険料 しちがつ,,0,,0.00
社会保険料 じぶんで,,0,,0.00
社会保険料 すぐに退職,,0,,0.00
社会保険料 ずれ,,0,,0.00
社会保険料 たかい,,0,,0.00
社会保険料 だいたい 14万円,,0,,0.00
社会保険料 ちょうしゅう,,0,,0.00
社会保険料 とりすぎ,,0,,0.00
社会保険料 どうやって決める,,0,,0.00
社会保険料 どう決まる,,0,,0.00
社会保険料 どこで見る,,0,,0.00
社会保険料 どこに払う,,0,,0.00
社会保険料 どこに納める,,0,,0.00
社会保険料 どのくらい引かれる,,0,,0.00
社会保険料 どの保険が安いか,,0,,0.00
社会保険料 どれぐらい,,0,,0.00
社会保険料 なぜ高い,,0,,0.00
社会保険料 はがき,,0,,0.00
社会保険料 はがき 学生,,0,,0.00
社会保険料 は戻らないのか,,0,,0.00
社会保険料 ひと月 いくらか,,0,,0.00
社会保険料 ひと月だけ高い,,0,,0.00
社会保険料 まとめて,,0,,0.00
社会保険料 みなし残業含む,,0,,0.00
社会保険料 みののないことの証明,,0,,0.00
社会保険料 やすくなった,,0,,0.00
社会保険料 やたら高い,,0,,0.00
社会保険料 やよい,,0,,0.00
社会保険料 やよいの青色申告,,0,,0.00
社会保険料 ゆうちょで引き落とせない,,0,,0.00
社会保険料 ゆうちょ銀行,,0,,0.00
社会保険料 より多い,,0,,0.00
社会保険料 わからない,,0,,0.00
社会保険料 アプリ,,0,,0.00
社会保険料 アメリカに搾取,,0,,0.00
社会保険料 アルバイト 労働時間,,0,,0.00
社会保険料 アルバイト 掛け持ち,,0,,0.00
社会保険料 アルバイト 月変,,0,,0.00
社会保険料 イデコ,,0,,0.00
社会保険料 イラスト,,0,,0.00
社会保険料 インセンティブ,,0,,0.00
社会保険料 インセンティブ 保健指導,,0,,0.00
社会保険料 インセンティブ 保健指導 協会けんぽ,,0,,0.00
社会保険料 エクセル 愛知県,,0,,0.00
社会保険料 カテゴリ,,0,,0.00
社会保険料 カテゴリ zaim,,0,,0.00
社会保険料 カテゴリ 家計簿,,0,,0.00
社会保険料 キャリアオプション,,0,,0.00
社会保険料 クソ,,0,,0.00
社会保険料 クソ高い,,0,,0.00
社会保険料 クレジット法人,,0,,0.00
社会保険料 ケイサン,,0,,0.00
社会保険料 コスト 企業,,0,,0.00
社会保険料 コンサル 大手,,0,,0.00
社会保険料 コンビニ,,0,,0.00
社会保険料 コンビニ 折半,,0,,0.00
社会保険料 コンビニ払い,,0,,0.00
社会保険料 サラリーマン,,0,,0.00
社会保険料 サラリーマン 個人収入,,0,,0.00
社会保険料 サラリーマン 個人収入が赤字,,0,,0.00
社会保険料 シミュ,,0,,0.00
社会保険料 シミュレーター,,0,,0.00
社会保険料 シュミレーション 会社負担,,0,,0.00
社会保険料 シュミレーション 計算,,0,,0.00
社会保険料 シュミレーション 賞与,,0,,0.00
社会保険料 シート excelで簡単,,0,,0.00
社会保険料 ズレ 勘定科目,,0,,0.00
社会保険料 ソフト,,0,,0.00
社会保険料 ソフト 比較,,0,,0.00
社会保険料 タイミング,,0,,0.00
社会保険料 タクシー運転手,,0,,0.00
社会保険料 ダブルワーク 役員報酬,,0,,0.00
社会保険料 データ,,0,,0.00
社会保険料 トイアワセ,,0,,0.00
社会保険料 トヨタ九州 派遣,,0,,0.00
社会保険料 ニート,,0,,0.00
社会保険料 ネット銀行,,0,,0.00
社会保険料 バイト いくら,,0,,0.00
社会保険料 バイト 夜間警備,,0,,0.00
社会保険料 バイト 手続き,,0,,0.00
社会保険料 バイト 支払い,,0,,0.00
社会保険料 バイト 支払い 時期,,0,,0.00
社会保険料 パ と,,0,,0.00
社会保険料 パチンコ屋,,0,,0.00
社会保険料 パーセンテージ,,0,,0.00
社会保険料 パート 30時間,,0,,0.00
社会保険料 パート とは,,0,,0.00
社会保険料 パート 時間,,0,,0.00
社会保険料 パート 未収入月,,0,,0.00
社会保険料 パートアルバイト,,0,,0.00
社会保険料 ピンはね,,0,,0.00
社会保険料 ピンハネ,,0,,0.00
社会保険料 フランス 条約,,0,,0.00
社会保険料 フリーランス 計算,,0,,0.00
社会保険料 ベース,,0,,0.00
社会保険料 ペイジー ネットバンク,,0,,0.00
社会保険料 ペイジー 領収書,,0,,0.00
社会保険料 ボーナス 上限,,0,,0.00
社会保険料 ボーナスから引かれる,,0,,0.00
社会保険料 ボーナスとかぶる,,0,,0.00
社会保険料 マイナス分,,0,,0.00
社会保険料 マネーフォワード,,0,,0.00
社会保険料 ライン,,0,,0.00
社会保険料 ランキング 都内,,0,,0.00
社会保険料 レシート,,0,,0.00
社会保険料 レート,,0,,0.00
社会保険料 レート 2017,,0,,0.00
社会保険料 一か月,,0,,0.00
社会保険料 一カ月早く徴収した場合,,0,,0.00
社会保険料 一円未満,,0,,0.00
社会保険料 一律,,0,,0.00
社会保険料 一月入社,,0,,0.00
社会保険料 一等級,,0,,0.00
社会保険料 一等級下がった 随時会知恵,,0,,0.00
社会保険料 一覧 31年,,0,,0.00
社会保険料 一覧 エクセル,,0,,0.00
社会保険料 一覧 計算,,0,,0.00
社会保険料 一覧n,,0,,0.00
社会保険料 三ヶ月,,0,,0.00
社会保険料 三人分,,0,,0.00
社会保険料 三回まで 賞与,,0,,0.00
社会保険料 三重県 賞与,,0,,0.00
社会保険料 上がった 2018,,0,,0.00
社会保険料 上がった 8月分,,0,,0.00
社会保険料 上がらない 最大幅,,0,,0.00
社会保険料 上がりすぎ,,0,,0.00
社会保険料 上がりすぎ 昔,,0,,0.00
社会保険料 上がり型,,0,,0.00
社会保険料 上がる 2018,,0,,0.00
社会保険料 上がる 2019,,0,,0.00
社会保険料 上がるタイミング 9月,,0,,0.00
社会保険料 上がる基準,,0,,0.00
社会保険料 上げずに 給料,,0,,0.00
社会保険料 上昇推移,,0,,0.00
社会保険料 上限 28万,,0,,0.00
社会保険料 上限 年収,,0,,0.00
社会保険料 上限 退職,,0,,0.00
社会保険料 上限150万,,0,,0.00
社会保険料 不渡り,,0,,0.00
社会保険料 不要,,0,,0.00
社会保険料 不課税,,0,,0.00
社会保険料 不足,,0,,0.00
社会保険料 世田谷,,0,,0.00
社会保険料 世界,,0,,0.00
社会保険料 中小企業 大企業,,0,,0.00
社会保険料 中小企業 大企業 料率,,0,,0.00
社会保険料 中途入社 15日締め,,0,,0.00
社会保険料 中途採用 月末,,0,,0.00
社会保険料 主婦 無職,,0,,0.00
社会保険料 予算 推移,,0,,0.00
社会保険料 事業 給与 両方 計算,,0,,0.00
社会保険料 事業 計算,,0,,0.00
社会保険料 事業 計算ツール,,0,,0.00
社会保険料 事業主 会社,,0,,0.00
社会保険料 事業主 引き落とし,,0,,0.00
社会保険料 事業主 控除 義務,,0,,0.00
社会保険料 事業主 納付方法,,0,,0.00
社会保険料 事業主全額負担,,0,,0.00
社会保険料 事業主負担 シミュレーション,,0,,0.00
社会保険料 事業主負担 個人負担,,0,,0.00
社会保険料 事業主負担 個人負担 計算,,0,,0.00
社会保険料 事業主負担 増大,,0,,0.00
社会保険料 事業主負担 月額,,0,,0.00
社会保険料 事業主負担 概算,,0,,0.00
社会保険料 事業主負担 計算 東京,,0,,0.00
社会保険料 事業主負担 退職,,0,,0.00
社会保険料 事業主貸,,0,,0.00
社会保険料 事業所,,0,,0.00
社会保険料 事業所ごとで支払う,,0,,0.00
社会保険料 事業者 仕訳,,0,,0.00
社会保険料 事業者 納付方法,,0,,0.00
社会保険料 事業計画,,0,,0.00
社会保険料 二つ会社,,0,,0.00
社会保険料 二ヶ所,,0,,0.00
社会保険料 二ヶ所 役員,,0,,0.00
社会保険料 二ヶ月分,,0,,0.00
社会保険料 二ヶ月分 入社時,,0,,0.00
社会保険料 二以上勤務,,0,,0.00
社会保険料 二以上勤務 年金,,0,,0.00
社会保険料 二以上勤務 給与,,0,,0.00
社会保険料 二以上勤務 給与計算,,0,,0.00
社会保険料 二個,,0,,0.00
社会保険料 二社,,0,,0.00
社会保険料 二社 実態がない,,0,,0.00
社会保険料 二重 転職,,0,,0.00
社会保険料 二重天引き,,0,,0.00
社会保険料 二重徴収 損害賠償,,0,,0.00
社会保険料 二重登録,,0,,0.00
社会保険料 交通費 6か月,,0,,0.00
社会保険料 交通費 なぜ,,0,,0.00
社会保険料 交通費 半年,,0,,0.00
社会保険料 交通費 実費,,0,,0.00
社会保険料 交通費込み,,0,,0.00
社会保険料 京都 29年,,0,,0.00
社会保険料 人件費 に含む,,0,,0.00
社会保険料 人頭税,,0,,0.00
社会保険料 今まで,,0,,0.00
社会保険料 介護 40歳 当月,,0,,0.00
社会保険料 介護休暇,,0,,0.00
社会保険料 介護保険 いつから,,0,,0.00
社会保険料 介護保険料 2か所から給与,,0,,0.00
社会保険料 介護保険料 平成29年度源泉徴収票,,0,,0.00
社会保険料 介護保険料 申告,,0,,0.00
社会保険料 介護保険料 金額,,0,,0.00
社会保険料 仕分け 個人,,0,,0.00
社会保険料 仕訳 freee,,0,,0.00
社会保険料 仕訳 一致しない,,0,,0.00
社会保険料 仕訳 原価,,0,,0.00
社会保険料 仕訳 日付,,0,,0.00
社会保険料 仕訳 末締め 翌月払い,,0,,0.00
社会保険料 仕訳 本支店,,0,,0.00
社会保険料 仕訳 決算,,0,,0.00
社会保険料 仕訳 法定福利費で,,0,,0.00
社会保険料 仕訳 社長一人,,0,,0.00
社会保険料 仕訳 簿記,,0,,0.00
社会保険料 仕訳 翌月,,0,,0.00
社会保険料 仕訳 預り金,,0,,0.00
社会保険料 仙台,,0,,0.00
社会保険料 代表取締役 2箇所,,0,,0.00
社会保険料 令和,,0,,0.00
社会保険料 令和 計算,,0,,0.00
社会保険料 令和 計算 例,,0,,0.00
社会保険料 令和 頚腕,,0,,0.00
社会保険料 令和元年9月,,0,,0.00
社会保険料 以前,,0,,0.00
社会保険料 任意加入,,0,,0.00
社会保険料 任意継続 支払日,,0,,0.00
社会保険料 任意継続 減免,,0,,0.00
社会保険料 任意継続 確定申告,,0,,0.00
社会保険料 任意継続 納付 ペイジー,,0,,0.00
社会保険料 任意継続掛金,,0,,0.00
社会保険料 企業 cg,,0,,0.00
社会保険料 企業年金受給者,,0,,0.00
社会保険料 企業負担 cg,,0,,0.00
社会保険料 企業負担 cg業界,,0,,0.00
社会保険料 企業負担 増加,,0,,0.00
社会保険料 企業負担 推移,,0,,0.00
社会保険料 企業負担 激増,,0,,0.00
社会保険料 休日手当,,0,,0.00
社会保険料 休日手当 随時改定,,0,,0.00
社会保険料 休業 退職金 控除,,0,,0.00
社会保険料 休職中 会社負担分,,0,,0.00
社会保険料 会社 支払っていない,,0,,0.00
社会保険料 会社 明細,,0,,0.00
社会保険料 会社 表,,0,,0.00
社会保険料 会社 負担 高い,,0,,0.00
社会保険料 会社 高すぎて払えない,,0,,0.00
社会保険料 会社が全額払う,,0,,0.00
社会保険料 会社が払う,,0,,0.00
社会保険料 会社が負担する金額,,0,,0.00
社会保険料 会社と社員の負担割合,,0,,0.00
社会保険料 会社によって違う,,0,,0.00
社会保険料 会社のミス 拒否,,0,,0.00
社会保険料 会社毎に変えれる,,0,,0.00
社会保険料 会社立替,,0,,0.00
社会保険料 会社負担 2倍,,0,,0.00
社会保険料 会社負担 ざっくり,,0,,0.00
社会保険料 会社負担 五割以上,,0,,0.00
社会保険料 会社負担 五割以上 給与,,0,,0.00
社会保険料 会社負担 休職,,0,,0.00
社会保険料 会社負担 全額,,0,,0.00
社会保険料 会社負担 前払い,,0,,0.00
社会保険料 会社負担 割合 15,,0,,0.00
社会保険料 会社負担 労働者 合意,,0,,0.00
社会保険料 会社負担 嘘,,0,,0.00
社会保険料 会社負担 年末調整,,0,,0.00
社会保険料 会社負担 年額 計算,,0,,0.00
社会保険料 会社負担 従業員負担,,0,,0.00
社会保険料 会社負担 払えない,,0,,0.00
社会保険料 会社負担 明細,,0,,0.00
社会保険料 会社負担 明細 年金事務所,,0,,0.00
社会保険料 会社負担 条件,,0,,0.00
社会保険料 会社負担 概算,,0,,0.00
社会保険料 会社負担 比率,,0,,0.00
社会保険料 会社負担 減らす,,0,,0.00
社会保険料 会社負担 満期 負担2倍,,0,,0.00
社会保険料 会社負担 滞納,,0,,0.00
社会保険料 会社負担 科目,,0,,0.00
社会保険料 会社負担 給料の何パーセント,,0,,0.00
社会保険料 会社負担 義務 条,,0,,0.00
社会保険料 会社負担 自己負担,,0,,0.00
社会保険料 会社負担 計算 ボーナス,,0,,0.00
社会保険料 会社負担 退職者,,0,,0.00
社会保険料 会社負担 項目,,0,,0.00
社会保険料 会社負担2か月分,,0,,0.00
社会保険料 会社負担をゼロとする,,0,,0.00
社会保険料 会社負担分 圭さん,,0,,0.00
社会保険料 会社負担分 控除,,0,,0.00
社会保険料 会社負担分 源泉徴収,,0,,0.00
社会保険料 会社負担無し,,0,,0.00
社会保険料 会社負担率 社会保険庁,,0,,0.00
社会保険料 会社辞めたら,,0,,0.00
社会保険料 会社辞めた後 会社から請求,,0,,0.00
社会保険料 会社辞めるとき,,0,,0.00
社会保険料 会計 科目,,0,,0.00
社会保険料 会計ソフト 入力の仕方,,0,,0.00
社会保険料 会費,,0,,0.00
社会保険料 伝票処理,,0,,0.00
社会保険料 低い,,0,,0.00
社会保険料 低くする方法,,0,,0.00
社会保険料 低所得者,,0,,0.00
社会保険料 住所,,0,,0.00
社会保険料 住民税 所得税,,0,,0.00
社会保険料 住民税 概算,,0,,0.00
社会保険料 住民税 確定申告,,0,,0.00
社会保険料 住民税 等級,,0,,0.00
社会保険料 住民税 関係,,0,,0.00
社会保険料 何で決まる,,0,,0.00
社会保険料 何を含む,,0,,0.00
社会保険料 何年,,0,,0.00
社会保険料 何時間以上,,0,,0.00
社会保険料 何月から 変わる,,0,,0.00
社会保険料 何月からあげる,,0,,0.00
社会保険料 何月に,,0,,0.00
社会保険料 何月に払う,,0,,0.00
社会保険料 何歳まで加入できる,,0,,0.00
社会保険料 何等級上がれば変更,,0,,0.00
社会保険料 佳さん,,0,,0.00
社会保険料 保険料控除申告書,,0,,0.00
社会保険料 保険料支払先の名称,,0,,0.00
社会保険料 保険料支払先の名称 国民年金,,0,,0.00
社会保険料 保険料率 改定時期,,0,,0.00
社会保険料 修正,,0,,0.00
社会保険料 個人 仕訳,,0,,0.00
社会保険料 個人 振込,,0,,0.00
社会保険料 個人 負担 世帯,,0,,0.00
社会保険料 個人なり,,0,,0.00
社会保険料 個人事業と会社員,,0,,0.00
社会保険料 個人事業主 いつから,,0,,0.00
社会保険料 個人事業主 仕訳,,0,,0.00
社会保険料 個人事業主 何月,,0,,0.00
社会保険料 個人事業主 経費,,0,,0.00
社会保険料 個人口座 振込,,0,,0.00
社会保険料 個人引き落とし,,0,,0.00
社会保険料 個人掛け金 会社掛け金,,0,,0.00
社会保険料 個人負担 勘定科目,,0,,0.00
社会保険料 個人負担 未徴収,,0,,0.00
社会保険料 個人負担 未払金計上,,0,,0.00
社会保険料 個人負担 計算,,0,,0.00
社会保険料 個人負担 計算 子ども,,0,,0.00
社会保険料 個人負担 計算 子ども子育て支援勘定,,0,,0.00
社会保険料 個人負担と会社負担,,0,,0.00
社会保険料 個人負担分 仕訳,,0,,0.00
社会保険料 個人負担分 計算,,0,,0.00
社会保険料 倒産時,,0,,0.00
社会保険料 倒産時 控除額,,0,,0.00
社会保険料 倒産時 給与控除,,0,,0.00
社会保険料 値上,,0,,0.00
社会保険料 値上がり 2018,,0,,0.00
社会保険料 値上がり 850 900,,0,,0.00
社会保険料 値上がり 理由,,0,,0.00
社会保険料 値上げ 2018 10月,,0,,0.00
社会保険料 値上げ 2019 10月,,0,,0.00
社会保険料 値上げ 2020,,0,,0.00
社会保険料 値上げ 推移,,0,,0.00
社会保険料 健保組合保険料,,0,,0.00
社会保険料 健康保険 任意継続,,0,,0.00
社会保険料 健康保険 任意継続 確定申告,,0,,0.00
社会保険料 健康保険 控除証明書,,0,,0.00
社会保険料 健康保険 構成ね金,,0,,0.00
社会保険料 健康保険 違い,,0,,0.00
社会保険料 健康保険料 控除,,0,,0.00
社会保険料 健康保険料 控除 記入例,,0,,0.00
社会保険料 健康保険料 負担額,,0,,0.00
社会保険料 債務確定,,0,,0.00
社会保険料 債務確定 証拠,,0,,0.00
社会保険料 債権者,,0,,0.00
社会保険料 傷病休暇,,0,,0.00
社会保険料 傷病給付金,,0,,0.00
社会保険料 働いてない,,0,,0.00
社会保険料 働いてない場合,,0,,0.00
社会保険料 優先債権,,0,,0.00
社会保険料 元を取る,,0,,0.00
社会保険料 元本,,0,,0.00
社会保険料 先月より高い,,0,,0.00
社会保険料 児童,,0,,0.00
社会保険料 児童や,,0,,0.00
社会保険料 児童手当 仕訳,,0,,0.00
社会保険料 児童拠出金 29年,,0,,0.00
社会保険料 入ってない,,0,,0.00
社会保険料 入る条件,,0,,0.00
社会保険料 入る条件 週20時間以上 9万円,,0,,0.00
社会保険料 入社時は,,0,,0.00
社会保険料 入社月 控除,,0,,0.00
社会保険料 入社月 日割り支給,,0,,0.00
社会保険料 入社月 計算,,0,,0.00
社会保険料 入社月 退職,,0,,0.00
社会保険料 入社月 金額,,0,,0.00
社会保険料 入院して収入が無くても,,0,,0.00
社会保険料 全額,,0,,0.00
社会保険料 全額 従業員,,0,,0.00
社会保険料 全額 折半,,0,,0.00
社会保険料 全額から折半額を計算,,0,,0.00
社会保険料 全額会社負担 税務,,0,,0.00
社会保険料 全額個人負担 介護,,0,,0.00
社会保険料 全額個人負担 処遇改善,,0,,0.00
社会保険料 全額自己負担額,,0,,0.00
社会保険料 全額負担 計算,,0,,0.00
社会保険料 公費,,0,,0.00
社会保険料 共済組合,,0,,0.00
社会保険料 共通仮設費,,0,,0.00
社会保険料 内,,0,,0.00
社会保険料 内払,,0,,0.00
社会保険料 内書,,0,,0.00
社会保険料 内訳 14.22,,0,,0.00
社会保険料 内訳 会社負担,,0,,0.00
社会保険料 内訳 問い合わせ,,0,,0.00
社会保険料 内訳 増加,,0,,0.00
社会保険料 出張費,,0,,0.00
社会保険料 出産 免除 どっち,,0,,0.00
社会保険料 出産 免除しない方がお得,,0,,0.00
社会保険料 出納帳,,0,,0.00
社会保険料 分散,,0,,0.00
社会保険料 切り替え時期,,0,,0.00
社会保険料 切り替わる時期,,0,,0.00
社会保険料 切替のタイミング,,0,,0.00
社会保険料 初回 高い,,0,,0.00
社会保険料 初回天引き,,0,,0.00
社会保険料 初回支払日,,0,,0.00
社会保険料 初月,,0,,0.00
社会保険料 初月 標準,,0,,0.00
社会保険料 判例 法人税,,0,,0.00
社会保険料 別収入,,0,,0.00
社会保険料 別居の子,,0,,0.00
社会保険料 別表 加算,,0,,0.00
社会保険料 削減 スキーム 個人事業主,,0,,0.00
社会保険料 削減 残業,,0,,0.00
社会保険料 削減 貯蓄性がある商品,,0,,0.00
社会保険料 削減 貯金,,0,,0.00
社会保険料 前取り,,0,,0.00
社会保険料 前年度,,0,,0.00
社会保険料 前年度の収入,,0,,0.00
社会保険料 前年度比較,,0,,0.00
社会保険料 前年度無収入,,0,,0.00
社会保険料 前年所得,,0,,0.00
社会保険料 前年無職,,0,,0.00
社会保険料 前払い 退職,,0,,0.00
社会保険料 前月分,,0,,0.00
社会保険料 前職 控除,,0,,0.00
社会保険料 副業 ばれる,,0,,0.00
社会保険料 副業 合算,,0,,0.00
社会保険料 副業 得,,0,,0.00
社会保険料 副業 損益参入,,0,,0.00
社会保険料 副業 月山,,0,,0.00
社会保険料 割り切れない,,0,,0.00
社会保険料 割合 年収,,0,,0.00
社会保険料 割合 推移,,0,,0.00
社会保険料 割合 法人,,0,,0.00
社会保険料 割合 給与,,0,,0.00
社会保険料 割合 給与 3か月,,0,,0.00
社会保険料 加入 必要,,0,,0.00
社会保険料 加入 申請,,0,,0.00
社会保険料 加入月に退職,,0,,0.00
社会保険料 加入期間 失業保険,,0,,0.00
社会保険料 加入期間一か月 失業保険,,0,,0.00
社会保険料 加入義務 改正,,0,,0.00
社会保険料 加入義務 改正法案,,0,,0.00
社会保険料 加入義務 法人,,0,,0.00
社会保険料 加入義務 法人 複数,,0,,0.00
社会保険料 助成金 従業員,,0,,0.00
社会保険料 労働保険料 会社負担,,0,,0.00
社会保険料 労働保険料 計算,,0,,0.00
社会保険料 労働保険料 違い,,0,,0.00
社会保険料 労働者全額負担 刑事罰,,0,,0.00
社会保険料 労災保険 会社負担,,0,,0.00
社会保険料 労災保険 計算,,0,,0.00
社会保険料 動向,,0,,0.00
社会保険料 勘定科目 仕訳 個人事業主,,0,,0.00
社会保険料 勘定科目 個人事業主,,0,,0.00
社会保険料 勘定科目 半分,,0,,0.00
社会保険料 勘定科目 弥生会計,,0,,0.00
社会保険料 勘定科目 法人,,0,,0.00
社会保険料 勘定科目 福利厚生費,,0,,0.00
社会保険料 勘定科目コード,,0,,0.00
社会保険料 北海道 29,,0,,0.00
社会保険料 区切り,,0,,0.00
社会保険料 区役所,,0,,0.00
社会保険料 区民税,,0,,0.00
社会保険料 医師,,0,,0.00
社会保険料 医療保険,,0,,0.00
社会保険料 医療費控除,,0,,0.00
社会保険料 医者,,0,,0.00
社会保険料 半月分,,0,,0.00
社会保険料 半端分,,0,,0.00
社会保険料 協会けんぽ 三重支部,,0,,0.00
社会保険料 協会けんぽ 埼玉,,0,,0.00
社会保険料 協会けんぽ 東京,,0,,0.00
社会保険料 厚生年金 両方,,0,,0.00
社会保険料 厚生年金 会社負担,,0,,0.00
社会保険料 厚生年金 健康保険 片方だけ,,0,,0.00
社会保険料 厚生年金 国民年金,,0,,0.00
社会保険料 厚生年金 神奈川県,,0,,0.00
社会保険料 厚生年金 計算機,,0,,0.00
社会保険料 厚生年金 計算表 北区,,0,,0.00
社会保険料 厚生年金 違い,,0,,0.00
社会保険料 厚生年金保険料 含む,,0,,0.00
社会保険料 厚生年金保険料 納付書,,0,,0.00
社会保険料 厚生年金保険料 納付書 納入方法,,0,,0.00
社会保険料 厚生年金保険料 違い,,0,,0.00
社会保険料 厚生福利,,0,,0.00
社会保険料 去年の年収,,0,,0.00
社会保険料 参考 金額,,0,,0.00
社会保険料 反映,,0,,0.00
社会保険料 反映月,,0,,0.00
社会保険料 収めすぎ,,0,,0.00
社会保険料 収入 所得,,0,,0.00
社会保険料 収入0 年末調整,,0,,0.00
社会保険料 収入があても入り続ける,,0,,0.00
社会保険料 収入が無くても,,0,,0.00
社会保険料 収入なし,,0,,0.00
社会保険料 収入によって,,0,,0.00
社会保険料 収入額,,0,,0.00
社会保険料 取られすぎた,,0,,0.00
社会保険料 取りすぎた,,0,,0.00
社会保険料 取り戻す,,0,,0.00
社会保険料 取り過ぎ 何に使ってる,,0,,0.00
社会保険料 取引先,,0,,0.00
社会保険料 取締役,,0,,0.00
社会保険料 受診料,,0,,0.00
社会保険料 受領書,,0,,0.00
社会保険料 口座引落 エラー,,0,,0.00
社会保険料 口座引落されない,,0,,0.00
社会保険料 口座振替 2枚目,,0,,0.00
社会保険料 口座振替 2枚目銀行名,,0,,0.00
社会保険料 口座振替 gmoあおぞらネット銀行,,0,,0.00
社会保険料 口座振替 あとで入金,,0,,0.00
社会保険料 口座振替 みずほ銀行,,0,,0.00
社会保険料 口座振替 ゆうちょ,,0,,0.00
社会保険料 口座振替 エラー,,0,,0.00
社会保険料 口座振替 ジャパンネット銀行,,0,,0.00
社会保険料 口座振替 タイミング,,0,,0.00
社会保険料 口座振替 仕組み,,0,,0.00
社会保険料 口座振替 代表印,,0,,0.00
社会保険料 口座振替 代表印 書き方,,0,,0.00
社会保険料 口座振替 停止,,0,,0.00
社会保険料 口座振替 前払い,,0,,0.00
社会保険料 口座振替 変更手続き,,0,,0.00
社会保険料 口座振替 手数料,,0,,0.00
社会保険料 口座振替 控え,,0,,0.00
社会保険料 口座振替 時期,,0,,0.00
社会保険料 口座振替 時間,,0,,0.00
社会保険料 口座振替 残高不足,,0,,0.00
社会保険料 口座振替 確認印 シテン,,0,,0.00
社会保険料 口座振替 記入例,,0,,0.00
社会保険料 口座振替 郵送先,,0,,0.00
社会保険料 口座振替 金融機関,,0,,0.00
社会保険料 口座振替されていない,,0,,0.00
社会保険料 口座振替されない,,0,,0.00
社会保険料 口座振替日 2019,,0,,0.00
社会保険料 口座振替日 2020,,0,,0.00
社会保険料 口座落とし,,0,,0.00
社会保険料 台帳,,0,,0.00
社会保険料 合計 72歳,,0,,0.00
社会保険料 合計 端数,,0,,0.00
社会保険料 同月入退社,,0,,0.00
社会保険料 同月入退職,,0,,0.00
社会保険料 同棲,,0,,0.00
社会保険料 名称,,0,,0.00
社会保険料 含まれない手当,,0,,0.00
社会保険料 含まれる,,0,,0.00
社会保険料 含まれる 通勤手当,,0,,0.00
社会保険料 含まれる 通勤手当 定期,,0,,0.00
社会保険料 告知額 損金算入時期,,0,,0.00
社会保険料 品番,,0,,0.00
社会保険料 喪失 月の途中,,0,,0.00
社会保険料 喪失日 取得日,,0,,0.00
社会保険料 営業所 都道府県,,0,,0.00
社会保険料 営業手当,,0,,0.00
社会保険料 四捨五入,,0,,0.00
社会保険料 固定,,0,,0.00
社会保険料 固定 上昇,,0,,0.00
社会保険料 国保 二重払い,,0,,0.00
社会保険料 国保 比較,,0,,0.00
社会保険料 国保 比較 扶養,,0,,0.00
社会保険料 国保 比較 金額,,0,,0.00
社会保険料 国保戻り,,0,,0.00
社会保険料 国家予算,,0,,0.00
社会保険料 国民保険 どっち,,0,,0.00
社会保険料 国民健康保険 切り替え,,0,,0.00
社会保険料 国民健康保険 年末調整,,0,,0.00
社会保険料 国民健康保険 年末調整 退職,,0,,0.00
社会保険料 国民健康保険 控除関連書類 貼る,,0,,0.00
社会保険料 国民健康保険 確定申告,,0,,0.00
社会保険料 国民健康保険 違い,,0,,0.00
社会保険料 国民健康保険料 llc,,0,,0.00
社会保険料 国民健康保険料 どっちが安い,,0,,0.00
社会保険料 国民健康保険料 一人,,0,,0.00
社会保険料 国民健康保険料 一人暮らし,,0,,0.00
社会保険料 国民年金 国民健康保険,,0,,0.00
社会保険料 国民年金 国民健康保険 確定申告,,0,,0.00
社会保険料 国民年金 安い,,0,,0.00
社会保険料 国民年金 控除 記入例,,0,,0.00
社会保険料 国民年金 控除証明書,,0,,0.00
社会保険料 国民年金 控除証明書 年末調整,,0,,0.00
社会保険料 国民年金 違い,,0,,0.00
社会保険料 国民年金の掛け金,,0,,0.00
社会保険料 国民年金保険料 保険料控除申告書,,0,,0.00
社会保険料 国民年金保険料 保険料控除申告書 記載,,0,,0.00
社会保険料 国民年金保険料 個人年金保険料,,0,,0.00
社会保険料 国民年金保険料 年末調整,,0,,0.00
社会保険料 国民年金保険料 払込証明書,,0,,0.00
社会保険料 国民年金保険料 控除証明,,0,,0.00
社会保険料 国民年金保険料 控除証明書 103万,,0,,0.00
社会保険料 国民年金保険料 控除証明書 11月,,0,,0.00
社会保険料 国民年金保険料 控除証明書 11月 世田谷区,,0,,0.00
社会保険料 国民年金保険料 控除証明書 2月,,0,,0.00
社会保険料 国民年金保険料 控除証明書 いつ,,0,,0.00
社会保険料 国民年金保険料 控除証明書 どこ,,0,,0.00
社会保険料 国民年金保険料 控除証明書 コピー,,0,,0.00
社会保険料 国民年金保険料 控除証明書 コピー 提出,,0,,0.00
社会保険料 国民年金保険料 控除証明書 入手方法,,0,,0.00
社会保険料 国民年金保険料 控除証明書 再発行,,0,,0.00
社会保険料 国民年金保険料 控除証明書 前職,,0,,0.00
社会保険料 国民年金保険料 控除証明書 厚生年金,,0,,0.00
社会保険料 国民年金保険料 控除証明書 名寄市,,0,,0.00
社会保険料 国民年金保険料 控除証明書 届いていない,,0,,0.00
社会保険料 国民年金保険料 控除証明書 届かない,,0,,0.00
社会保険料 国民年金保険料 控除証明書 年末調整,,0,,0.00
社会保険料 国民年金保険料 控除証明書 年末調整 日本年金機構,,0,,0.00
社会保険料 国民年金保険料 控除証明書 年末調整 書き,,0,,0.00
社会保険料 国民年金保険料 控除証明書 年末調整 書き方,,0,,0.00
社会保険料 国民年金保険料 控除証明書 年末調整 社会保険料の種類,,0,,0.00
社会保険料 国民年金保険料 控除証明書 振替額通知書,,0,,0.00
社会保険料 国民年金保険料 控除証明書 書き方,,0,,0.00
社会保険料 国民年金保険料 控除証明書 発行,,0,,0.00
社会保険料 国民年金保険料 控除証明書 発行手続き,,0,,0.00
社会保険料 国民年金保険料 控除証明書 確定深刻,,0,,0.00
社会保険料 国民年金保険料 控除証明書 確定申告,,0,,0.00
社会保険料 国民年金保険料 控除証明書 確定申告 家族分,,0,,0.00
社会保険料 国民年金保険料 控除証明書 確定申告 記入,,0,,0.00
社会保険料 国民年金保険料 控除証明書 送付,,0,,0.00
社会保険料 国民年金保険料 控除証明書 間に合わない,,0,,0.00
社会保険料 国民年金保険料 控除証明書とは,,0,,0.00
社会保険料 国民年金保険料 控除証明書の発行,,0,,0.00
社会保険料 国民年金保険料 控除証明書等,,0,,0.00
社会保険料 国民年金保険料 控除証明書等 再発行,,0,,0.00
社会保険料 国民年金保険料 控除額内訳明細書,,0,,0.00
社会保険料 国民年金保険料領収証書,,0,,0.00
社会保険料 国民年金料 国民健康保険料 介護保険料等 の控除証明書,,0,,0.00
社会保険料 圧縮,,0,,0.00
社会保険料 地域別,,0,,0.00
社会保険料 地域差,,0,,0.00
社会保険料 城繁幸,,0,,0.00
社会保険料 基本保険 特定保健,,0,,0.00
社会保険料 基本書,,0,,0.00
社会保険料 基本給 手当,,0,,0.00
社会保険料 基準 合わない,,0,,0.00
社会保険料 基礎年金,,0,,0.00
社会保険料 基礎控除,,0,,0.00
社会保険料 基礎算定 基準,,0,,0.00
社会保険料 基礎算定 基準 扶養,,0,,0.00
社会保険料 報告,,0,,0.00
社会保険料 報酬なし,,0,,0.00
社会保険料 報酬月額 交通費,,0,,0.00
社会保険料 報酬月額 算出方法,,0,,0.00
社会保険料 報酬月額 算定,,0,,0.00
社会保険料 報酬月額とは 手取り 20万,,0,,0.00
社会保険料 報酬月額の算出方法,,0,,0.00
社会保険料 報酬決定,,0,,0.00
社会保険料 報酬額 未満,,0,,0.00
社会保険料 場所,,0,,0.00
社会保険料 増えた いつから,,0,,0.00
社会保険料 増えたり減ったり 随時改定,,0,,0.00
社会保険料 増えてる,,0,,0.00
社会保険料 増える 減る,,0,,0.00
社会保険料 増える 理由,,0,,0.00
社会保険料 増やす,,0,,0.00
社会保険料 増加 ベア,,0,,0.00
社会保険料 増加 推移,,0,,0.00
社会保険料 増加 要因,,0,,0.00
社会保険料 増加具合 城繁幸,,0,,0.00
社会保険料 増加率,,0,,0.00
社会保険料 増額 2017,,0,,0.00
社会保険料 増額 2018,,0,,0.00
社会保険料 増額させるタイミング,,0,,0.00
社会保険料 売上,,0,,0.00
社会保険料 売掛金 差押,,0,,0.00
社会保険料 変わった,,0,,0.00
社会保険料 変わった 年末調整,,0,,0.00
社会保険料 変わる月,,0,,0.00
社会保険料 変化,,0,,0.00
社会保険料 変更 2月,,0,,0.00
社会保険料 変更 30年,,0,,0.00
社会保険料 変更 3ヶ月,,0,,0.00
社会保険料 変更 3月,,0,,0.00
社会保険料 変更 4月,,0,,0.00
社会保険料 変更 8月,,0,,0.00
社会保険料 変更 9gatu,,0,,0.00
社会保険料 変更 h31.4,,0,,0.00
社会保険料 変更 いつから 平成31年,,0,,0.00
社会保険料 変更 タイミング 7月昇給,,0,,0.00
社会保険料 変更 反映,,0,,0.00
社会保険料 変更 平成30年,,0,,0.00
社会保険料 変更 平成31年,,0,,0.00
社会保険料 変更 支払 月,,0,,0.00
社会保険料 変更 改定 平成31年,,0,,0.00
社会保険料 変更 給与明細,,0,,0.00
社会保険料 変更 通知 らくだ,,0,,0.00
社会保険料 変更が必要な場合,,0,,0.00
社会保険料 変更のタイミング,,0,,0.00
社会保険料 変更時期 等級,,0,,0.00
社会保険料 変更額,,0,,0.00
社会保険料 変遷,,0,,0.00
社会保険料 外す,,0,,0.00
社会保険料 外国人 当月引き落とし 改定,,0,,0.00
社会保険料 多い 住民税 少ない,,0,,0.00
社会保険料 多い 理由,,0,,0.00
社会保険料 多く引かれる,,0,,0.00
社会保険料 多く徴収,,0,,0.00
社会保険料 多く徴収 1年前から,,0,,0.00
社会保険料 多く徴収 1年前から戻る,,0,,0.00
社会保険料 多く徴収 返金,,0,,0.00
社会保険料 多く徴収 返金 仕訳,,0,,0.00
社会保険料 多く徴収ミス 精算タイミング,,0,,0.00
社会保険料 多く払う メリット,,0,,0.00
社会保険料 多すぎ,,0,,0.00
社会保険料 大作家,,0,,0.00
社会保険料 大入り袋,,0,,0.00
社会保険料 大入袋,,0,,0.00
社会保険料 大幅値上げ,,0,,0.00
社会保険料 大幅値上げ 2016,,0,,0.00
社会保険料 大阪 賞与 計算,,0,,0.00
社会保険料 天引き マイナス,,0,,0.00
社会保険料 天引き 未納,,0,,0.00
社会保険料 天引き 源泉徴収 確定申告,,0,,0.00
社会保険料 天引き 計算,,0,,0.00
社会保険料 天引き 退職時,,0,,0.00
社会保険料 天引き 高い,,0,,0.00
社会保険料 天引きされない,,0,,0.00
社会保険料 天引きされる,,0,,0.00
社会保険料 夫 個人事業主,,0,,0.00
社会保険料 夫婦 確定申告,,0,,0.00
社会保険料 奇病負担分,,0,,0.00
社会保険料 契約 実働 20時間,,0,,0.00
社会保険料 契約の自由,,0,,0.00
社会保険料 奥さんの分,,0,,0.00
社会保険料 奥さんの分 年末調整,,0,,0.00
社会保険料 妊娠,,0,,0.00
社会保険料 妊婦,,0,,0.00
社会保険料 妊婦 扶養者,,0,,0.00
社会保険料 妻 パート 106万円を超える,,0,,0.00
社会保険料 妻 扶養,,0,,0.00
社会保険料 妻 控除,,0,,0.00
社会保険料 妻の収入,,0,,0.00
社会保険料 娘,,0,,0.00
社会保険料 嫌がる会社,,0,,0.00
社会保険料 子ども子育て支援勘定,,0,,0.00
社会保険料 子ども子育て支援勘定 個人負担,,0,,0.00
社会保険料 子ども手当 料率,,0,,0.00
社会保険料 子供の分 控除,,0,,0.00
社会保険料 子供を加入,,0,,0.00
社会保険料 子供を加入 用紙,,0,,0.00
社会保険料 子供手当,,0,,0.00
社会保険料 子育て拠出金 計算,,0,,0.00
社会保険料 学,,0,,0.00
社会保険料 学生 契約社員,,0,,0.00
社会保険料 孫,,0,,0.00
社会保険料 安い 都道府県,,0,,0.00
社会保険料 安く 個人事業主,,0,,0.00
社会保険料 安くする 効果,,0,,0.00
社会保険料 安くする方法 確定拠出型年金,,0,,0.00
社会保険料 安くなる,,0,,0.00
社会保険料 安すぎ,,0,,0.00
社会保険料 安倍 サイレント増税,,0,,0.00
社会保険料 定年退職後,,0,,0.00
社会保険料 定時変更 いつから,,0,,0.00
社会保険料 定時改定 いつから,,0,,0.00
社会保険料 定時決定 いつから,,0,,0.00
社会保険料 定時決定 変更,,0,,0.00
社会保険料 定期改定,,0,,0.00
社会保険料 定額積み立て,,0,,0.00
社会保険料 定額積み立て 公務員,,0,,0.00
社会保険料 実費弁済,,0,,0.00
社会保険料 宮城県 電話,,0,,0.00
社会保険料 宮崎 計算 役員,,0,,0.00
社会保険料 家族 月割,,0,,0.00
社会保険料 家族3人,,0,,0.00
社会保険料 家族分 負担,,0,,0.00
社会保険料 対応銀行,,0,,0.00
社会保険料 対象 所得,,0,,0.00
社会保険料 対象外 手当,,0,,0.00
社会保険料 専従者だけ 必要経費,,0,,0.00
社会保険料 専従者給与,,0,,0.00
社会保険料 専業主婦,,0,,0.00
社会保険料 将来,,0,,0.00
社会保険料 小数点以下,,0,,0.00
社会保険料 小数点以下は企業負担,,0,,0.00
社会保険料 小規模企業共済等掛金 控除関係書類,,0,,0.00
社会保険料 少ない国,,0,,0.00
社会保険料 少なくする 方法,,0,,0.00
社会保険料 届け出,,0,,0.00
社会保険料 岐阜市 年収800万,,0,,0.00
社会保険料 島根,,0,,0.00
社会保険料 工員 原価,,0,,0.00
社会保険料 差し押さえ 会社に,,0,,0.00
社会保険料 差し押さえ 解除,,0,,0.00
社会保険料 差っ引き,,0,,0.00
社会保険料 差押 保険停止,,0,,0.00
社会保険料 差押予告通知書,,0,,0.00
社会保険料 差額 仕訳,,0,,0.00
社会保険料 差額分 給与から,,0,,0.00
社会保険料 差額徴収,,0,,0.00
社会保険料 差額徴収 遡及,,0,,0.00
社会保険料 市の補助,,0,,0.00
社会保険料 市民税 差引,,0,,0.00
社会保険料 市県民税,,0,,0.00
社会保険料 帰ってくる,,0,,0.00
社会保険料 帳簿 科目 フリーランス,,0,,0.00
社会保険料 平均 サラリーマン 年収1千万円,,0,,0.00
社会保険料 平均報酬月額,,0,,0.00
社会保険料 平均給与,,0,,0.00
社会保険料 平成28 y,,0,,0.00
社会保険料 平成28年 2年前納,,0,,0.00
社会保険料 平成28年 2年前納した場合,,0,,0.00
社会保険料 平成28年 東京,,0,,0.00
社会保険料 平成29年 値上げ,,0,,0.00
社会保険料 平成29年 引き上げ 停止,,0,,0.00
社会保険料 平成29年1月,,0,,0.00
社会保険料 平成30,,0,,0.00
社会保険料 平成30年 厚生年金保険料,,0,,0.00
社会保険料 平成30年 派遣,,0,,0.00
社会保険料 平成30年 計算,,0,,0.00
社会保険料 平成30年11月,,0,,0.00
社会保険料 平成30年1月,,0,,0.00
社会保険料 平成30年3月料金表,,0,,0.00
社会保険料 平成31,,0,,0.00
社会保険料 平成31年3月分,,0,,0.00
社会保険料 平成31年4月から 変更点,,0,,0.00
社会保険料 平成31年事業主負担割合,,0,,0.00
社会保険料 平成31年割合,,0,,0.00
社会保険料 平成31年度,,0,,0.00
社会保険料 平成元年,,0,,0.00
社会保険料 年々上がる,,0,,0.00
社会保険料 年の途中で急に上がった,,0,,0.00
社会保険料 年代,,0,,0.00
社会保険料 年代別,,0,,0.00
社会保険料 年俸,,0,,0.00
社会保険料 年俸制,,0,,0.00
社会保険料 年収 パーセント,,0,,0.00
社会保険料 年収 割合,,0,,0.00
社会保険料 年収 月収,,0,,0.00
社会保険料 年収 計算式,,0,,0.00
社会保険料 年収1000万,,0,,0.00
社会保険料 年収106万円,,0,,0.00
社会保険料 年収1100,,0,,0.00
社会保険料 年収130万円未満 年収に保険の満期は入るか,,0,,0.00
社会保険料 年収130万円未満 年収の内訳,,0,,0.00
社会保険料 年収150万円,,0,,0.00
社会保険料 年収300万,,0,,0.00
社会保険料 年収300万 会社負担,,0,,0.00
社会保険料 年収450,,0,,0.00
社会保険料 年収500万円,,0,,0.00
社会保険料 年収515万,,0,,0.00
社会保険料 年収750,,0,,0.00
社会保険料 年収960万,,0,,0.00
社会保険料 年収から計算,,0,,0.00
社会保険料 年収の何割,,0,,0.00
社会保険料 年収改定 良い方法,,0,,0.00
社会保険料 年度,,0,,0.00
社会保険料 年度 どこ,,0,,0.00
社会保険料 年度途中,,0,,0.00
社会保険料 年数,,0,,0.00
社会保険料 年末調整 ja,,0,,0.00
社会保険料 年末調整 ja共済,,0,,0.00
社会保険料 年末調整 問い合わせ,,0,,0.00
社会保険料 年末調整 妻の分,,0,,0.00
社会保険料 年末調整 忘れた,,0,,0.00
社会保険料 年末調整 控除額,,0,,0.00
社会保険料 年末調整 添付,,0,,0.00
社会保険料 年末調整 申告漏れ,,0,,0.00
社会保険料 年末調整 記入例,,0,,0.00
社会保険料 年末調整に影響,,0,,0.00
社会保険料 年金 64歳以下,,0,,0.00
社会保険料 年金 64歳以下 再雇用,,0,,0.00
社会保険料 年金 会社,,0,,0.00
社会保険料 年金 会社 年末調整,,0,,0.00
社会保険料 年金 妻,,0,,0.00
社会保険料 年金 平成31年,,0,,0.00
社会保険料 年金 払えない 仕事ができない,,0,,0.00
社会保険料 年金 控除,,0,,0.00
社会保険料 年金 毎月郵送,,0,,0.00
社会保険料 年金 違い,,0,,0.00
社会保険料 年金 郵送,,0,,0.00
社会保険料 年金から天引き,,0,,0.00
社会保険料 年金から天引き いつ,,0,,0.00
社会保険料 年金など 控除,,0,,0.00
社会保険料 年金は含まれるのか,,0,,0.00
社会保険料 年金事務所 従業員 金額が違う,,0,,0.00
社会保険料 年金事務所 明細,,0,,0.00
社会保険料 年金事務所 東京,,0,,0.00
社会保険料 年金保険料,,0,,0.00
社会保険料 年金戻り,,0,,0.00
社会保険料 年金額 得か,,0,,0.00
社会保険料 年長過不足,,0,,0.00
社会保険料 年間 シュミレーション,,0,,0.00
社会保険料 年間 賞与,,0,,0.00
社会保険料 年間ん,,0,,0.00
社会保険料 年間支払額,,0,,0.00
社会保険料 年間総額,,0,,0.00
社会保険料 年間総額 日本,,0,,0.00
社会保険料 年額 国民年金,,0,,0.00
社会保険料 年齢 上限,,0,,0.00
社会保険料 年齢で上がる,,0,,0.00
社会保険料 年齢別,,0,,0.00
社会保険料 広い意味,,0,,0.00
社会保険料 広義 狭義,,0,,0.00
社会保険料 廃止しろ,,0,,0.00
社会保険料 延滞 税務,,0,,0.00
社会保険料 延滞利息 勘定科目,,0,,0.00
社会保険料 延滞税 率,,0,,0.00
社会保険料 延滞金 別表5,,0,,0.00
社会保険料 延滞金 国税庁,,0,,0.00
社会保険料 延滞金 損金 科目,,0,,0.00
社会保険料 延滞金 損金不算入,,0,,0.00
社会保険料 延滞金 未払計上,,0,,0.00
社会保険料 延滞金 未払金計上,,0,,0.00
社会保険料 延滞金 消費税区分,,0,,0.00
社会保険料 延滞金 租税公課,,0,,0.00
社会保険料 延滞金 税務,,0,,0.00
社会保険料 延滞金 計上時期,,0,,0.00
社会保険料 延滞金 軽減方法,,0,,0.00
社会保険料 建設 一般,,0,,0.00
社会保険料 建設 一般n,,0,,0.00
社会保険料 建設工事,,0,,0.00
社会保険料 引かれない,,0,,0.00
社会保険料 引かれない いくら,,0,,0.00
社会保険料 引かれる月,,0,,0.00
社会保険料 引きすぎ,,0,,0.00
社会保険料 引き上げ いつまで,,0,,0.00
社会保険料 引き忘れ,,0,,0.00
社会保険料 引き落とされていない,,0,,0.00
社会保険料 引き落とし 15日締め 当月25日払い,,0,,0.00
社会保険料 引き落とし 1日,,0,,0.00
社会保険料 引き落とし 2019,,0,,0.00
社会保険料 引き落とし 4月,,0,,0.00
社会保険料 引き落とし gw,,0,,0.00
社会保険料 引き落とし いつ,,0,,0.00
社会保険料 引き落とし ゆうちょ,,0,,0.00
社会保険料 引き落とし 何月分,,0,,0.00
社会保険料 引き落とし 内訳,,0,,0.00
社会保険料 引き落とし 年末,,0,,0.00
社会保険料 引き落とし 明細,,0,,0.00
社会保険料 引き落とし 月末,,0,,0.00
社会保険料 引き落とし 楽天銀行,,0,,0.00
社会保険料 引き落とし 法人,,0,,0.00
社会保険料 引き落とし 確定申告,,0,,0.00
社会保険料 引き落とし 遅れ,,0,,0.00
社会保険料 引き落としされていない,,0,,0.00
社会保険料 引き落としできなかった場合,,0,,0.00
社会保険料 引き落としの切り替え,,0,,0.00
社会保険料 引き落とし日 2019,,0,,0.00
社会保険料 引き落とし日 2020,,0,,0.00
社会保険料 引き落とし明細,,0,,0.00
社会保険料 引き間違い 処理,,0,,0.00
社会保険料 引当金 英語,,0,,0.00
社会保険料 引落 いつ,,0,,0.00
社会保険料 引落 仕訳,,0,,0.00
社会保険料 引落 明細,,0,,0.00
社会保険料 引落 止める,,0,,0.00
社会保険料 引落し,,0,,0.00
社会保険料 引落し できな,,0,,0.00
社会保険料 引落し 仕訳,,0,,0.00
社会保険料 引落し 楽天銀行,,0,,0.00
社会保険料 引落し口座変更,,0,,0.00
社会保険料 引落ズレ 形状,,0,,0.00
社会保険料 引落ズレ 計上,,0,,0.00
社会保険料 引落手続,,0,,0.00
社会保険料 引落日 12月,,0,,0.00
社会保険料 弥生給与,,0,,0.00
社会保険料 強引な取り立て,,0,,0.00
社会保険料 当月,,0,,0.00
社会保険料 当月入社 当月退職,,0,,0.00
社会保険料 当月徴収 エイチアールワン,,0,,0.00
社会保険料 当月徴収 入社時,,0,,0.00
社会保険料 当月徴収 報酬変更,,0,,0.00
社会保険料 当月徴収 翌月徴収 見分け方,,0,,0.00
社会保険料 当月徴収 翌月払 報酬変更,,0,,0.00
社会保険料 当月徴収 退職時,,0,,0.00
社会保険料 当月徴収 退職時調整,,0,,0.00
社会保険料 当月払,,0,,0.00
社会保険料 当月控除 労使協定,,0,,0.00
社会保険料 当月控除 給料 月末締め,,0,,0.00
社会保険料 当月控除 翌月控除,,0,,0.00
社会保険料 当月控除 違法,,0,,0.00
社会保険料 当月退職と翌月退職でどちらが得か,,0,,0.00
社会保険料 役員の減額で変更したい,,0,,0.00
社会保険料 役員の臨時収入,,0,,0.00
社会保険料 役員賞与 計算,,0,,0.00
社会保険料 待ってもらう,,0,,0.00
社会保険料 待ってもらうには,,0,,0.00
社会保険料 待つ,,0,,0.00
社会保険料 後期高齢 83才,,0,,0.00
社会保険料 後期高齢者 証明書,,0,,0.00
社会保険料 後期高齢者保険料 控除証明書 ない,,0,,0.00
社会保険料 後期高齢者支援分,,0,,0.00
社会保険料 従業員 プール,,0,,0.00
社会保険料 従業員 未払い,,0,,0.00
社会保険料 従業員 未払い 債権,,0,,0.00
社会保険料 従業員 科目,,0,,0.00
社会保険料 従業員が70歳になった時,,0,,0.00
社会保険料 従業員分,,0,,0.00
社会保険料 従業員負担分 仕訳,,0,,0.00
社会保険料 従業員負担分 仕訳 法定福利費,,0,,0.00
社会保険料 従業員負担分 横領,,0,,0.00
社会保険料 従業員負担分を会社が負担,,0,,0.00
社会保険料 得する,,0,,0.00
社会保険料 得する収入,,0,,0.00
社会保険料 復帰月,,0,,0.00
社会保険料 徴収 不足,,0,,0.00
社会保険料 徴収 仕訳,,0,,0.00
社会保険料 徴収 国税法国税法,,0,,0.00
社会保険料 徴収 差押え手続き 国税,,0,,0.00
社会保険料 徴収 年齢,,0,,0.00
社会保険料 徴収 法律,,0,,0.00
社会保険料 徴収 滞納,,0,,0.00
社会保険料 徴収だけ,,0,,0.00
社会保険料 徴収ミス 精算の仕方,,0,,0.00
社会保険料 徴収ミス 精算タイミング,,0,,0.00
社会保険料 徴収ミス 遅延損害金,,0,,0.00
社会保険料 徴収ミス 項目,,0,,0.00
社会保険料 徴収漏れ 年末調整,,0,,0.00
社会保険料 徴収漏れ 退職,,0,,0.00
社会保険料 徴収間違い 年末調整 修正,,0,,0.00
社会保険料 徴収額 変更,,0,,0.00
社会保険料 徴収額 臨時変更,,0,,0.00
社会保険料 急に上がった,,0,,0.00
社会保険料 恩恵的なもの,,0,,0.00
社会保険料 愛知 30年 率,,0,,0.00
社会保険料 愛知県 平成30年,,0,,0.00
社会保険料 慧さん,,0,,0.00
社会保険料 成人 扶養,,0,,0.00
社会保険料 成果報酬,,0,,0.00
社会保険料 戻す 支給 控除,,0,,0.00
社会保険料 戻す 科目,,0,,0.00
社会保険料 戻ってくるの,,0,,0.00
社会保険料 戻り 確定申告,,0,,0.00
社会保険料 戻る,,0,,0.00
社会保険料 所与,,0,,0.00
社会保険料 所得 交通費,,0,,0.00
社会保険料 所得 何月から,,0,,0.00
社会保険料 所得 割合,,0,,0.00
社会保険料 所得0円,,0,,0.00
社会保険料 所得85000円,,0,,0.00
社会保険料 所得で変わる,,0,,0.00
社会保険料 所得なし,,0,,0.00
社会保険料 所得税 含まれる,,0,,0.00
社会保険料 所得税 扶養控除 将来,,0,,0.00
社会保険料 所得税 控除 扶養手当,,0,,0.00
社会保険料 所得税 給与 計算,,0,,0.00
社会保険料 所得税含まれる,,0,,0.00
社会保険料 所得額,,0,,0.00
社会保険料 手取り シュミレーション,,0,,0.00
社会保険料 手取り 増えない,,0,,0.00
社会保険料 手取り 減額,,0,,0.00
社会保険料 手取り 逆算,,0,,0.00
社会保険料 手当含む,,0,,0.00
社会保険料 手続き 会社,,0,,0.00
社会保険料 手術台,,0,,0.00
社会保険料 払いすぎた,,0,,0.00
社会保険料 払いすぎた場合,,0,,0.00
社会保険料 払い戻し 外国人,,0,,0.00
社会保険料 払い戻し通知,,0,,0.00
社会保険料 払い込み用紙 送付,,0,,0.00
社会保険料 払う,,0,,0.00
社会保険料 払う人,,0,,0.00
社会保険料 払った金額,,0,,0.00
社会保険料 払った金額 わからない,,0,,0.00
社会保険料 払った金額 多ければもらうのも多い,,0,,0.00
社会保険料 払ってない 強制加入 私以外,,0,,0.00
社会保険料 払ってない 雇用保険はどうなる,,0,,0.00
社会保険料 払わずに 厚生年金だけ,,0,,0.00
社会保険料 払わない 仕事,,0,,0.00
社会保険料 払わない 社員,,0,,0.00
社会保険料 払わない 額,,0,,0.00
社会保険料 払わなくていい人,,0,,0.00
社会保険料 払込用紙 送付,,0,,0.00
社会保険料 払込票,,0,,0.00
社会保険料 扶養 10月,,0,,0.00
社会保険料 扶養 150万,,0,,0.00
社会保険料 扶養 2018,,0,,0.00
社会保険料 扶養 500人,,0,,0.00
社会保険料 扶養 65歳以上 年金受給,,0,,0.00
社会保険料 扶養 両親,,0,,0.00
社会保険料 扶養 会社負担,,0,,0.00
社会保険料 扶養 保険料増える,,0,,0.00
社会保険料 扶養 問い合わせ,,0,,0.00
社会保険料 扶養 増額,,0,,0.00
社会保険料 扶養 外れる 子,,0,,0.00
社会保険料 扶養 失業給付,,0,,0.00
社会保険料 扶養 届け,,0,,0.00
社会保険料 扶養 年金 年末調整,,0,,0.00
社会保険料 扶養 年金 負担,,0,,0.00
社会保険料 扶養 年齢,,0,,0.00
社会保険料 扶養 月給,,0,,0.00
社会保険料 扶養 途中,,0,,0.00
社会保険料 扶養あり なし 金額かわる,,0,,0.00
社会保険料 扶養から外れる,,0,,0.00
社会保険料 扶養から抜け 年末調整,,0,,0.00
社会保険料 扶養が減ると,,0,,0.00
社会保険料 扶養人数 金額,,0,,0.00
社会保険料 扶養人数減,,0,,0.00
社会保険料 扶養内 いくら,,0,,0.00
社会保険料 扶養外 支払い 国民年金,,0,,0.00
社会保険料 扶養外れる 事業所得,,0,,0.00
社会保険料 扶養家族 増える,,0,,0.00
社会保険料 扶養家族 子供二人 いくら,,0,,0.00
社会保険料 扶養家族 所得制限,,0,,0.00
社会保険料 扶養家族 月に5万医療費払った,,0,,0.00
社会保険料 扶養家族 高額医療,,0,,0.00
社会保険料 扶養抜ける,,0,,0.00
社会保険料 扶養控除 外れる,,0,,0.00
社会保険料 扶養枠内 超える,,0,,0.00
社会保険料 扶養範囲 退職後,,0,,0.00
社会保険料 扶養者の収入,,0,,0.00
社会保険料 扶養限度,,0,,0.00
社会保険料 投資 損失,,0,,0.00
社会保険料 折半 全額,,0,,0.00
社会保険料 折半 奇数,,0,,0.00
社会保険料 折半 損金参入,,0,,0.00
社会保険料 折半 月末,,0,,0.00
社会保険料 折半 源泉,,0,,0.00
社会保険料 折半 端数処理,,0,,0.00
社会保険料 折半しない,,0,,0.00
社会保険料 折半の仕方,,0,,0.00
社会保険料 折半以上に支払う,,0,,0.00
社会保険料 折半額 端数,,0,,0.00
社会保険料 折版額とは,,0,,0.00
社会保険料 抜け道,,0,,0.00
社会保険料 担当官庁,,0,,0.00
社会保険料 拠出金 産出,,0,,0.00
社会保険料 拠出金 福岡県,,0,,0.00
社会保険料 拠出金 算出,,0,,0.00
社会保険料 拠出金 計算,,0,,0.00
社会保険料 拠出金率 福岡県,,0,,0.00
社会保険料 拡大 news,,0,,0.00
社会保険料 振り込み ネット銀行,,0,,0.00
社会保険料 振替 あわない,,0,,0.00
社会保険料 振替 エラー,,0,,0.00
社会保険料 振替 合わない,,0,,0.00
社会保険料 振替伝票 決算,,0,,0.00
社会保険料 振替額 違う,,0,,0.00
社会保険料 振込手数料,,0,,0.00
社会保険料 振込用紙,,0,,0.00
社会保険料 振込表,,0,,0.00
社会保険料 掛金の徴収,,0,,0.00
社会保険料 採用 掛金の徴収,,0,,0.00
社会保険料 採用時,,0,,0.00
社会保険料 採用時 報酬額,,0,,0.00
社会保険料 採用時 月の途中入社 報酬額,,0,,0.00
社会保険料 採用時 月半ば,,0,,0.00
社会保険料 採用時 月途中入社 報酬額,,0,,0.00
社会保険料 推移 2018,,0,,0.00
社会保険料 推移 2019,,0,,0.00
社会保険料 推移 厚生労働省,,0,,0.00
社会保険料 提出,,0,,0.00
社会保険料 提示決定 いつから,,0,,0.00
社会保険料 換算表,,0,,0.00
社会保険料 損 残業,,0,,0.00
社会保険料 損しない,,0,,0.00
社会保険料 損失,,0,,0.00
社会保険料 損益計算書,,0,,0.00
社会保険料 損金 時期,,0,,0.00
社会保険料 損金計上時期,,0,,0.00
社会保険料 支店 それぞれ,,0,,0.00
社会保険料 支払 いつまで,,0,,0.00
社会保険料 支払 いつまで 退職,,0,,0.00
社会保険料 支払 仕分け,,0,,0.00
社会保険料 支払 仕訳 原価 販管費,,0,,0.00
社会保険料 支払 法人,,0,,0.00
社会保険料 支払 猶予,,0,,0.00
社会保険料 支払 遅れ,,0,,0.00
社会保険料 支払い いつ,,0,,0.00
社会保険料 支払い クレジットカード,,0,,0.00
社会保険料 支払い クレジットカード 法人,,0,,0.00
社会保険料 支払い 勘定科目,,0,,0.00
社会保険料 支払い 延期,,0,,0.00
社会保険料 支払い 弥生会計,,0,,0.00
社会保険料 支払い 締め日,,0,,0.00
社会保険料 支払い 誰,,0,,0.00
社会保険料 支払い 遅れ,,0,,0.00
社会保険料 支払い 適用,,0,,0.00
社会保険料 支払いができる場所,,0,,0.00
社会保険料 支払いの都度 損金計上,,0,,0.00
社会保険料 支払いカード,,0,,0.00
社会保険料 支払いカード 法人,,0,,0.00
社会保険料 支払い明細,,0,,0.00
社会保険料 支払った金額,,0,,0.00
社会保険料 支払った金額 調べる方法,,0,,0.00
社会保険料 支払わない,,0,,0.00
社会保険料 支払先 年末調整,,0,,0.00
社会保険料 支払方法 法人,,0,,0.00
社会保険料 支払日 休日,,0,,0.00
社会保険料 支払日 年末,,0,,0.00
社会保険料 支払義務者,,0,,0.00
社会保険料 支払証明書 いつ,,0,,0.00
社会保険料 支払額 抑制,,0,,0.00
社会保険料 支給額,,0,,0.00
社会保険料 改変 給与,,0,,0.00
社会保険料 改定 2018 10月,,0,,0.00
社会保険料 改定 2018 9月,,0,,0.00
社会保険料 改定 2018年9月,,0,,0.00
社会保険料 改定 2019 3月分,,0,,0.00
社会保険料 改定 2019 9月,,0,,0.00
社会保険料 改定 2019 算定基礎,,0,,0.00
社会保険料 改定 2019年10月,,0,,0.00
社会保険料 改定 2020,,0,,0.00
社会保険料 改定 31年度,,0,,0.00
社会保険料 改定 3月,,0,,0.00
社会保険料 改定 4か月,,0,,0.00
社会保険料 改定 4月,,0,,0.00
社会保険料 改定 7月,,0,,0.00
社会保険料 改定 いつ,,0,,0.00
社会保険料 改定 いつまで,,0,,0.00
社会保険料 改定 タイミング,,0,,0.00
社会保険料 改定 ボーナス 含めない,,0,,0.00
社会保険料 改定 充当,,0,,0.00
社会保険料 改定 平成29年,,0,,0.00
社会保険料 改定 推移,,0,,0.00
社会保険料 改定 根拠,,0,,0.00
社会保険料 改定 給与計算,,0,,0.00
社会保険料 改定 要因,,0,,0.00
社会保険料 改定 計算,,0,,0.00
社会保険料 改定 週20時間,,0,,0.00
社会保険料 改定 長野県 2019,,0,,0.00
社会保険料 改定 随時,,0,,0.00
社会保険料 改定年月,,0,,0.00
社会保険料 改定年月 いつから,,0,,0.00
社会保険料 改正 9月,,0,,0.00
社会保険料 改訂 2019,,0,,0.00
社会保険料 改訂 いつかた,,0,,0.00
社会保険料 教会けんぽ,,0,,0.00
社会保険料 料率 30,,0,,0.00
社会保険料 料率 9月,,0,,0.00
社会保険料 料率 お得,,0,,0.00
社会保険料 料率 今後,,0,,0.00
社会保険料 料率 会社負担,,0,,0.00
社会保険料 料率 厚生年金,,0,,0.00
社会保険料 料率 大阪,,0,,0.00
社会保険料 料率 愛知県,,0,,0.00
社会保険料 料率 改定時期,,0,,0.00
社会保険料 料率 東京,,0,,0.00
社会保険料 料率 東京都,,0,,0.00
社会保険料 料率 神奈川県,,0,,0.00
社会保険料 料率 給与規定,,0,,0.00
社会保険料 料率変更 2018年8月,,0,,0.00
社会保険料 料率変更 8月,,0,,0.00
社会保険料 料率変更 いつから,,0,,0.00
社会保険料 料率変更 平成29年9月,,0,,0.00
社会保険料 料率変更 平成30年,,0,,0.00
社会保険料 料率変更 平成30年9月,,0,,0.00
社会保険料 料率表 令和1年,,0,,0.00
社会保険料 料率表 令和1年 賞与,,0,,0.00
社会保険料 料率表 子ども子育て拠出金,,0,,0.00
社会保険料 料率計算,,0,,0.00
社会保険料 料金表と合わない,,0,,0.00
社会保険料 新 報酬月額 給与 控除,,0,,0.00
社会保険料 新入社員 いつから,,0,,0.00
社会保険料 新入社員 計算方法,,0,,0.00
社会保険料 新入社員 金額,,0,,0.00
社会保険料 新卒 額,,0,,0.00
社会保険料 日割り 退職,,0,,0.00
社会保険料 日割り計算 退職,,0,,0.00
社会保険料 日本 総額,,0,,0.00
社会保険料 日研 折半しない,,0,,0.00
社会保険料 日給制,,0,,0.00
社会保険料 早期退職 マイナス,,0,,0.00
社会保険料 早見表 愛媛県,,0,,0.00
社会保険料 早見表 端数,,0,,0.00
社会保険料 昇給 3月 算定,,0,,0.00
社会保険料 昇給 いつから,,0,,0.00
社会保険料 昇給の理由,,0,,0.00
社会保険料 明細 問い合わせ,,0,,0.00
社会保険料 明細 法人,,0,,0.00
社会保険料 昔,,0,,0.00
社会保険料 昔より上がった,,0,,0.00
社会保険料 春,,0,,0.00
社会保険料 春 残業,,0,,0.00
社会保険料 昨年,,0,,0.00
社会保険料 昨年の収入,,0,,0.00
社会保険料 時代,,0,,0.00
社会保険料 時効 未払い,,0,,0.00
社会保険料 時効 条文,,0,,0.00
社会保険料 時効 法人,,0,,0.00
社会保険料 時給 引かれる,,0,,0.00
社会保険料 時給の場合,,0,,0.00
社会保険料 普通徴収 特別徴収,,0,,0.00
社会保険料 更新 標準報酬月額 給与 9月,,0,,0.00
社会保険料 書かない,,0,,0.00
社会保険料 書き方 訂正,,0,,0.00
社会保険料 書類,,0,,0.00
社会保険料 書類 保存期間,,0,,0.00
社会保険料 最も低い,,0,,0.00
社会保険料 最低労働時間,,0,,0.00
社会保険料 最低報酬,,0,,0.00
社会保険料 最低給料,,0,,0.00
社会保険料 最初の月,,0,,0.00
社会保険料 最初の給与,,0,,0.00
社会保険料 最大控除,,0,,0.00
社会保険料 月 計算,,0,,0.00
社会保険料 月200万納付,,0,,0.00
社会保険料 月ずれ,,0,,0.00
社会保険料 月に2回給与のばあい,,0,,0.00
社会保険料 月に5万円,,0,,0.00
社会保険料 月によって違う,,0,,0.00
社会保険料 月によって違う 賞与,,0,,0.00
社会保険料 月の途中で入社,,0,,0.00
社会保険料 月の途中に入社,,0,,0.00
社会保険料 月中退職,,0,,0.00
社会保険料 月初,,0,,0.00
社会保険料 月初引き落とし,,0,,0.00
社会保険料 月初引き落とし 仕訳,,0,,0.00
社会保険料 月別,,0,,0.00
社会保険料 月収20万,,0,,0.00
社会保険料 月収30万,,0,,0.00
社会保険料 月変 4月 昇給,,0,,0.00
社会保険料 月変 いつから,,0,,0.00
社会保険料 月変算定 9月保険料,,0,,0.00
社会保険料 月学変更届,,0,,0.00
社会保険料 月末 休日,,0,,0.00
社会保険料 月末 育休,,0,,0.00
社会保険料 月末前日退職,,0,,0.00
社会保険料 月末在籍,,0,,0.00
社会保険料 月末在籍時,,0,,0.00
社会保険料 月末日,,0,,0.00
社会保険料 月末納付するのは何月分なのか,,0,,0.00
社会保険料 月末退職は損,,0,,0.00
社会保険料 月次変更,,0,,0.00
社会保険料 月次改定,,0,,0.00
社会保険料 月次未払計上,,0,,0.00
社会保険料 月毎変わる,,0,,0.00
社会保険料 月給 賞与,,0,,0.00
社会保険料 月途中 退職 転職,,0,,0.00
社会保険料 月途中退社,,0,,0.00
社会保険料 月途中退職 末締め翌月払い,,0,,0.00
社会保険料 月額 事業主負担 概算,,0,,0.00
社会保険料 月額 交通費,,0,,0.00
社会保険料 月額 扶養,,0,,0.00
社会保険料 月額 提出していない,,0,,0.00
社会保険料 月額 目安,,0,,0.00
社会保険料 月額 賞与,,0,,0.00
社会保険料 月額24万 いくら,,0,,0.00
社会保険料 月額報酬 変更 届,,0,,0.00
社会保険料 月額報酬 損,,0,,0.00
社会保険料 月額報酬 計算いつ,,0,,0.00
社会保険料 月額変更 4月,,0,,0.00
社会保険料 月額変更 定期代,,0,,0.00
社会保険料 月額変更届 いつから,,0,,0.00
社会保険料 月額変更届 忘れ,,0,,0.00
社会保険料 月額変更届 提出日,,0,,0.00
社会保険料 月額変更届 等級,,0,,0.00
社会保険料 月額変更届 記入例,,0,,0.00
社会保険料 月額標準報酬,,0,,0.00
社会保険料 期間帰属,,0,,0.00
社会保険料 期限 一日過ぎた,,0,,0.00
社会保険料 期限日翌日,,0,,0.00
社会保険料 期限過ぎた,,0,,0.00
社会保険料 未加入 罰則,,0,,0.00
社会保険料 未払 仕訳,,0,,0.00
社会保険料 未払 倒産,,0,,0.00
社会保険料 未払 損金,,0,,0.00
社会保険料 未払い 利息,,0,,0.00
社会保険料 未払い 発覚,,0,,0.00
社会保険料 未払い 確認,,0,,0.00
社会保険料 未払い 障がい者年金,,0,,0.00
社会保険料 未払いのまま 法人決算,,0,,0.00
社会保険料 未払い賃金,,0,,0.00
社会保険料 未払計上 しない,,0,,0.00
社会保険料 未払計上 仕訳,,0,,0.00
社会保険料 未払計上 会社負担分,,0,,0.00
社会保険料 未払計上 催促状,,0,,0.00
社会保険料 未払計上 本人負担分,,0,,0.00
社会保険料 未払費用,,0,,0.00
社会保険料 未払金 仕訳,,0,,0.00
社会保険料 未納 会社,,0,,0.00
社会保険料 未納 個人,,0,,0.00
社会保険料 未納 別の会社,,0,,0.00
社会保険料 未納 割合,,0,,0.00
社会保険料 未納 年金,,0,,0.00
社会保険料 未納 新聞,,0,,0.00
社会保険料 未納がないことの照明,,0,,0.00
社会保険料 未納がないことの証明 法人,,0,,0.00
社会保険料 未納のないことの証明,,0,,0.00
社会保険料 未納分,,0,,0.00
社会保険料 未納問題,,0,,0.00
社会保険料 未経過,,0,,0.00
社会保険料 未経過 損金,,0,,0.00
社会保険料 末日 休日,,0,,0.00
社会保険料 末日退職の場合,,0,,0.00
社会保険料 本人,,0,,0.00
社会保険料 本人 請求,,0,,0.00
社会保険料 本人負担 仕訳,,0,,0.00
社会保険料 本人負担 子供 子育て拠出金,,0,,0.00
社会保険料 本人負担 折半 例外,,0,,0.00
社会保険料 本人負担 端数,,0,,0.00
社会保険料 本人負担分 会社が負担,,0,,0.00
社会保険料 本人負担分 未納,,0,,0.00
社会保険料 札幌市,,0,,0.00
社会保険料 条件 会社負担,,0,,0.00
社会保険料 来月から控除開始,,0,,0.00
社会保険料 株式譲渡,,0,,0.00
社会保険料 株式譲渡益,,0,,0.00
社会保険料 格差,,0,,0.00
社会保険料 棚卸,,0,,0.00
社会保険料 棚卸 製造原価,,0,,0.00
社会保険料 楽天銀行,,0,,0.00
社会保険料 楽天銀行 ペイジー,,0,,0.00
社会保険料 概算 パーセンテージ,,0,,0.00
社会保険料 概算 割合,,0,,0.00
社会保険料 概算 損金,,0,,0.00
社会保険料 概算額,,0,,0.00
社会保険料 標準報酬 協会健保,,0,,0.00
社会保険料 標準報酬少なく,,0,,0.00
社会保険料 標準報酬少なく申請すると違反,,0,,0.00
社会保険料 標準報酬月額 とは,,0,,0.00
社会保険料 標準報酬月額 中途採用,,0,,0.00
社会保険料 標準報酬月額 大阪府,,0,,0.00
社会保険料 標準報酬月額 時期,,0,,0.00
社会保険料 標準報酬月額 等級 変更,,0,,0.00
社会保険料 標準報酬月額 算定方法,,0,,0.00
社会保険料 標準報酬月額 範囲,,0,,0.00
社会保険料 標準報酬月額 自動計算ツール,,0,,0.00
社会保険料 標準報酬月額 計算 交通費,,0,,0.00
社会保険料 標準報酬月額 誤り,,0,,0.00
社会保険料 標準報酬月額 資格取得時,,0,,0.00
社会保険料 標準報酬月額 間違い,,0,,0.00
社会保険料 標準報酬額変更届,,0,,0.00
社会保険料 標準月gs九表,,0,,0.00
社会保険料 標準月額報酬 インセンティブ,,0,,0.00
社会保険料 標準月額報酬 会社負担 自己負担,,0,,0.00
社会保険料 標準賞与額 何月,,0,,0.00
社会保険料 横浜中,,0,,0.00
社会保険料 横須賀市,,0,,0.00
社会保険料 欠勤,,0,,0.00
社会保険料 欧米,,0,,0.00
社会保険料 正社員,,0,,0.00
社会保険料 正社員 契約社員 アルバイト,,0,,0.00
社会保険料 正社員からパート 切り替え,,0,,0.00
社会保険料 歯医者,,0,,0.00
社会保険料 歯医者 確定申告,,0,,0.00
社会保険料 歳入,,0,,0.00
社会保険料 歳入 推移,,0,,0.00
社会保険料 歳入金 住信sbiネット銀行,,0,,0.00
社会保険料 歳入金 楽天銀行,,0,,0.00
社会保険料 死亡した場合,,0,,0.00
社会保険料 残業 年末調整,,0,,0.00
社会保険料 残業 損,,0,,0.00
社会保険料 残業代含めない パート残業とは,,0,,0.00
社会保険料 段階的引き上げ,,0,,0.00
社会保険料 毎月 10万,,0,,0.00
社会保険料 毎月 納付日,,0,,0.00
社会保険料 毎月変わる,,0,,0.00
社会保険料 毎月変動,,0,,0.00
社会保険料 水位,,0,,0.00
社会保険料 決まる時期,,0,,0.00
社会保険料 決定 仕組み,,0,,0.00
社会保険料 決定 初回額,,0,,0.00
社会保険料 決定通知,,0,,0.00
社会保険料 決定通知書,,0,,0.00
社会保険料 決定額,,0,,0.00
社会保険料 法人 ゆうちょで引き落とせない,,0,,0.00
社会保険料 法人 変動,,0,,0.00
社会保険料 法人 引き落とし,,0,,0.00
社会保険料 法人 払えない,,0,,0.00
社会保険料 法人 扶養,,0,,0.00
社会保険料 法人 最低,,0,,0.00
社会保険料 法人 納付,,0,,0.00
社会保険料 法人 納付期限,,0,,0.00
社会保険料 法人 計算,,0,,0.00
社会保険料 法人 領収書 口座振替,,0,,0.00
社会保険料 法人 高すぎる,,0,,0.00
社会保険料 法人税 お得,,0,,0.00
社会保険料 法人税 損金,,0,,0.00
社会保険料 法人負担分 経費,,0,,0.00
社会保険料 法人預金から引き落とされた場合の処理方法,,0,,0.00
社会保険料 法定労働時間,,0,,0.00
社会保険料 法定労働時間 パート,,0,,0.00
社会保険料 法定福利費 マイナス,,0,,0.00
社会保険料 法定福利費 仕訳,,0,,0.00
社会保険料 法定福利費 違い,,0,,0.00
社会保険料 洪津日,,0,,0.00
社会保険料 派遣 いくら,,0,,0.00
社会保険料 派遣 扶養,,0,,0.00
社会保険料 派遣 折半,,0,,0.00
社会保険料 派遣 折半しない,,0,,0.00
社会保険料 派遣 日数,,0,,0.00
社会保険料 派遣 時給,,0,,0.00
社会保険料 派遣 短期,,0,,0.00
社会保険料 派遣 負担,,0,,0.00
社会保険料 派遣 高い,,0,,0.00
社会保険料 派遣会社,,0,,0.00
社会保険料 派遣会社 比較,,0,,0.00
社会保険料 派遣健保,,0,,0.00
社会保険料 派遣健保 等級,,0,,0.00
社会保険料 派遣先,,0,,0.00
社会保険料 派遣社員 短期,,0,,0.00
社会保険料 消費税 不課税,,0,,0.00
社会保険料 添付,,0,,0.00
社会保険料 添付 要らない,,0,,0.00
社会保険料 減免 副業,,0,,0.00
社会保険料 減免 育休,,0,,0.00
社会保険料 減免制度,,0,,0.00
社会保険料 減免措置,,0,,0.00
社会保険料 減収,,0,,0.00
社会保険料 減収 還付,,0,,0.00
社会保険料 減少スキーム,,0,,0.00
社会保険料 源泉と支払証明書,,0,,0.00
社会保険料 源泉と支払証明書 確定申告,,0,,0.00
社会保険料 源泉徴収 扶養,,0,,0.00
社会保険料 源泉徴収票 内,,0,,0.00
社会保険料 源泉徴収票 年金機構手紙,,0,,0.00
社会保険料 源泉徴収票の通り 内,,0,,0.00
社会保険料 源泉税 住民税 仕訳,,0,,0.00
社会保険料 滋賀 標準報酬月額表,,0,,0.00
社会保険料 滞納 1000万,,0,,0.00
社会保険料 滞納 ブラック,,0,,0.00
社会保険料 滞納 保険証,,0,,0.00
社会保険料 滞納 免除申請,,0,,0.00
社会保険料 滞納 別の会社,,0,,0.00
社会保険料 滞納 別の会社 働けるか,,0,,0.00
社会保険料 滞納 勘定,,0,,0.00
社会保険料 滞納 期限,,0,,0.00
社会保険料 滞納 猶予,,0,,0.00
社会保険料 滞納 相談,,0,,0.00
社会保険料 滞納 調べる,,0,,0.00
社会保険料 滞納件数,,0,,0.00
社会保険料 滞納者数,,0,,0.00
社会保険料 滞納者数推移,,0,,0.00
社会保険料 無就業,,0,,0.00
社会保険料 無料,,0,,0.00
社会保険料 無申告,,0,,0.00
社会保険料 照明,,0,,0.00
社会保険料 特例申請,,0,,0.00
社会保険料 特例申請 繁忙,,0,,0.00
社会保険料 独身 高い,,0,,0.00
社会保険料 率 変更 年度途中 残業,,0,,0.00
社会保険料 率 推移,,0,,0.00
社会保険料 率 西東京市,,0,,0.00
社会保険料 現場管理費,,0,,0.00
社会保険料 現物,,0,,0.00
社会保険料 生命保険料 個人年金,,0,,0.00
社会保険料 生命保険料 違い,,0,,0.00
社会保険料 生活保護,,0,,0.00
社会保険料 生計を一にする,,0,,0.00
社会保険料 産休 免除 誰が申請,,0,,0.00
社会保険料 産休 最初の月,,0,,0.00
社会保険料 産前 免除,,0,,0.00
社会保険料 産前 免除 申込,,0,,0.00
社会保険料 産前産後休業,,0,,0.00
社会保険料 用途,,0,,0.00
社会保険料 申請しないとどうなる,,0,,0.00
社会保険料 町税,,0,,0.00
社会保険料 病欠の従業員,,0,,0.00
社会保険料 病気,,0,,0.00
社会保険料 発生主義,,0,,0.00
社会保険料 皆勤手当,,0,,0.00
社会保険料 皇女証明書,,0,,0.00
社会保険料 監査,,0,,0.00
社会保険料 監査 分析,,0,,0.00
社会保険料 目安 30代,,0,,0.00
社会保険料 県別,,0,,0.00
社会保険料 真実,,0,,0.00
社会保険料 督促状 問い合わせ,,0,,0.00
社会保険料 知恵袋,,0,,0.00
社会保険料 短時間労働者,,0,,0.00
社会保険料 短期,,0,,0.00
社会保険料 短期バイト,,0,,0.00
社会保険料 破産 免責,,0,,0.00
社会保険料 破産 免責 払えない,,0,,0.00
社会保険料 確定日,,0,,0.00
社会保険料 確定申告 etax,,0,,0.00
社会保険料 確定申告 個人事業主,,0,,0.00
社会保険料 確定申告 区分,,0,,0.00
社会保険料 確定申告 区分 経費,,0,,0.00
社会保険料 確定申告 変わる,,0,,0.00
社会保険料 確定申告 添付 台紙,,0,,0.00
社会保険料 確定申告 科目,,0,,0.00
社会保険料 確定申告 貼り方,,0,,0.00
社会保険料 確定申告 還付,,0,,0.00
社会保険料 確認 厚生年金,,0,,0.00
社会保険料 確認方法 課税証明書,,0,,0.00
社会保険料 社会人,,0,,0.00
社会保険料 社会保障税,,0,,0.00
社会保険料 社労士,,0,,0.00
社会保険料 社労士 費用,,0,,0.00
社会保険料 社員 代表,,0,,0.00
社会保険料 社員 先に預かる,,0,,0.00
社会保険料 社員 前月 預かる,,0,,0.00
社会保険料 社員4人,,0,,0.00
社会保険料 社宅 静岡 税理士事務所,,0,,0.00
社会保険料 社宅家賃,,0,,0.00
社会保険料 社宅家賃 表,,0,,0.00
社会保険料 福利厚生費 仕訳,,0,,0.00
社会保険料 福利厚生費 仕訳 16,,0,,0.00
社会保険料 福岡 一覧,,0,,0.00
社会保険料 福岡 問い合わせ,,0,,0.00
社会保険料 福岡 税金,,0,,0.00
社会保険料 私立大学,,0,,0.00
社会保険料 科目 会計,,0,,0.00
社会保険料 租税 仕訳,,0,,0.00
社会保険料 租税公課,,0,,0.00
社会保険料 税の徴収 考え方,,0,,0.00
社会保険料 税務,,0,,0.00
社会保険料 税務署,,0,,0.00
社会保険料 税区分,,0,,0.00
社会保険料 税収,,0,,0.00
社会保険料 税率表 協会けんぽ,,0,,0.00
社会保険料 税負担,,0,,0.00
社会保険料 税負担 年々,,0,,0.00
社会保険料 税金 fx,,0,,0.00
社会保険料 税金 だいたい 14万円,,0,,0.00
社会保険料 税金 回避,,0,,0.00
社会保険料 税金 手取り,,0,,0.00
社会保険料 税金 日本だけ,,0,,0.00
社会保険料 税金 負担率,,0,,0.00
社会保険料 種類 年末調整,,0,,0.00
社会保険料 種類 確定申告,,0,,0.00
社会保険料 種類 確定申告 83才,,0,,0.00
社会保険料 種類 記載例,,0,,0.00
社会保険料 積算,,0,,0.00
社会保険料 空徐証明書,,0,,0.00
社会保険料 突然,,0,,0.00
社会保険料 立て替える場合 仕訳,,0,,0.00
社会保険料 立替 仕訳,,0,,0.00
社会保険料 立替 分割,,0,,0.00
社会保険料 立替 回収,,0,,0.00
社会保険料 立替 請求 提訴,,0,,0.00
社会保険料 立替 請求 放置,,0,,0.00
社会保険料 立替 請求書,,0,,0.00
社会保険料 立替金,,0,,0.00
社会保険料 端数 会社負担,,0,,0.00
社会保険料 端数 切り捨て,,0,,0.00
社会保険料 端数 四捨五入,,0,,0.00
社会保険料 端数 特約,,0,,0.00
社会保険料 端数は,,0,,0.00
社会保険料 端数処理 事業主負担,,0,,0.00
社会保険料 第二次納税ぎm儒,,0,,0.00
社会保険料 第二次納税義務,,0,,0.00
社会保険料 等級 29万円,,0,,0.00
社会保険料 等級 3ヶ月,,0,,0.00
社会保険料 等級 ボーナス,,0,,0.00
社会保険料 等級 上限,,0,,0.00
社会保険料 等級 交通費,,0,,0.00
社会保険料 等級 基本給,,0,,0.00
社会保険料 等級 年金,,0,,0.00
社会保険料 等級 東京,,0,,0.00
社会保険料 等級 残業,,0,,0.00
社会保険料 等級 決定,,0,,0.00
社会保険料 等級 福井,,0,,0.00
社会保険料 等級 見直し,,0,,0.00
社会保険料 等級 賞与,,0,,0.00
社会保険料 等級 金額,,0,,0.00
社会保険料 等級変更 1等級,,0,,0.00
社会保険料 等級変更 いつから,,0,,0.00
社会保険料 等級変更 給与,,0,,0.00
社会保険料 等級間違い,,0,,0.00
社会保険料 算出 不足,,0,,0.00
社会保険料 算出 月,,0,,0.00
社会保険料 算出方法 端数,,0,,0.00
社会保険料 算定 10月,,0,,0.00
社会保険料 算定 いつから,,0,,0.00
社会保険料 算定 内容,,0,,0.00
社会保険料 算定 厚生年金の料率変更,,0,,0.00
社会保険料 算定 変更月,,0,,0.00
社会保険料 算定 対象,,0,,0.00
社会保険料 算定 控除,,0,,0.00
社会保険料 算定 日数,,0,,0.00
社会保険料 算定 生命保険,,0,,0.00
社会保険料 算定 確定拠出年金,,0,,0.00
社会保険料 算定付き,,0,,0.00
社会保険料 算定基礎 いつから,,0,,0.00
社会保険料 算定基礎 いつから変更,,0,,0.00
社会保険料 算定基礎 交通費,,0,,0.00
社会保険料 算定基礎 住宅手当,,0,,0.00
社会保険料 算定基礎 手取り,,0,,0.00
社会保険料 算定基礎 控除,,0,,0.00
社会保険料 算定基礎 期間,,0,,0.00
社会保険料 算定基礎 残業代,,0,,0.00
社会保険料 算定基礎とは,,0,,0.00
社会保険料 算定基礎届 9月から変更予定の人,,0,,0.00
社会保険料 算定方法 個人事業主,,0,,0.00
社会保険料 算定表q,,0,,0.00
社会保険料 管掌区分,,0,,0.00
社会保険料 管掌区分とは,,0,,0.00
社会保険料 管理 エクセル,,0,,0.00
社会保険料 節税対策 130万円,,0,,0.00
社会保険料 節税対策 増やす,,0,,0.00
社会保険料 節税対策 給料,,0,,0.00
社会保険料 節約 サラリーマン,,0,,0.00
社会保険料 節約 個人事業主,,0,,0.00
社会保険料 節約 法人設立,,0,,0.00
社会保険料 節約 法人設立 社労士,,0,,0.00
社会保険料 節約 福利厚生,,0,,0.00
社会保険料 節約 給与 賞与,,0,,0.00
社会保険料 節約 退職日,,0,,0.00
社会保険料 節約の仕方,,0,,0.00
社会保険料 範囲内,,0,,0.00
社会保険料 精算額 損金算入時期,,0,,0.00
社会保険料 納めていない,,0,,0.00
社会保険料 納付 atm,,0,,0.00
社会保険料 納付 いつ,,0,,0.00
社会保険料 納付 いつまで待ってくれる,,0,,0.00
社会保険料 納付 ペイジー,,0,,0.00
社会保険料 納付 休日,,0,,0.00
社会保険料 納付 問い合わせ,,0,,0.00
社会保険料 納付 問い合わせ 大阪,,0,,0.00
社会保険料 納付 年金事務所,,0,,0.00
社会保険料 納付 待つ,,0,,0.00
社会保険料 納付 明細,,0,,0.00
社会保険料 納付 猶予,,0,,0.00
社会保険料 納付 翌月,,0,,0.00
社会保険料 納付 資格,,0,,0.00
社会保険料 納付 賞与,,0,,0.00
社会保険料 納付 退職,,0,,0.00
社会保険料 納付 郵便局,,0,,0.00
社会保険料 納付 郵便局 期限切れ,,0,,0.00
社会保険料 納付 電子納税,,0,,0.00
社会保険料 納付方法 法人,,0,,0.00
社会保険料 納付日 休日,,0,,0.00
社会保険料 納付時 仕訳,,0,,0.00
社会保険料 納付書 いつ,,0,,0.00
社会保険料 納付書 いつ届く,,0,,0.00
社会保険料 納付書 どこで,,0,,0.00
社会保険料 納付書 コンビニ,,0,,0.00
社会保険料 納付書 健康保険,,0,,0.00
社会保険料 納付書 内訳,,0,,0.00
社会保険料 納付書 再発行,,0,,0.00
社会保険料 納付書 届かない,,0,,0.00
社会保険料 納付書 紛失,,0,,0.00
社会保険料 納付書 送付時期,,0,,0.00
社会保険料 納付期限 11月分,,0,,0.00
社会保険料 納付期限 2019,,0,,0.00
社会保険料 納付期限 休日,,0,,0.00
社会保険料 納付期限 口座振替,,0,,0.00
社会保険料 納付期限 年末,,0,,0.00
社会保険料 納付期限 督促状,,0,,0.00
社会保険料 納付期限 賞与,,0,,0.00
社会保険料 納付漏れ,,0,,0.00
社会保険料 納付目的年月 意味,,0,,0.00
社会保険料 納付目的年月 意味 末日,,0,,0.00
社会保険料 納付目的年月 意味 末日締め,,0,,0.00
社会保険料 納付目的年月 末日締め,,0,,0.00
社会保険料 納付誓約書,,0,,0.00
社会保険料 納付金額 証明書,,0,,0.00
社会保険料 納付額 合わない,,0,,0.00
社会保険料 納入告知書 あるところ,,0,,0.00
社会保険料 納入告知書 何月,,0,,0.00
社会保険料 納入告知書 内訳,,0,,0.00
社会保険料 納入告知書 時期,,0,,0.00
社会保険料 納入告知書 誤差,,0,,0.00
社会保険料 納入日,,0,,0.00
社会保険料 納入済み通知書,,0,,0.00
社会保険料 納入済通知書,,0,,0.00
社会保険料 納入証明書 中央区,,0,,0.00
社会保険料 納入証明書 岡山市,,0,,0.00
社会保険料 納入証明書 私学共済,,0,,0.00
社会保険料 納税額,,0,,0.00
社会保険料 累進課税,,0,,0.00
社会保険料 組合によって,,0,,0.00
社会保険料 経営 サポート,,0,,0.00
社会保険料 経常利益,,0,,0.00
社会保険料 経済成長,,0,,0.00
社会保険料 経済的利益,,0,,0.00
社会保険料 経済的利益 社員旅行,,0,,0.00
社会保険料 経理処理,,0,,0.00
社会保険料 経産,,0,,0.00
社会保険料 経費 個人事業主,,0,,0.00
社会保険料 経費 合同会社,,0,,0.00
社会保険料 経費 法人,,0,,0.00
社会保険料 経費計上,,0,,0.00
社会保険料 経費計上時期,,0,,0.00
社会保険料 結婚後 金額,,0,,0.00
社会保険料 給与 1段階 違い,,0,,0.00
社会保険料 給与 35000円,,0,,0.00
社会保険料 給与 いつから,,0,,0.00
社会保険料 給与 何,,0,,0.00
社会保険料 給与 家賃天引き,,0,,0.00
社会保険料 給与 控除 タイミング,,0,,0.00
社会保険料 給与 最低,,0,,0.00
社会保険料 給与 特別徴収,,0,,0.00
社会保険料 給与 自営,,0,,0.00
社会保険料 給与 計算方法,,0,,0.00
社会保険料 給与 逆算,,0,,0.00
社会保険料 給与から計算,,0,,0.00
社会保険料 給与が下がった 還付金,,0,,0.00
社会保険料 給与なし,,0,,0.00
社会保険料 給与に占める割合,,0,,0.00
社会保険料 給与のみかかる 60歳以上,,0,,0.00
社会保険料 給与の何割,,0,,0.00
社会保険料 給与より多い,,0,,0.00
社会保険料 給与下がっても,,0,,0.00
社会保険料 給与以外から控除,,0,,0.00
社会保険料 給与増加,,0,,0.00
社会保険料 給与外収入,,0,,0.00
社会保険料 給与天引きされないとき,,0,,0.00
社会保険料 給与所得控除,,0,,0.00
社会保険料 給与支払者なし,,0,,0.00
社会保険料 給与減少,,0,,0.00
社会保険料 給与計算 幣制27年,,0,,0.00
社会保険料 給料 上がらない,,0,,0.00
社会保険料 給料 割合 一定 監査,,0,,0.00
社会保険料 給料 割合 監査,,0,,0.00
社会保険料 給料 合算するのか,,0,,0.00
社会保険料 給料 徴収,,0,,0.00
社会保険料 給料 計算 年金,,0,,0.00
社会保険料 給料 関係,,0,,0.00
社会保険料 給料5万円,,0,,0.00
社会保険料 給料がない場合,,0,,0.00
社会保険料 給料変更,,0,,0.00
社会保険料 給料天引き 仕訳,,0,,0.00
社会保険料 総報酬制が導入,,0,,0.00
社会保険料 総報酬制が導入前,,0,,0.00
社会保険料 総所得,,0,,0.00
社会保険料 総税収,,0,,0.00
社会保険料 美術,,0,,0.00
社会保険料 義務なの,,0,,0.00
社会保険料 翌日払い,,0,,0.00
社会保険料 翌月,,0,,0.00
社会保険料 翌月10日,,0,,0.00
社会保険料 翌月徴収 なぜ,,0,,0.00
社会保険料 翌月徴収 月ずれ,,0,,0.00
社会保険料 翌月徴収 根拠,,0,,0.00
社会保険料 翌月徴収 法律,,0,,0.00
社会保険料 翌月徴収 翌月納付,,0,,0.00
社会保険料 翌月徴収 退職,,0,,0.00
社会保険料 翌月控除,,0,,0.00
社会保険料 翌月末日,,0,,0.00
社会保険料 育休 6月末,,0,,0.00
社会保険料 育児休業 免除期間,,0,,0.00
社会保険料 育児休業中 免除,,0,,0.00
社会保険料 育児休業中 夫,,0,,0.00
社会保険料 育児休業中は免除,,0,,0.00
社会保険料 能藤木,,0,,0.00
社会保険料 脂肪退職,,0,,0.00
社会保険料 脱税,,0,,0.00
社会保険料 脳部,,0,,0.00
社会保険料 自分,,0,,0.00
社会保険料 自動,,0,,0.00
社会保険料 自動引き落とし 残高不足,,0,,0.00
社会保険料 自動拠出金,,0,,0.00
社会保険料 自動計算 2019,,0,,0.00
社会保険料 自動車,,0,,0.00
社会保険料 自営業者,,0,,0.00
社会保険料 自営業者 計算,,0,,0.00
社会保険料 自己破産,,0,,0.00
社会保険料 自己負担 仕訳,,0,,0.00
社会保険料 自己負担 休職,,0,,0.00
社会保険料 自負,,0,,0.00
社会保険料 自費,,0,,0.00
社会保険料 若者,,0,,0.00
社会保険料 英語 説明,,0,,0.00
社会保険料 英語で,,0,,0.00
社会保険料 落ちなかったとき,,0,,0.00
社会保険料 蒲郡,,0,,0.00
社会保険料 虚偽申告,,0,,0.00
社会保険料 虚偽申告 罰則,,0,,0.00
社会保険料 表 30,,0,,0.00
社会保険料 表 令和元年,,0,,0.00
社会保険料 表 宮城県,,0,,0.00
社会保険料 表 平成19年,,0,,0.00
社会保険料 表 平成19年 鹿児島,,0,,0.00
社会保険料 表 平成20年,,0,,0.00
社会保険料 表 見方,,0,,0.00
社会保険料 表 鹿児島,,0,,0.00
社会保険料 表の見方,,0,,0.00
社会保険料 表彰金,,0,,0.00
社会保険料 被保険者負担,,0,,0.00
社会保険料 被扶養 基準 130,,0,,0.00
社会保険料 装具,,0,,0.00
社会保険料 製造原価,,0,,0.00
社会保険料 複数社 同一月内,,0,,0.00
社会保険料 要件 労働日数,,0,,0.00
社会保険料 要因,,0,,0.00
社会保険料 見方,,0,,0.00
社会保険料 見直し 7月,,0,,0.00
社会保険料 見直し 反映時期,,0,,0.00
社会保険料 見直し 年二回,,0,,0.00
社会保険料 見直し 申請 給与カット,,0,,0.00
社会保険料 見直し 等級,,0,,0.00
社会保険料 見直し 繁栄,,0,,0.00
社会保険料 見直し期間,,0,,0.00
社会保険料 見積計上,,0,,0.00
社会保険料 親 扶養 条件,,0,,0.00
社会保険料 親が払っていた場合,,0,,0.00
社会保険料 解約,,0,,0.00
社会保険料 訂正 仕訳,,0,,0.00
社会保険料 計さん,,0,,0.00
社会保険料 計上の仕方,,0,,0.00
社会保険料 計算 10月,,0,,0.00
社会保険料 計算 2 18,,0,,0.00
社会保険料 計算 20,,0,,0.00
社会保険料 計算 2019 10月,,0,,0.00
社会保険料 計算 2019 家族,,0,,0.00
社会保険料 計算 2019 時給,,0,,0.00
社会保険料 計算 30年度,,0,,0.00
社会保険料 計算 3月,,0,,0.00
社会保険料 計算 4 5 6,,0,,0.00
社会保険料 計算 4-6月,,0,,0.00
社会保険料 計算 40歳,,0,,0.00
社会保険料 計算 40歳 率,,0,,0.00
社会保険料 計算 456,,0,,0.00
社会保険料 計算 456 インセンティブ,,0,,0.00
社会保険料 計算 api,,0,,0.00
社会保険料 計算 it,,0,,0.00
社会保険料 計算 keisan,,0,,0.00
社会保険料 計算 いつからいつまで,,0,,0.00
社会保険料 計算 いつからいつまで ボーナス,,0,,0.00
社会保険料 計算 ふるさと納税,,0,,0.00
社会保険料 計算 ウェブ,,0,,0.00
社会保険料 計算 フリーソフト,,0,,0.00
社会保険料 計算 一時金,,0,,0.00
社会保険料 計算 三重県,,0,,0.00
社会保険料 計算 不動産,,0,,0.00
社会保険料 計算 不要,,0,,0.00
社会保険料 計算 乙欄,,0,,0.00
社会保険料 計算 事業者,,0,,0.00
社会保険料 計算 京都市,,0,,0.00
社会保険料 計算 休職,,0,,0.00
社会保険料 計算 会社 調べ方,,0,,0.00
社会保険料 計算 何月から,,0,,0.00
社会保険料 計算 健康保険組合,,0,,0.00
社会保険料 計算 切り捨て,,0,,0.00
社会保険料 計算 前年,,0,,0.00
社会保険料 計算 前年 無職,,0,,0.00
社会保険料 計算 前年度,,0,,0.00
社会保険料 計算 前月,,0,,0.00
社会保険料 計算 副業,,0,,0.00
社会保険料 計算 割合,,0,,0.00
社会保険料 計算 四捨五入,,0,,0.00
社会保険料 計算 報酬月額 申請,,0,,0.00
社会保険料 計算 夫婦,,0,,0.00
社会保険料 計算 夫婦 年金,,0,,0.00
社会保険料 計算 家族,,0,,0.00
社会保険料 計算 寝屋川市,,0,,0.00
社会保険料 計算 少ない,,0,,0.00
社会保険料 計算 少なくなる,,0,,0.00
社会保険料 計算 平均,,0,,0.00
社会保険料 計算 平成29年,,0,,0.00
社会保険料 計算 年収 特別措置,,0,,0.00
社会保険料 計算 年収 特別措置 2等級,,0,,0.00
社会保険料 計算 年収別,,0,,0.00
社会保険料 計算 年額,,0,,0.00
社会保険料 計算 建設国保,,0,,0.00
社会保険料 計算 引き落とし,,0,,0.00
社会保険料 計算 扶養人数,,0,,0.00
社会保険料 計算 早見表,,0,,0.00
社会保険料 計算 早見表 愛媛県,,0,,0.00
社会保険料 計算 昇給,,0,,0.00
社会保険料 計算 時給,,0,,0.00
社会保険料 計算 時給 入社時,,0,,0.00
社会保険料 計算 月末,,0,,0.00
社会保険料 計算 有給,,0,,0.00
社会保険料 計算 東京,,0,,0.00
社会保険料 計算 横浜市,,0,,0.00
社会保険料 計算 残業ぢア,,0,,0.00
社会保険料 計算 滋賀県,,0,,0.00
社会保険料 計算 熊本,,0,,0.00
社会保険料 計算 現役並み,,0,,0.00
社会保険料 計算 目安,,0,,0.00
社会保険料 計算 目安 事業計画,,0,,0.00
社会保険料 計算 確定申告,,0,,0.00
社会保険料 計算 社員合計,,0,,0.00
社会保険料 計算 等級,,0,,0.00
社会保険料 計算 算定,,0,,0.00
社会保険料 計算 群馬,,0,,0.00
社会保険料 計算 育児休業給付金 含まれる,,0,,0.00
社会保険料 計算 計算,,0,,0.00
社会保険料 計算 賞与 大阪,,0,,0.00
社会保険料 計算 賞与間違い,,0,,0.00
社会保険料 計算 退職日,,0,,0.00
社会保険料 計算 障害者,,0,,0.00
社会保険料 計算が合わない,,0,,0.00
社会保険料 計算が合わない ポイント,,0,,0.00
社会保険料 計算シート 無料,,0,,0.00
社会保険料 計算タイミング,,0,,0.00
社会保険料 計算フリー,,0,,0.00
社会保険料 計算一覧表,,0,,0.00
社会保険料 計算以上,,0,,0.00
社会保険料 計算合わない,,0,,0.00
社会保険料 計算対象外,,0,,0.00
社会保険料 計算岡山,,0,,0.00
社会保険料 計算方法 0円,,0,,0.00
社会保険料 計算方法 1ヶ月未満,,0,,0.00
社会保険料 計算方法 2018,,0,,0.00
社会保険料 計算方法 2019,,0,,0.00
社会保険料 計算方法 4 5 6,,0,,0.00
社会保険料 計算方法 4 5 6 前職,,0,,0.00
社会保険料 計算方法 4月 5月 6月,,0,,0.00
社会保険料 計算方法 中途,,0,,0.00
社会保険料 計算方法 仕訳,,0,,0.00
社会保険料 計算方法 役員,,0,,0.00
社会保険料 計算方法 手取り 27万,,0,,0.00
社会保険料 計算方法 手取り 27万 会社負担,,0,,0.00
社会保険料 計算方法 月の 所定労働日数 どうやって決める,,0,,0.00
社会保険料 計算方法 派遣,,0,,0.00
社会保険料 計算方法 派遣先,,0,,0.00
社会保険料 計算方法 転職,,0,,0.00
社会保険料 計算方法 転職 高い,,0,,0.00
社会保険料 計算方法 頭悪い,,0,,0.00
社会保険料 計算根拠,,0,,0.00
社会保険料 計算表 北区,,0,,0.00
社会保険料 計算趣味レーション,,0,,0.00
社会保険料 計算間違い 年金事務所,,0,,0.00
社会保険料 計算間違い 役所,,0,,0.00
社会保険料 記入 いつからいつ,,0,,0.00
社会保険料 記帳,,0,,0.00
社会保険料 設定,,0,,0.00
社会保険料 診療報酬,,0,,0.00
社会保険料 証拠,,0,,0.00
社会保険料 証明,,0,,0.00
社会保険料 証明書 再発行,,0,,0.00
社会保険料 証明書 年末調整,,0,,0.00
社会保険料 証明書 未払い,,0,,0.00
社会保険料 証明書 確定申告,,0,,0.00
社会保険料 証明書 確定申告 mf,,0,,0.00
社会保険料 詐欺,,0,,0.00
社会保険料 試算 会社負担 自己負担,,0,,0.00
社会保険料 試算 社労士独占,,0,,0.00
社会保険料 試算 額面,,0,,0.00
社会保険料 誤差 勘定科目,,0,,0.00
社会保険料 誤徴収 金額 一致しない,,0,,0.00
社会保険料 誰が払う,,0,,0.00
社会保険料 誰が払う パート,,0,,0.00
社会保険料 誰のために支払う,,0,,0.00
社会保険料 課税 非課税,,0,,0.00
社会保険料 調べ方,,0,,0.00
社会保険料 調べ方 わからない,,0,,0.00
社会保険料 調整 7月,,0,,0.00
社会保険料 調整 仕訳,,0,,0.00
社会保険料 調整する,,0,,0.00
社会保険料 調査 追徴,,0,,0.00
社会保険料 請求 ズレ 決算,,0,,0.00
社会保険料 請求 バックレ,,0,,0.00
社会保険料 請求 分霊,,0,,0.00
社会保険料 請求 文例,,0,,0.00
社会保険料 請求 証拠の出し方,,0,,0.00
社会保険料 請求 退職,,0,,0.00
社会保険料 請求された,,0,,0.00
社会保険料 請求書 建設,,0,,0.00
社会保険料 請求月,,0,,0.00
社会保険料 講師 種類,,0,,0.00
社会保険料 負担 2社所属,,0,,0.00
社会保険料 負担 他の法人で加入,,0,,0.00
社会保険料 負担 割合 国税庁,,0,,0.00
社会保険料 負担 増加,,0,,0.00
社会保険料 負担 扶養者,,0,,0.00
社会保険料 負担 端数,,0,,0.00
社会保険料 負担 贈与,,0,,0.00
社会保険料 負担分 経費,,0,,0.00
社会保険料 負担割合 法律,,0,,0.00
社会保険料 負担大きい,,0,,0.00
社会保険料 負担額 2025,,0,,0.00
社会保険料 負担額 計算,,0,,0.00
社会保険料 財テク,,0,,0.00
社会保険料 財務省,,0,,0.00
社会保険料 財団債権,,0,,0.00
社会保険料 財源 メリット,,0,,0.00
社会保険料 販管費,,0,,0.00
社会保険料 貯蓄,,0,,0.00
社会保険料 費目,,0,,0.00
社会保険料 賃金 変更,,0,,0.00
社会保険料 賃金台帳,,0,,0.00
社会保険料 賃金締日 変更,,0,,0.00
社会保険料 資格取得 徴収,,0,,0.00
社会保険料 資格取得届 ダウンロード,,0,,0.00
社会保険料 資格取得時決定,,0,,0.00
社会保険料 資格喪失日 保険料,,0,,0.00
社会保険料 資格喪失月,,0,,0.00
社会保険料 資格喪失証明書 会社 発行,,0,,0.00
社会保険料 資格手当,,0,,0.00
社会保険料 資格要件,,0,,0.00
社会保険料 賞よ,,0,,0.00
社会保険料 賞与 4回以上,,0,,0.00
社会保険料 賞与 上限 厚生年金,,0,,0.00
社会保険料 賞与 下限,,0,,0.00
社会保険料 賞与 京都,,0,,0.00
社会保険料 賞与 加入月,,0,,0.00
社会保険料 賞与 同じ,,0,,0.00
社会保険料 賞与 含まれない,,0,,0.00
社会保険料 賞与 回数,,0,,0.00
社会保険料 賞与 埼玉,,0,,0.00
社会保険料 賞与 少額,,0,,0.00
社会保険料 賞与 届,,0,,0.00
社会保険料 賞与 届出 忘れ 会計 未払い 計上 損金,,0,,0.00
社会保険料 賞与 引き落とし,,0,,0.00
社会保険料 賞与 徴収時期,,0,,0.00
社会保険料 賞与 料率掛けて事業所負担あるの,,0,,0.00
社会保険料 賞与 月額の給与,,0,,0.00
社会保険料 賞与 給与 違い,,0,,0.00
社会保険料 賞与 計算 2019,,0,,0.00
社会保険料 賞与 計算 大阪,,0,,0.00
社会保険料 賞与 計算 新潟,,0,,0.00
社会保険料 賞与 誕生月,,0,,0.00
社会保険料 賞与 退職後 国民 厚生,,0,,0.00
社会保険料 賞与 退職後 払えない,,0,,0.00
社会保険料 賞与からも徴収 いつから,,0,,0.00
社会保険料 賞与計算シート 無料,,0,,0.00
社会保険料 賦課方式,,0,,0.00
社会保険料 赤 は無料 青 は108円,,0,,0.00
社会保険料 赤 青,,0,,0.00
社会保険料 足りない,,0,,0.00
社会保険料 車両,,0,,0.00
社会保険料 転職 4 5 6,,0,,0.00
社会保険料 転職 二重,,0,,0.00
社会保険料 転職 初任給,,0,,0.00
社会保険料 転職 年末調整,,0,,0.00
社会保険料 軽さn,,0,,0.00
社会保険料 辞めたら,,0,,0.00
社会保険料 辞めた時,,0,,0.00
社会保険料 辞めた月 保険料,,0,,0.00
社会保険料 農夫,,0,,0.00
社会保険料 返ってくる,,0,,0.00
社会保険料 返金 仕訳,,0,,0.00
社会保険料 返金 年末調整,,0,,0.00
社会保険料 返金 科目,,0,,0.00
社会保険料 追加徴収,,0,,0.00
社会保険料 追納 年末調整 書き方,,0,,0.00
社会保険料 退職 15日締め,,0,,0.00
社会保険料 退職 2ヶ月分,,0,,0.00
社会保険料 退職 2ヶ月分徴収,,0,,0.00
社会保険料 退職 会社,,0,,0.00
社会保険料 退職 会社負担,,0,,0.00
社会保険料 退職 変更,,0,,0.00
社会保険料 退職 外国人,,0,,0.00
社会保険料 退職 控除 間違い,,0,,0.00
社会保険料 退職 控除 間違え,,0,,0.00
社会保険料 退職 月の途中 賞与,,0,,0.00
社会保険料 退職 月途中,,0,,0.00
社会保険料 退職 締日,,0,,0.00
社会保険料 退職 訂正,,0,,0.00
社会保険料 退職 返金,,0,,0.00
社会保険料 退職 間違い 訂正,,0,,0.00
社会保険料 退職 間違い 返金,,0,,0.00
社会保険料 退職 間違え,,0,,0.00
社会保険料 退職後 支払い,,0,,0.00
社会保険料 退職日 末日 休日,,0,,0.00
社会保険料 退職日 締め日,,0,,0.00
社会保険料 退職日 締日,,0,,0.00
社会保険料 退職時は,,0,,0.00
社会保険料 退職時調整,,0,,0.00
社会保険料 退職月 20日締め,,0,,0.00
社会保険料 退職月 2ヶ月,,0,,0.00
社会保険料 退職月 2倍,,0,,0.00
社会保険料 退職月 徴収 2014,,0,,0.00
社会保険料 退職月 徴収 変更,,0,,0.00
社会保険料 退職月 控除,,0,,0.00
社会保険料 退職月 賞与,,0,,0.00
社会保険料 退職月の保険料,,0,,0.00
社会保険料 退職月分,,0,,0.00
社会保険料 退職金 アルバイト,,0,,0.00
社会保険料 退職金から控除,,0,,0.00
社会保険料 逆転,,0,,0.00
社会保険料 逆進性,,0,,0.00
社会保険料 途中から 年度,,0,,0.00
社会保険料 途中で変わる,,0,,0.00
社会保険料 途中入社 介護保険料,,0,,0.00
社会保険料 途中入社 日割り,,0,,0.00
社会保険料 途中入社 標準報酬月額,,0,,0.00
社会保険料 通勤交通費,,0,,0.00
社会保険料 通勤手当 6ヶ月,,0,,0.00
社会保険料 通勤手当 なぜ,,0,,0.00
社会保険料 通勤手当の定義,,0,,0.00
社会保険料 通知 いつ,,0,,0.00
社会保険料 通知 会社,,0,,0.00
社会保険料 通知 保険料納入告知額,,0,,0.00
社会保険料 通知 保険料納入告知額 米,,0,,0.00
社会保険料 通知 届かない,,0,,0.00
社会保険料 通知 年金事務所,,0,,0.00
社会保険料 通知 米,,0,,0.00
社会保険料 通知 見方,,0,,0.00
社会保険料 通知書 いつ,,0,,0.00
社会保険料 通知書 ない,,0,,0.00
社会保険料 通知書 合わない,,0,,0.00
社会保険料 速さん票,,0,,0.00
社会保険料 連帯納付義務,,0,,0.00
社会保険料 連帯納付義務者,,0,,0.00
社会保険料 連絡,,0,,0.00
社会保険料 連続,,0,,0.00
社会保険料 週1,,0,,0.00
社会保険料 週に6時間,,0,,0.00
社会保険料 週払い 計算,,0,,0.00
社会保険料 週払い 計算 ソフト,,0,,0.00
社会保険料 遅れた場合,,0,,0.00
社会保険料 遅延損害金,,0,,0.00
社会保険料 遅延金 勘定科目,,0,,0.00
社会保険料 遅延金 損金,,0,,0.00
社会保険料 遅延金 損金参入時期,,0,,0.00
社会保険料 遅滞,,0,,0.00
社会保険料 運用,,0,,0.00
社会保険料 過去 計算,,0,,0.00
社会保険料 過去分,,0,,0.00
社会保険料 過去従業員分,,0,,0.00
社会保険料 過大 年調 還付,,0,,0.00
社会保険料 過少申告 厚生労働省 年金事務所,,0,,0.00
社会保険料 過少申告 相談窓口,,0,,0.00
社会保険料 過年度分,,0,,0.00
社会保険料 過年度分請求書,,0,,0.00
社会保険料 過徴収 仕訳,,0,,0.00
社会保険料 過徴収 所得税,,0,,0.00
社会保険料 過徴収 返金,,0,,0.00
社会保険料 過払い 仕組み,,0,,0.00
社会保険料 過払い 仕訳,,0,,0.00
社会保険料 過払い 産休,,0,,0.00
社会保険料 過払い 転職,,0,,0.00
社会保険料 過払い 転職 年末調整,,0,,0.00
社会保険料 違い,,0,,0.00
社会保険料 違反,,0,,0.00
社会保険料 遡って修正,,0,,0.00
社会保険料 遡って変更,,0,,0.00
社会保険料 遡って徴収,,0,,0.00
社会保険料 遡り加入,,0,,0.00
社会保険料 遡り徴収,,0,,0.00
社会保険料 遡及清算 源泉,,0,,0.00
社会保険料 遡及精算,,0,,0.00
社会保険料 遡及精算 源泉,,0,,0.00
社会保険料 適応除外 季節労働 具体的に,,0,,0.00
社会保険料 適正化 パートナー,,0,,0.00
社会保険料 適正化 大手,,0,,0.00
社会保険料 適正化 提携,,0,,0.00
社会保険料 適正化 紹介,,0,,0.00
社会保険料 適用拡大 2ちゃんねる,,0,,0.00
社会保険料 適用日 いつから払う,,0,,0.00
社会保険料 適用自治体,,0,,0.00
社会保険料 還付 仕訳,,0,,0.00
社会保険料 還付 勘定科目,,0,,0.00
社会保険料 還付 計算,,0,,0.00
社会保険料 還付請求 ワーホリ,,0,,0.00
社会保険料 還付請求 給与変動,,0,,0.00
社会保険料 還付金 仕訳,,0,,0.00
社会保険料 那覇市,,0,,0.00
社会保険料 郵便局,,0,,0.00
社会保険料 都道府県 事業所,,0,,0.00
社会保険料 都道府県 違い,,0,,0.00
社会保険料 配偶者 厚生年金,,0,,0.00
社会保険料 配偶者が起業,,0,,0.00
社会保険料 配偶者が起業 合同会社,,0,,0.00
社会保険料 配偶者控除 いくら,,0,,0.00
社会保険料 金川 兼,,0,,0.00
社会保険料 金額 いつまで,,0,,0.00
社会保険料 金額 初月,,0,,0.00
社会保険料 金額 申告,,0,,0.00
社会保険料 金額 申告 いつまで,,0,,0.00
社会保険料 金額 給与,,0,,0.00
社会保険料 金額 計算方法,,0,,0.00
社会保険料 金額変更 タイミング,,0,,0.00
社会保険料 金額改定,,0,,0.00
社会保険料 銀行へ支払 借方 貸方,,0,,0.00
社会保険料 鎌倉,,0,,0.00
社会保険料 長期 短期,,0,,0.00
社会保険料 長野,,0,,0.00
社会保険料 間違,,0,,0.00
社会保険料 間違 訂正,,0,,0.00
社会保険料 間違い 仕訳,,0,,0.00
社会保険料 間違い 申し立て,,0,,0.00
社会保険料 間違い 返金 退職,,0,,0.00
社会保険料 間違っていた場合,,0,,0.00
社会保険料 関釜,,0,,0.00
社会保険料 限度額 年末調整,,0,,0.00
社会保険料 限度額申請,,0,,0.00
社会保険料 随時変更,,0,,0.00
社会保険料 随時改定 8月昇給,,0,,0.00
社会保険料 随時改定 しなかった,,0,,0.00
社会保険料 随時改定 例,,0,,0.00
社会保険料 随時改定 定時改定,,0,,0.00
社会保険料 随時改定 届け出,,0,,0.00
社会保険料 随時改定 届出,,0,,0.00
社会保険料 随時改定 手続き,,0,,0.00
社会保険料 随時改定 手続き いつまで,,0,,0.00
社会保険料 随時改定 期限,,0,,0.00
社会保険料 随時改定 残業代,,0,,0.00
社会保険料 随時改定 計算,,0,,0.00
社会保険料 随時改定 計算式,,0,,0.00
社会保険料 随時改定 賞与,,0,,0.00
社会保険料 随時改定いなかった場合,,0,,0.00
社会保険料 随時改定しなかった場合,,0,,0.00
社会保険料 随時改訂 提出日,,0,,0.00
社会保険料 障害,,0,,0.00
社会保険料 障害者 減免,,0,,0.00
社会保険料 雇い主と労働者が折半,,0,,0.00
社会保険料 雇主と労働者が折半,,0,,0.00
社会保険料 雇用y保険,,0,,0.00
社会保険料 雇用保険 会社負担,,0,,0.00
社会保険料 雇用保険 労災 支払日,,0,,0.00
社会保険料 雇用保険 支払日,,0,,0.00
社会保険料 雇用保険 源泉徴収票,,0,,0.00
社会保険料 雇用保険料 住民税 通知,,0,,0.00
社会保険料 雇用保険料 課税,,0,,0.00
社会保険料 雇用保険料 違い,,0,,0.00
社会保険料 雇用保険料支払うと,,0,,0.00
社会保険料 雑所得 影響,,0,,0.00
社会保険料 離職 報酬月額,,0,,0.00
社会保険料 電子化,,0,,0.00
社会保険料 青天井,,0,,0.00
社会保険料 青色申告 何 控除,,0,,0.00
社会保険料 非免責債権,,0,,0.00
社会保険料 非居住者 1 1,,0,,0.00
社会保険料 非課税交通費,,0,,0.00
社会保険料 非課税通勤費,,0,,0.00
社会保険料 面zyお,,0,,0.00
社会保険料 預かり 非課税,,0,,0.00
社会保険料 預かり月,,0,,0.00
社会保険料 預り 非課税,,0,,0.00
社会保険料 預り月,,0,,0.00
社会保険料 預り金 ズレ,,0,,0.00
社会保険料 預り金 使わない,,0,,0.00
社会保険料 預り金 個人負担 月末が休日,,0,,0.00
社会保険料 預り金 勘定科目,,0,,0.00
社会保険料 預り金 合わない,,0,,0.00
社会保険料 預り金 差額,,0,,0.00
社会保険料 預り金 決算仕訳,,0,,0.00
社会保険料 預り金 法定福利費,,0,,0.00
社会保険料 預り金 法定福利費 違い,,0,,0.00
社会保険料 預り金 管理表,,0,,0.00
社会保険料 預り金 計算,,0,,0.00
社会保険料 預り金の保管方法,,0,,0.00
社会保険料 預り金は銀行にいれるのか,,0,,0.00
社会保険料 預り金を未払い,,0,,0.00
社会保険料 預金から引き落とされた場合の 処理方法,,0,,0.00
社会保険料 預金出納帳 処理方法,,0,,0.00
社会保険料 領収書 いつ,,0,,0.00
社会保険料 領収書 ネット振込,,0,,0.00
社会保険料 領収書 仕訳,,0,,0.00
社会保険料 領収書 会社,,0,,0.00
社会保険料 領収書 個人,,0,,0.00
社会保険料 領収書 入手,,0,,0.00
社会保険料 領収書 推測,,0,,0.00
社会保険料 領収書 本人確認,,0,,0.00
社会保険料 領収書 本人確認 楽天,,0,,0.00
社会保険料 領収書 照明,,0,,0.00
社会保険料 領収書 病院,,0,,0.00
社会保険料 領収書 給料明細,,0,,0.00
社会保険料 領収済通知書 見方,,0,,0.00
社会保険料 領収証 会社の場合,,0,,0.00
社会保険料 領収証 銀行,,0,,0.00
社会保険料 領収証 銀行 天引き,,0,,0.00
社会保険料 領収証書 発行,,0,,0.00
社会保険料 額 決定,,0,,0.00
社会保険料 高い 年末調整,,0,,0.00
社会保険料 高いまま,,0,,0.00
社会保険料 高い月,,0,,0.00
社会保険料 高く設定 年末調整,,0,,0.00
社会保険料 高すぎ 年末,,0,,0.00
社会保険料 高年齢,,0,,0.00
社会保険料 高度計算,,0,,0.00
社会保険料 高杉,,0,,0.00
社会保険料 高知県,,0,,0.00
社会保険料 高過ぎ,,0,,0.00
社会保険料 高額すぎる,,0,,0.00
社会保険料 高齢,,0,,0.00
社会保険料 高齢者 加入条件,,0,,0.00
社会保険料1 3月,,0,,0.00
社会保険料10月より変更,,0,,0.00
社会保険料16700円,,0,,0.00
社会保険料18 6,,0,,0.00
社会保険料29年2月,,0,,0.00
社会保険料31,,0,,0.00
社会保険料3月分とは,,0,,0.00
社会保険料50万 年収,,0,,0.00
社会保険料70,,0,,0.00
社会保険料73才で任意継続,,0,,0.00
社会保険料h29円,,0,,0.00
社会保険料typeおは,,0,,0.00
社会保険料y,,0,,0.00
社会保険料y率,,0,,0.00
社会保険料おおぞね,,0,,0.00
社会保険料から国民健康保険 八尾市,,0,,0.00
社会保険料から国民年金保険 八尾市,,0,,0.00
社会保険料から国民年金保険 手続き八尾市,,0,,0.00
社会保険料が 多く引かれている,,0,,0.00
社会保険料が4月は金額が違う,,0,,0.00
社会保険料が70万円,,0,,0.00
社会保険料が8万円,,0,,0.00
社会保険料がかからない給与所得,,0,,0.00
社会保険料がないと,,0,,0.00
社会保険料が上がると,,0,,0.00
社会保険料が収入を超えている,,0,,0.00
社会保険料が変わるタイミング,,0,,0.00
社会保険料が少ないと還付金は,,0,,0.00
社会保険料が支払えない,,0,,0.00
社会保険料が支払額を超えている,,0,,0.00
社会保険料が改定,,0,,0.00
社会保険料が最大 年収,,0,,0.00
社会保険料が決まる月,,0,,0.00
社会保険料が社会保障制度の財源の41.5 を占めている 2014年度,,0,,0.00
社会保険料が高い月がある,,0,,0.00
社会保険料が高すぎる 100万,,0,,0.00
社会保険料が高すぎる 転職,,0,,0.00
社会保険料こうじょ証明書,,0,,0.00
社会保険料だけ 源泉,,0,,0.00
社会保険料だけを払う会社,,0,,0.00
社会保険料だけ計上,,0,,0.00
社会保険料だけ計上 処理,,0,,0.00
社会保険料って基本給で決まるの,,0,,0.00
社会保険料と60歳以上の場合税金がかからない方法,,0,,0.00
社会保険料とhs,,0,,0.00
社会保険料とは 仕訳,,0,,0.00
社会保険料とは 健保組合保険料,,0,,0.00
社会保険料とは 健保組合保険料 確定申告,,0,,0.00
社会保険料とは 労働保険,,0,,0.00
社会保険料とは 厚生年金,,0,,0.00
社会保険料とは 学生,,0,,0.00
社会保険料とは 年金 保険,,0,,0.00
社会保険料とは 給料明細,,0,,0.00
社会保険料とは 給料明細 1000円未満,,0,,0.00
社会保険料とは 被雇用者,,0,,0.00
社会保険料とは65歳以上は,,0,,0.00
社会保険料とりさげ請求,,0,,0.00
社会保険料と厚生年金 計算,,0,,0.00
社会保険料と厚生年金早見表,,0,,0.00
社会保険料と国民健康保険料 一人暮らし,,0,,0.00
社会保険料と国民健康保険料との比較,,0,,0.00
社会保険料と国民年金保険料の違い,,0,,0.00
社会保険料と所得税 住民税,,0,,0.00
社会保険料どこで払えるか,,0,,0.00
社会保険料などに雇用保険は,,0,,0.00
社会保険料などの控除額 とは,,0,,0.00
社会保険料などの金額 2段,,0,,0.00
社会保険料などの金額 内 ふるさと納税,,0,,0.00
社会保険料などの金額 折半,,0,,0.00
社会保険料などの金額 本人負担,,0,,0.00
社会保険料などの金額 退職,,0,,0.00
社会保険料などの金額 途中で払ってない,,0,,0.00
社会保険料にしゃ 不正,,0,,0.00
社会保険料にしゃ 不正 site m.chiebukuro.yahoo.co.jp,,0,,0.00
社会保険料に交通費は含む,,0,,0.00
社会保険料に係る控除証明書等の記載事項,,0,,0.00
社会保険料に係る控除証明書等の記載事項 エクセル,,0,,0.00
社会保険料に所得税は含む,,0,,0.00
社会保険料に関し 6月 7月の2ヶ月分控除,,0,,0.00
社会保険料のお知らせいつ頃届く,,0,,0.00
社会保険料のかからない,,0,,0.00
社会保険料のごまかし 偽装委託,,0,,0.00
社会保険料のごまかし 公益通報,,0,,0.00
社会保険料のための会社,,0,,0.00
社会保険料のは妻子がいてもいなくても同じ,,0,,0.00
社会保険料のランク,,0,,0.00
社会保険料の上がるしくみ,,0,,0.00
社会保険料の事業主負担の増大,,0,,0.00
社会保険料の事税理士,,0,,0.00
社会保険料の事税理士に聞く,,0,,0.00
社会保険料の企業負担をスウェーデン並みに増やし 法人実効税率を40 台に戻せば 莫大な税収が入る そうすれば消費税は下げられます,,0,,0.00
社会保険料の企業負担分,,0,,0.00
社会保険料の個人負担を会社が負担する場合,,0,,0.00
社会保険料の値段は誰が決める,,0,,0.00
社会保険料の免除 事例,,0,,0.00
社会保険料の免除 出産,,0,,0.00
社会保険料の免除 産休,,0,,0.00
社会保険料の免除 産前産後,,0,,0.00
社会保険料の免除 男性 育児休業,,0,,0.00
社会保険料の免除 育児休業,,0,,0.00
社会保険料の免除 育児休業 3歳,,0,,0.00
社会保険料の出し方 パート,,0,,0.00
社会保険料の削減方法 業務委託,,0,,0.00
社会保険料の労使折半実施しない,,0,,0.00
社会保険料の半分は企業が負担,,0,,0.00
社会保険料の増加 法律,,0,,0.00
社会保険料の壁は106になるか,,0,,0.00
社会保険料の変動,,0,,0.00
社会保険料の変更に関する手続,,0,,0.00
社会保険料の変更はいつできる,,0,,0.00
社会保険料の変更届,,0,,0.00
社会保険料の安い地域,,0,,0.00
社会保険料の定時決定,,0,,0.00
社会保険料の定時決定 とは,,0,,0.00
社会保険料の対象とならない手当,,0,,0.00
社会保険料の対象者,,0,,0.00
社会保険料の延滞税は損金不算入,,0,,0.00
社会保険料の引き上げ,,0,,0.00
社会保険料の引き落とし 銀行,,0,,0.00
社会保険料の引き落としはいつ,,0,,0.00
社会保険料の弾き方,,0,,0.00
社会保険料の当月徴収,,0,,0.00
社会保険料の徴収と納付,,0,,0.00
社会保険料の徴収ルール,,0,,0.00
社会保険料の徴収方法 企業,,0,,0.00
社会保険料の徴収方法 前月徴収 当月聴取,,0,,0.00
社会保険料の所得税,,0,,0.00
社会保険料の払込み金額を確認したい,,0,,0.00
社会保険料の払込み金額を確認したい 東京,,0,,0.00
社会保険料の振替方法,,0,,0.00
社会保険料の控除 上限,,0,,0.00
社会保険料の控除 厚生年金,,0,,0.00
社会保険料の控除 家族 確定申告,,0,,0.00
社会保険料の控除 送付時期 厚生年金,,0,,0.00
社会保険料の控除 通知時期,,0,,0.00
社会保険料の控除 通知時期 厚生年金,,0,,0.00
社会保険料の控除分,,0,,0.00
社会保険料の控除証明 国民年金,,0,,0.00
社会保険料の控除証明書 3号,,0,,0.00
社会保険料の控除証明書 どこで,,0,,0.00
社会保険料の控除証明書 会社,,0,,0.00
社会保険料の控除証明書 再発行,,0,,0.00
社会保険料の控除証明書 再発行 コンビニ,,0,,0.00
社会保険料の控除証明書 来ない,,0,,0.00
社会保険料の控除証明書 源泉徴収票,,0,,0.00
社会保険料の控除金額計算,,0,,0.00
社会保険料の控除額 内,,0,,0.00
社会保険料の控除額 内 源泉徴収票,,0,,0.00
社会保険料の控除額 等の金額,,0,,0.00
社会保険料の控除額 等の金額 年末調整,,0,,0.00
社会保険料の支払い 会社,,0,,0.00
社会保険料の支払い額を軽減,,0,,0.00
社会保険料の支払は何歳から 開始年齢,,0,,0.00
社会保険料の支払開始年齢,,0,,0.00
社会保険料の支払額,,0,,0.00
社会保険料の支払額の立替金,,0,,0.00
社会保険料の支払額は源泉徴収票に記載,,0,,0.00
社会保険料の改定に納得できないときは,,0,,0.00
社会保険料の料率変更 書類,,0,,0.00
社会保険料の月額変更,,0,,0.00
社会保険料の月額表適用,,0,,0.00
社会保険料の未払い時効,,0,,0.00
社会保険料の未払い請求時効,,0,,0.00
社会保険料の決定と年末調整,,0,,0.00
社会保険料の減税,,0,,0.00
社会保険料の減額方法,,0,,0.00
社会保険料の源泉徴収は適切か,,0,,0.00
社会保険料の滞納 差し押さえ,,0,,0.00
社会保険料の滞納でビザ更新,,0,,0.00
社会保険料の申告の仕方,,0,,0.00
社会保険料の相談 渋谷,,0,,0.00
社会保険料の相談 練馬区,,0,,0.00
社会保険料の種類 支払開始時期,,0,,0.00
社会保険料の種類 書き方,,0,,0.00
社会保険料の種類 書き方 国保,,0,,0.00
社会保険料の種類 確定申告 青い保険証,,0,,0.00
社会保険料の種類と およその支払額,,0,,0.00
社会保険料の種類と およその支払額 がわかる本,,0,,0.00
社会保険料の算定基礎に含まれないもの,,0,,0.00
社会保険料の算定基礎に含まれないもの 厚生省,,0,,0.00
社会保険料の算定基礎届 3ヶ月,,0,,0.00
社会保険料の算定基礎届の作成,,0,,0.00
社会保険料の算定額,,0,,0.00
社会保険料の算定額 通勤手当,,0,,0.00
社会保険料の納付義務,,0,,0.00
社会保険料の納付義務は何歳まで,,0,,0.00
社会保険料の自動計算ツール,,0,,0.00
社会保険料の要件,,0,,0.00
社会保険料の計算 交通費用,,0,,0.00
社会保険料の計算 妻子がいてもいなくても保険料は同じ,,0,,0.00
社会保険料の計算 賞与,,0,,0.00
社会保険料の計算の範囲,,0,,0.00
社会保険料の計算上 月額の給与として計算,,0,,0.00
社会保険料の試算,,0,,0.00
社会保険料の説明 英語,,0,,0.00
社会保険料の請求の時効,,0,,0.00
社会保険料の負担の重さ,,0,,0.00
社会保険料の返還,,0,,0.00
社会保険料の逆進性が世代内所得不平等度にもたらす影響,,0,,0.00
社会保険料の還付金,,0,,0.00
社会保険料の金額 内,,0,,0.00
社会保険料の金額 源泉徴収,,0,,0.00
社会保険料の金額 計算,,0,,0.00
社会保険料の金額例,,0,,0.00
社会保険料の項目,,0,,0.00
社会保険料の預り金は何月分,,0,,0.00
社会保険料の領収書 クレジットカード,,0,,0.00
社会保険料の領収書 クレジットカード 源泉徴収票,,0,,0.00
社会保険料の領収書 源泉徴収票,,0,,0.00
社会保険料の領収書のかわりに源泉徴収票,,0,,0.00
社会保険料の領収書の代わりに源泉徴収票,,0,,0.00
社会保険料の領収証,,0,,0.00
社会保険料の領収証書 クレジットカード,,0,,0.00
社会保険料の額 介護保険,,0,,0.00
社会保険料は1ケ月文,,0,,0.00
社会保険料はいつ決まる,,0,,0.00
社会保険料は会社が負担,,0,,0.00
社会保険料は何月,,0,,0.00
社会保険料は何費,,0,,0.00
社会保険料は個人払い,,0,,0.00
社会保険料は前月の給与,,0,,0.00
社会保険料は労使合わせて30 の負担,,0,,0.00
社会保険料は固定費,,0,,0.00
社会保険料は国の詐欺,,0,,0.00
社会保険料は地域で違うの,,0,,0.00
社会保険料は小切手でしはらえますか,,0,,0.00
社会保険料は引かれない,,0,,0.00
社会保険料は払わないといけないのか,,0,,0.00
社会保険料は毎月請求か 法人,,0,,0.00
社会保険料は毎月請求されるのか,,0,,0.00
社会保険料は毎月請求されるのか 法人,,0,,0.00
社会保険料は病み表,,0,,0.00
社会保険料は税金ではない,,0,,0.00
社会保険料は約束手形でしはらえますか,,0,,0.00
社会保険料は経費,,0,,0.00
社会保険料は経費になる,,0,,0.00
社会保険料は詐欺,,0,,0.00
社会保険料は貯蓄,,0,,0.00
社会保険料は障害者は支払うか,,0,,0.00
社会保険料ひかれるのは次の月から,,0,,0.00
社会保険料も40歳超えたら,,0,,0.00
社会保険料も不要な収入の範囲,,0,,0.00
社会保険料も値上がりしまく,,0,,0.00
社会保険料や厚生年金保険料,,0,,0.00
社会保険料や国民健康保険料は二重払い,,0,,0.00
社会保険料や生命保険料などの控除 税法,,0,,0.00
社会保険料や生命保険料などの控除 税法 条文,,0,,0.00
社会保険料や生命保険料などの控除は 出国する日 居住者であった期間 までに支払われたものだけに限られます,,0,,0.00
社会保険料や税金,,0,,0.00
社会保険料や税金 控除,,0,,0.00
社会保険料より 折半金額を計算,,0,,0.00
社会保険料より国民健康 年金のほうが高い,,0,,0.00
社会保険料より国民健康 年金手帳,,0,,0.00
社会保険料より少ない月収,,0,,0.00
社会保険料をかけなくて済む労働時間,,0,,0.00
社会保険料を会社が計算ミス 支払う義務あるか,,0,,0.00
社会保険料を削減,,0,,0.00
社会保険料を安くするため賞与を増やすと将来どうなる,,0,,0.00
社会保険料を払う 年収,,0,,0.00
社会保険料を払ってない人を不当解雇,,0,,0.00
社会保険料を払わずにすむ方法,,0,,0.00
社会保険料を払わなくてよい年収,,0,,0.00
社会保険料を控除した金額 とは,,0,,0.00
社会保険料を控除した金額 賞与,,0,,0.00
社会保険料を控除できないとき,,0,,0.00
社会保険料を控除できないとき 仕訳,,0,,0.00
社会保険料を支払わないでアルバイトするむ場合の,,0,,0.00
社会保険料を支払わないで掛け持ちでアルバイトする場合,,0,,0.00
社会保険料を支払わなくてはいけない 金額,,0,,0.00
社会保険料を減らせる方法,,0,,0.00
社会保険料を滞納,,0,,0.00
社会保険料を納税者の控除の対象とする,,0,,0.00
社会保険料を翌年に分けるメリット,,0,,0.00
社会保険料を自己負担,,0,,0.00
社会保険料を計算,,0,,0.00
社会保険料を計算す,,0,,0.00
社会保険料を証明する書類,,0,,0.00
社会保険料を誤って徴収した場合は,,0,,0.00
社会保険料を隔年に分けるメリット,,0,,0.00
社会保険料コストを下げる現実的な方法,,0,,0.00
社会保険料コストを下げる現実的な方法 神戸三宮社会保険労務士事務所,,0,,0.00
社会保険料コンビにではらえるか,,0,,0.00
社会保険料シミュ,,0,,0.00
社会保険料一覧 30年,,0,,0.00
社会保険料一覧excel,,0,,0.00
社会保険料一覧表2019,,0,,0.00
社会保険料三庭付,,0,,0.00
社会保険料三庭付き,,0,,0.00
社会保険料上がるのなぜ,,0,,0.00
社会保険料不正 どこに,,0,,0.00
社会保険料不足分,,0,,0.00
社会保険料事業主負担 総額,,0,,0.00
社会保険料事業者負担概算,,0,,0.00
社会保険料介護保険第2号被保険者とは,,0,,0.00
社会保険料任意継続書類,,0,,0.00
社会保険料会社が滞納していた場合 個人の年金への影響は,,0,,0.00
社会保険料会社負担が高いのは,,0,,0.00
社会保険料会社負担の処理,,0,,0.00
社会保険料会社負担の経費は,,0,,0.00
社会保険料会社負担嘘,,0,,0.00
社会保険料会社負担額 日割り,,0,,0.00
社会保険料住民税 請求書,,0,,0.00
社会保険料保険料 会社負担,,0,,0.00
社会保険料保険料控除書き方,,0,,0.00
社会保険料候補 市民税,,0,,0.00
社会保険料全体,,0,,0.00
社会保険料全体年間平均月額算出方法,,0,,0.00
社会保険料全額控除 所得税,,0,,0.00
社会保険料分を請求書にのせる,,0,,0.00
社会保険料削減 2箇所給与,,0,,0.00
社会保険料削減 外注,,0,,0.00
社会保険料削減コンサル専門会社,,0,,0.00
社会保険料削減策,,0,,0.00
社会保険料前年,,0,,0.00
社会保険料前年 控除,,0,,0.00
社会保険料前田尾年間平均月額算出方法,,0,,0.00
社会保険料前納 サラリーマン,,0,,0.00
社会保険料前納 確定申告,,0,,0.00
社会保険料加入 中途採用,,0,,0.00
社会保険料加入 働いただけの場合,,0,,0.00
社会保険料加入 初回支払日,,0,,0.00
社会保険料加入 年金いくら増える,,0,,0.00
社会保険料加入 日給 金額,,0,,0.00
社会保険料加入 金額,,0,,0.00
社会保険料加入条件に満たない場合 会社の裁量で加入できるか,,0,,0.00
社会保険料加入者,,0,,0.00
社会保険料労使負担,,0,,0.00
社会保険料労働保険料 概算,,0,,0.00
社会保険料勝手に値上げ,,0,,0.00
社会保険料半分払,,0,,0.00
社会保険料厚生年金決まる月は何月,,0,,0.00
社会保険料収入 国,,0,,0.00
社会保険料口座振替手続方法,,0,,0.00
社会保険料否認 別表4の書き方,,0,,0.00
社会保険料国民年金 年末調整,,0,,0.00
社会保険料国民年金 年末調整 支払証明書,,0,,0.00
社会保険料国民年金保険料控除証明書 いつ,,0,,0.00
社会保険料国民年金保険料控除証明書 年末調整 使わない,,0,,0.00
社会保険料国民年金保険料控除額内訳明細書 平成28年,,0,,0.00
社会保険料増えてる理由,,0,,0.00
社会保険料増やさず ダブルワーク,,0,,0.00
社会保険料増やさず手取り増やす方法,,0,,0.00
社会保険料増減 内訳 書 依頼書,,0,,0.00
社会保険料大阪表,,0,,0.00
社会保険料完備 とは,,0,,0.00
社会保険料完備 料率,,0,,0.00
社会保険料家族分,,0,,0.00
社会保険料対策 ペーパーカンパニー,,0,,0.00
社会保険料対策 法人,,0,,0.00
社会保険料届,,0,,0.00
社会保険料差し押さえ 金額が満るまで,,0,,0.00
社会保険料差押え 金額が満るまで,,0,,0.00
社会保険料平均 会社平均算出方法,,0,,0.00
社会保険料平均月額 会社平均算出方法,,0,,0.00
社会保険料平均月額 年間算出方法,,0,,0.00
社会保険料平均月額算出方法,,0,,0.00
社会保険料平成30,,0,,0.00
社会保険料平成31,,0,,0.00
社会保険料年末調整にまにあわない,,0,,0.00
社会保険料年末調整還付 パート,,0,,0.00
社会保険料年間平均月額算出方法,,0,,0.00
社会保険料年間総額,,0,,0.00
社会保険料引き落とし 内訳 法定福利費,,0,,0.00
社会保険料引き落とし 内訳 法定福利費 仕訳,,0,,0.00
社会保険料引落 内訳,,0,,0.00
社会保険料役員報酬60000円,,0,,0.00
社会保険料律表,,0,,0.00
社会保険料徴収の会社締日,,0,,0.00
社会保険料徴収予定,,0,,0.00
社会保険料徴収額 改訂,,0,,0.00
社会保険料戻し,,0,,0.00
社会保険料払いながら休む,,0,,0.00
社会保険料払いながら休む 育休,,0,,0.00
社会保険料払えない会社 破産,,0,,0.00
社会保険料払えない会社 社員,,0,,0.00
社会保険料払わずに106万以上稼ぐ,,0,,0.00
社会保険料控,,0,,0.00
社会保険料控 会社員 必要,,0,,0.00
社会保険料控除 社会保険料,,0,,0.00
社会保険料損,,0,,0.00
社会保険料支出額,,0,,0.00
社会保険料支払 発生主義,,0,,0.00
社会保険料支払 確定申告,,0,,0.00
社会保険料支払い パート 未収入月,,0,,0.00
社会保険料支払い 不明点,,0,,0.00
社会保険料支払いの仕分,,0,,0.00
社会保険料支払い場所,,0,,0.00
社会保険料支払い時 仕訳,,0,,0.00
社会保険料支払い期間,,0,,0.00
社会保険料支払い期限,,0,,0.00
社会保険料支払証明書 年末調整,,0,,0.00
社会保険料改定 28年9月,,0,,0.00
社会保険料改定 新 旧,,0,,0.00
社会保険料改訂案内,,0,,0.00
社会保険料料 変更,,0,,0.00
社会保険料料 変更 給与計算,,0,,0.00
社会保険料料率 北海道,,0,,0.00
社会保険料料率変更 2020,,0,,0.00
社会保険料新規申し込み 年齢,,0,,0.00
社会保険料是正 勘定科目,,0,,0.00
社会保険料時給制,,0,,0.00
社会保険料最適化 手法,,0,,0.00
社会保険料最適化ネットワーク,,0,,0.00
社会保険料月途中入社,,0,,0.00
社会保険料月額表 東京都,,0,,0.00
社会保険料未払い 呼び出し,,0,,0.00
社会保険料未納の場合 控除,,0,,0.00
社会保険料未納分,,0,,0.00
社会保険料未納分 勘定科目,,0,,0.00
社会保険料未納分支払い 勘定科目,,0,,0.00
社会保険料桂さん,,0,,0.00
社会保険料標準報酬月額 4,,0,,0.00
社会保険料標準報酬月額 基,,0,,0.00
社会保険料標準報酬月額残業代,,0,,0.00
社会保険料標準月額届け出,,0,,0.00
社会保険料標準月額表大阪,,0,,0.00
社会保険料決定通知書,,0,,0.00
社会保険料決定通知書 再発行,,0,,0.00
社会保険料減税,,0,,0.00
社会保険料減額 育休明け,,0,,0.00
社会保険料滞納 何ヶ月,,0,,0.00
社会保険料滞納 債権順位,,0,,0.00
社会保険料無料 扶養,,0,,0.00
社会保険料率 10月,,0,,0.00
社会保険料率 1人社長,,0,,0.00
社会保険料率 2020,,0,,0.00
社会保険料率 29 大阪,,0,,0.00
社会保険料率 41歳,,0,,0.00
社会保険料率 48,,0,,0.00
社会保険料率 500万円,,0,,0.00
社会保険料率 excel,,0,,0.00
社会保険料率 いつから,,0,,0.00
社会保険料率 とは,,0,,0.00
社会保険料率 一覧 31年度,,0,,0.00
社会保険料率 人件費 会社負担,,0,,0.00
社会保険料率 介護保険,,0,,0.00
社会保険料率 介護保険料率,,0,,0.00
社会保険料率 令和2年度,,0,,0.00
社会保険料率 何月給与から変わるか,,0,,0.00
社会保険料率 健康保険料,,0,,0.00
社会保険料率 共済,,0,,0.00
社会保険料率 内訳,,0,,0.00
社会保険料率 労使,,0,,0.00
社会保険料率 労働者負担,,0,,0.00
社会保険料率 北海道 65歳以上,,0,,0.00
社会保険料率 協会けんぽ 神奈川,,0,,0.00
社会保険料率 厚生年金 推移,,0,,0.00
社会保険料率 国保,,0,,0.00
社会保険料率 変更 31年度,,0,,0.00
社会保険料率 変更時期 4月,,0,,0.00
社会保険料率 大学職員,,0,,0.00
社会保険料率 大阪 29,,0,,0.00
社会保険料率 大阪 平成30年,,0,,0.00
社会保険料率 岐阜,,0,,0.00
社会保険料率 岡山県,,0,,0.00
社会保険料率 平成30年度 北海道,,0,,0.00
社会保険料率 平成31年3月,,0,,0.00
社会保険料率 平成31年度 エクセル,,0,,0.00
社会保険料率 平成31年度 事業主負担分,,0,,0.00
社会保険料率 平成31年度 計算,,0,,0.00
社会保険料率 平成31年度 鹿児島,,0,,0.00
社会保険料率 年金 平成31年度,,0,,0.00
社会保険料率 愛知県 500万円,,0,,0.00
社会保険料率 愛知県 推移,,0,,0.00
社会保険料率 拡大,,0,,0.00
社会保険料率 推移 厚生労働省,,0,,0.00
社会保険料率 改定 2018,,0,,0.00
社会保険料率 料率,,0,,0.00
社会保険料率 新入社員,,0,,0.00
社会保険料率 東京と,,0,,0.00
社会保険料率 概算,,0,,0.00
社会保険料率 約3割,,0,,0.00
社会保険料率 自営業,,0,,0.00
社会保険料率 試算,,0,,0.00
社会保険料率 資産,,0,,0.00
社会保険料率 賞与 27年度,,0,,0.00
社会保険料率 賞与 上限,,0,,0.00
社会保険料率 賞与 大阪,,0,,0.00
社会保険料率 賞与 平成30年,,0,,0.00
社会保険料率 賞与 給与,,0,,0.00
社会保険料率 賞与 計算方法,,0,,0.00
社会保険料率 高知,,0,,0.00
社会保険料率 高知 事業主負担,,0,,0.00
社会保険料率が安い,,0,,0.00
社会保険料率の推移 厚生年金 健康保険 介護保険,,0,,0.00
社会保険料率の改定 2018,,0,,0.00
社会保険料率は毎年改定サレル,,0,,0.00
社会保険料率を平成31年度の料率に変更,,0,,0.00
社会保険料率交通費,,0,,0.00
社会保険料率改定 2020,,0,,0.00
社会保険料率表 h30,,0,,0.00
社会保険料率表 平成30年4月,,0,,0.00
社会保険料率表 平成31年,,0,,0.00
社会保険料率表 平成31年度,,0,,0.00
社会保険料空所,,0,,0.00
社会保険料立替 バックレ,,0,,0.00
社会保険料立替仕訳,,0,,0.00
社会保険料立替金 時効,,0,,0.00
社会保険料等 194370,,0,,0.00
社会保険料等 2段,,0,,0.00
社会保険料等 2段 源泉徴収,,0,,0.00
社会保険料等 どっち,,0,,0.00
社会保険料等 どっち 大文字,,0,,0.00
社会保険料等 どっち 源泉徴収,,0,,0.00
社会保険料等 ふるさと納税 内,,0,,0.00
社会保険料等 ゆうちょ,,0,,0.00
社会保険料等 ボーナス,,0,,0.00
社会保険料等 ボーナス 多い,,0,,0.00
社会保険料等 住民税,,0,,0.00
社会保険料等 内,,0,,0.00
社会保険料等 内訳,,0,,0.00
社会保険料等 含むもの,,0,,0.00
社会保険料等 国民,,0,,0.00
社会保険料等 年収 500万円,,0,,0.00
社会保険料等 引き落とし,,0,,0.00
社会保険料等 控除証明書等の記載事項,,0,,0.00
社会保険料等 源泉徴収,,0,,0.00
社会保険料等 確定申告,,0,,0.00
社会保険料等 確定申告 etax,,0,,0.00
社会保険料等 種類 記載例,,0,,0.00
社会保険料等 給与明細,,0,,0.00
社会保険料等 金額,,0,,0.00
社会保険料等 雇用保険,,0,,0.00
社会保険料等とは 住民税,,0,,0.00
社会保険料等に係る控除証明書 英語,,0,,0.00
社会保険料等に係る控除証明書等の記載事項,,0,,0.00
社会保険料等に係る控除証明書等の記載事項 e-tax,,0,,0.00
社会保険料等に係る控除証明書等の記載事項 国民健康保険,,0,,0.00
社会保険料等に係る控除証明書等の記載事項 書き方,,0,,0.00
社会保険料等に係る控除証明書等の記載事項 源泉徴収票,,0,,0.00
社会保険料等に係る控除証明書等の記載事項 社会保険の種類,,0,,0.00
社会保険料等に係る控除証明書等の記載事項 英語,,0,,0.00
社会保険料等に含まれるもの,,0,,0.00
社会保険料等の控除 内,,0,,0.00
社会保険料等の控除金額 国民年金,,0,,0.00
社会保険料等の控除額 とは,,0,,0.00
社会保険料等の控除額 住民税,,0,,0.00
社会保険料等の控除額 源泉徴収簿,,0,,0.00
社会保険料等の控除額の計算方法,,0,,0.00
社会保険料等の支払請求事件,,0,,0.00
社会保険料等の金額 0円 e-tax,,0,,0.00
社会保険料等の金額 1年の合計,,0,,0.00
社会保険料等の金額 2倍,,0,,0.00
社会保険料等の金額 2倍 源泉徴収,,0,,0.00
社会保険料等の金額 300万円,,0,,0.00
社会保険料等の金額 600万円,,0,,0.00
社会保険料等の金額 e-tax,,0,,0.00
社会保険料等の金額 freee,,0,,0.00
社会保険料等の金額 syotokuzei,,0,,0.00
社会保険料等の金額 いくら,,0,,0.00
社会保険料等の金額 ふるさと納税 いつの,,0,,0.00
社会保険料等の金額 下段,,0,,0.00
社会保険料等の金額 二段 ふるさと納税,,0,,0.00
社会保険料等の金額 二行,,0,,0.00
社会保険料等の金額 住民税,,0,,0.00
社会保険料等の金額 住民税 確定申告,,0,,0.00
社会保険料等の金額 具体的に,,0,,0.00
社会保険料等の金額 内 ideco,,0,,0.00
社会保険料等の金額 内 千,,0,,0.00
社会保険料等の金額 内 確定拠出年金,,0,,0.00
社会保険料等の金額 内 確定申告,,0,,0.00
社会保険料等の金額 合計,,0,,0.00
社会保険料等の金額 国保,,0,,0.00
社会保険料等の金額 国民健康保険,,0,,0.00
社会保険料等の金額 国民年金,,0,,0.00
社会保険料等の金額 基礎年金,,0,,0.00
社会保険料等の金額 多い,,0,,0.00
社会保険料等の金額 小規模企業共済等掛金,,0,,0.00
社会保険料等の金額 年収,,0,,0.00
社会保険料等の金額 年金,,0,,0.00
社会保険料等の金額 所得税,,0,,0.00
社会保険料等の金額 所得税 確定申告,,0,,0.00
社会保険料等の金額 扶養家族,,0,,0.00
社会保険料等の金額 控除,,0,,0.00
社会保険料等の金額 生命保険料の金額,,0,,0.00
社会保険料等の金額 目安 700万,,0,,0.00
社会保険料等の金額 目安額,,0,,0.00
社会保険料等の金額 確定拠出年金,,0,,0.00
社会保険料等の金額 確定申告,,0,,0.00
社会保険料等の金額 確定申告 個人事業主,,0,,0.00
社会保険料等の金額 確定申告 平成28,,0,,0.00
社会保険料等の金額 社会保険料控除,,0,,0.00
社会保険料等の金額 給与明細,,0,,0.00
社会保険料等の金額 自営業,,0,,0.00
社会保険料等の金額 計算シート,,0,,0.00
社会保険料等の金額 計算方法 ふるさと納税,,0,,0.00
社会保険料等の金額 詳細,,0,,0.00
社会保険料等の金額 調べ方,,0,,0.00
社会保険料等の金額 退職,,0,,0.00
社会保険料等の金額 退職金,,0,,0.00
社会保険料等の金額 雇用保険,,0,,0.00
社会保険料等の金額 高い,,0,,0.00
社会保険料等の金額が社会保険料控除ですか,,0,,0.00
社会保険料等の金額欄の 内,,0,,0.00
社会保険料等を差し引く,,0,,0.00
社会保険料等事業主負担額,,0,,0.00
社会保険料等控除 健康保険料,,0,,0.00
社会保険料等控除 所得税,,0,,0.00
社会保険料等控除後の給与等の金額,,0,,0.00
社会保険料等控除後の給与等の金額 住民税,,0,,0.00
社会保険料等控除後の給与等の金額 健康保険料,,0,,0.00
社会保険料等控除後の給与等の金額とは,,0,,0.00
社会保険料等控除後の額とは,,0,,0.00
社会保険料算出 いつ,,0,,0.00
社会保険料算出式,,0,,0.00
社会保険料算定 個人事業主,,0,,0.00
社会保険料算定の基準月,,0,,0.00
社会保険料算定基礎届 訂正,,0,,0.00
社会保険料算定基礎届 訂正 必要書類,,0,,0.00
社会保険料算定基礎届7月に給料が下がります,,0,,0.00
社会保険料算定期間 21日 決まり,,0,,0.00
社会保険料節約 法人,,0,,0.00
社会保険料節約方法 残業,,0,,0.00
社会保険料納付 mf,,0,,0.00
社会保険料納付 まとめて多額,,0,,0.00
社会保険料納付 口座振替,,0,,0.00
社会保険料納付 法人 支払方法,,0,,0.00
社会保険料納付 給与変更,,0,,0.00
社会保険料納付書 いつ,,0,,0.00
社会保険料納付書 請求先変更,,0,,0.00
社会保険料納付書 送付時期,,0,,0.00
社会保険料納付期限切れの場合どこで支払えばいいの,,0,,0.00
社会保険料納付額 合わない,,0,,0.00
社会保険料納入 確認 書 熊本,,0,,0.00
社会保険料納入告知書 内訳,,0,,0.00
社会保険料納入書 再発行,,0,,0.00
社会保険料納入状況紹介回答票,,0,,0.00
社会保険料納入確認書 健康保険,,0,,0.00
社会保険料納入確認書 新宿年金,,0,,0.00
社会保険料納入確認書 新宿年金 委任状,,0,,0.00
社会保険料納入確認書 法人,,0,,0.00
社会保険料納入確認書 社会保険料納入証明書,,0,,0.00
社会保険料納入確認書 社会保険料納入証明書 違い,,0,,0.00
社会保険料納入確認書 郵送,,0,,0.00
社会保険料納入確認書 雇用管理制度助成コース,,0,,0.00
社会保険料納入証明書 egov,,0,,0.00
社会保険料納入証明書 事業所番号,,0,,0.00
社会保険料納入証明書 京都市伏見区,,0,,0.00
社会保険料納入証明書 京都市伏見区 年金事務所,,0,,0.00
社会保険料納入証明書 個人,,0,,0.00
社会保険料納入証明書 岡山,,0,,0.00
社会保険料納入証明書 岡山市,,0,,0.00
社会保険料納入証明書 川口,,0,,0.00
社会保険料納入証明書 手数料,,0,,0.00
社会保険料納入証明書 料金,,0,,0.00
社会保険料納入証明書 沖縄,,0,,0.00
社会保険料納入証明書 法人,,0,,0.00
社会保険料納入証明書 確認書 違い,,0,,0.00
社会保険料納入証明書 社会保険料納入確認書 違い,,0,,0.00
社会保険料納入証明書 記入例,,0,,0.00
社会保険料納入証明書 金額,,0,,0.00
社会保険料納入証明書とは,,0,,0.00
社会保険料納入証明書はどこで取得できる 沖縄,,0,,0.00
社会保険料納入証明申請書 金沢南,,0,,0.00
社会保険料累計とは,,0,,0.00
社会保険料給与所得者の保険料控除申告書,,0,,0.00
社会保険料給与控除分,,0,,0.00
社会保険料給料いくらから上がる,,0,,0.00
社会保険料虚偽申告,,0,,0.00
社会保険料表 令和元年9月から,,0,,0.00
社会保険料補助 何,,0,,0.00
社会保険料補助とは,,0,,0.00
社会保険料計とは,,0,,0.00
社会保険料計算 30年度,,0,,0.00
社会保険料計算 itけんぽ,,0,,0.00
社会保険料計算 住民税は,,0,,0.00
社会保険料計算 月収,,0,,0.00
社会保険料計算 東京,,0,,0.00
社会保険料計算 決定時期,,0,,0.00
社会保険料計算 法人,,0,,0.00
社会保険料計算 法人成り,,0,,0.00
社会保険料計算 経理部か人事部か,,0,,0.00
社会保険料計算ソフト 無料,,0,,0.00
社会保険料計算過去,,0,,0.00
社会保険料証明,,0,,0.00
社会保険料証明書 上田市,,0,,0.00
社会保険料証明書 再発行,,0,,0.00
社会保険料証明書 発行 令和,,0,,0.00
社会保険料調整 仕訳,,0,,0.00
社会保険料請求書 派遣,,0,,0.00
社会保険料負担 毎年上がる,,0,,0.00
社会保険料負担 毎年上げる,,0,,0.00
社会保険料負担については 2016年10月には年収130万円から106万円に引き下げられることになっており 適用には一定の条件があります,,0,,0.00
社会保険料負担は企業の投資を抑制したのか,,0,,0.00
社会保険料負担率 増が立,,0,,0.00
社会保険料負担率 増加率,,0,,0.00
社会保険料負担額 減らす,,0,,0.00
社会保険料負担高い,,0,,0.00
社会保険料賃金の範囲,,0,,0.00
社会保険料資格喪失日保険料徴収,,0,,0.00
社会保険料返金 仕訳,,0,,0.00
社会保険料返金額,,0,,0.00
社会保険料返金額 明細,,0,,0.00
社会保険料逃れ どこに相談,,0,,0.00
社会保険料逃れ ダミー会社,,0,,0.00
社会保険料逃れ 会社,,0,,0.00
社会保険料逃れ 違法会社,,0,,0.00
社会保険料遅延金 勘定科目,,0,,0.00
社会保険料過控除 会社負担,,0,,0.00
社会保険料適正化 萩原,,0,,0.00
社会保険料適正化 違法,,0,,0.00
社会保険料適正化sio,,0,,0.00
社会保険料適正化スキーム,,0,,0.00
社会保険料適正化事業,,0,,0.00
社会保険料適正化研究所 鬼丸亨,,0,,0.00
社会保険料還付 勘定科目,,0,,0.00
社会保険料金額 控除,,0,,0.00
社会保険料間違い返金,,0,,0.00
社会保険料降雨所,,0,,0.00
社会保険料預り金 従業員預り金,,0,,0.00
社会保険料預り金 簿記,,0,,0.00
社会保険料預り金 負債,,0,,0.00
社会保険料預り金会わない,,0,,0.00
社会保険料預り金合わない,,0,,0.00
社会保険料預り金合わない 改定 充当,,0,,0.00
社会保険料額 前月の給与額,,0,,0.00
社会保険料額 収入低下,,0,,0.00
社会保険料額 合わない 住宅ローン 審査,,0,,0.00
社会保険料額 合わない 住宅ローン 診査,,0,,0.00
社会保険料額 決定,,0,,0.00
社会保険料額 税金,,0,,0.00
社会保険料額いつ頃届く,,0,,0.00
社会保険料額変更時期,,0,,0.00
社会保険料額表 29年4月,,0,,0.00
社会保険料額表 29年9月分,,0,,0.00
社会保険料額表 excel,,0,,0.00
社会保険料額表 何月の給与から,,0,,0.00
社会保険料額表 平成28年10月,,0,,0.00
社会保険料額表 東京,,0,,0.00
社会保険料養育費加算,,0,,0.00
社会保障 社会保険料,,0,,0.00
社会保障の財源には 大きく分けて社会保険料と 5 のふたつがある,,0,,0.00
社会保障の財源には 大きく分けて社会保険料と 5 の二つがある,,0,,0.00
社労士 社会 保険 料,,0,,0.00
社労士の独占業務 2号業務 社会保険料計算,,0,,0.00
社労士の独占業務 社会保険料計算,,0,,0.00
社員 社会保険料 計算,,0,,0.00
社員からパート 社会保険料,,0,,0.00
社外取締役 社会保険料,,0,,0.00
社宅 社会保険料 計算,,0,,0.00
社長 1円 社会保険料,,0,,0.00
社長 サラリーマン 兼業 社会保険料 給与を取らない,,0,,0.00
社長 サラリーマン 社会保険料 給与を取らない,,0,,0.00
社長 会社 2ヵ所 社会保険料,,0,,0.00
社長 社会 保険 料 削減,,0,,0.00
社長 社宅 社会保険料,,0,,0.00
社長 給与 社会保険料,,0,,0.00
社長の報酬 社会保険料,,0,,0.00
祝い金 社会保険料,,0,,0.00
神奈川土建組合 社会保険料,,0,,0.00
神奈川県 社会保険料 料率,,0,,0.00
神奈川県 社会保険料 計算,,0,,0.00
福利厚生費とは 法人負担社会保険料,,0,,0.00
福岡 健康保険料 社会保険料,,0,,0.00
福岡 社会保険 料率,,0,,0.00
福岡 社会保険料 扶養,,0,,0.00
福岡市県民税 申告書 社会保険料,,0,,0.00
福岡県 厚生年金 社会保険料,,0,,0.00
福島県 社会保険料率 h30,,0,,0.00
福祉休暇 育休 社会保険料,,0,,0.00
私傷病 休職 社会保険料,,0,,0.00
秋田市 社会保険料,,0,,0.00
秋田年金事務所 社会保険料納入確認書,,0,,0.00
租税公課 社会保険料,,0,,0.00
税 社会 保険 料 国民 負担 率,,0,,0.00
税と社会保険料の負担率比較,,0,,0.00
税制 社会保険料,,0,,0.00
税制適格ストックオプション 社会保険料,,0,,0.00
税制非適格ストックオプション 社会保険料,,0,,0.00
税務 社会保険料,,0,,0.00
税務 社会保険料 過払い,,0,,0.00
税務 社会保険料 還付金,,0,,0.00
税務 社会保険料 還付金 収入,,0,,0.00
税務 社会保険料 還付金 収入 計上時期,,0,,0.00
税務 社会保険料 還付金 益金 計上時期,,0,,0.00
税務 調査 役員 賞与 社会 保険 料,,0,,0.00
税収 社会保険料収入 年金 合計,,0,,0.00
税収 社会保険料収入 年金保険料 合計,,0,,0.00
税法上 控除社会保険料額,,0,,0.00
税理士 社会保険料 10万円,,0,,0.00
税理士 社会保険料 相談,,0,,0.00
税理士 社会保険料 計算,,0,,0.00
税計算の社会保険料に雇用保険料はふくめる,,0,,0.00
税込み12万 社会保険料,,0,,0.00
税込み12万 社会保険料 2018,,0,,0.00
税込み年収 社会保険料,,0,,0.00
税金 基本給 賞与 社会保険料 節,,0,,0.00
税金 家賃 社会保険料 国民年金あるいは養育費など 大学生の間には想像もつかないほどの大きな金額を 社会人になってから,,0,,0.00
税金 社会保険料 シミュレーション,,0,,0.00
税金 社会保険料 シュミレーション,,0,,0.00
税金 社会保険料 上がる,,0,,0.00
税金 社会保険料 倒産,,0,,0.00
税金 社会保険料 公共料金の支払いが可能,,0,,0.00
税金 社会保険料 厚生労働省,,0,,0.00
税金 社会保険料 収入0,,0,,0.00
税金 社会保険料 扶養,,0,,0.00
税金 社会保険料 推移,,0,,0.00
税金 社会保険料 管轄,,0,,0.00
税金 社会保険料 計算 4月,,0,,0.00
税金 社会保険料 負担率,,0,,0.00
税金 社会保険料 通勤 なぜ,,0,,0.00
税金 社会保険料 違い,,0,,0.00
税金 社会保険料 高い,,0,,0.00
税金 社会保険料の計算方法,,0,,0.00
税金 負担 社会保険料,,0,,0.00
税金 財務省 社会保険料 厚生労働省,,0,,0.00
税金や社会保険料がもうすぐ急激に上がります,,0,,0.00
税金社会保険料上がりすぎ,,0,,0.00
税金計算 自動 所得税住民税 社会保険料,,0,,0.00
立て替え 社会保険料,,0,,0.00
競馬 社会保険料,,0,,0.00
第一生命 社会保険料,,0,,0.00
第二表 源泉徴収票 社会保険料 変更,,0,,0.00
節税 社会保険料,,0,,0.00
簡単年調 社会保険料,,0,,0.00
簿記 社会保険料預り金,,0,,0.00
簿記 科目 社会保険料,,0,,0.00
簿記2級 社会保険料,,0,,0.00
簿記3級 社会保険料,,0,,0.00
精神障害者 社会保険料,,0,,0.00
納付書 変更 社会保険料,,0,,0.00
納付書 郵送先変更 社会保険料,,0,,0.00
納付額通知書 社会保険料,,0,,0.00
納入証明書 社会保険料,,0,,0.00
納入証明書 社会保険料 私学,,0,,0.00
納税緩和 処置 制度 社会保険料,,0,,0.00
納税証明書 社会保険料の領収書,,0,,0.00
納税証明書 社会保険料の領収書とは,,0,,0.00
累計 社会 保険 料,,0,,0.00
累進課税 社会保険料,,0,,0.00
紹介手当 社会保険料,,0,,0.00
紹介料 社会保険料,,0,,0.00
経営 社会保険料,,0,,0.00
経営者 社会保険料 仕分け,,0,,0.00
経営者 社会保険料 仕訳 科目,,0,,0.00
経営者 社会保険料 年金,,0,,0.00
経営者 社会保険料 負担率,,0,,0.00
経営者育児休業社会保険料免徐,,0,,0.00
経済的利益 社会保険料,,0,,0.00
経理 社会保険料 納付,,0,,0.00
経費 社会保険料,,0,,0.00
経費削減 社会保険料,,0,,0.00
結婚 社会保険料 扶養,,0,,0.00
結婚して扶養に入った妻の社会保険料 年末調整,,0,,0.00
結婚後 妻の社会保険料,,0,,0.00
結婚祝い金 社会保険料,,0,,0.00
給与 14分割 社会保険料,,0,,0.00
給与 20 日 締め 社会 保険 料,,0,,0.00
給与 40万 社会保険料,,0,,0.00
給与 なし 社会 保険 料 仕訳,,0,,0.00
給与 アップ 社会保険料,,0,,0.00
給与 ソフト 社会保険料,,0,,0.00
給与 上下 社会保険料,,0,,0.00
給与 上下 社会保険料 4月,,0,,0.00
給与 仕訳入力 社会保険料 会社負担,,0,,0.00
給与 収入金額 社会保険料,,0,,0.00
給与 差額 社会 保険 料,,0,,0.00
給与 所得 事業 所得 社会 保険 料,,0,,0.00
給与 控除 社会保険料 対象額,,0,,0.00
給与 控除 社会保険料 対象額 社宅,,0,,0.00
給与 控除 社会保険料 計算,,0,,0.00
給与 月 2 回 社会保険料,,0,,0.00
給与 源泉徴収 社会保険料,,0,,0.00
給与 源泉徴収 社会保険料とは,,0,,0.00
給与 社会 保険 料 計算 シート,,0,,0.00
給与 社会保険料 1.2倍,,0,,0.00
給与 社会保険料 だいたい,,0,,0.00
給与 社会保険料 シュミレーション,,0,,0.00
給与 社会保険料 事業計画書,,0,,0.00
給与 社会保険料 仕分け,,0,,0.00
給与 社会保険料 会社負担,,0,,0.00
給与 社会保険料 所得税 計算,,0,,0.00
給与 社会保険料 損金,,0,,0.00
給与 社会保険料 支給日基準,,0,,0.00
給与 社会保険料 東京,,0,,0.00
給与 社会保険料 概算,,0,,0.00
給与 社会保険料 残業,,0,,0.00
給与 社会保険料 締日,,0,,0.00
給与 社会保険料 計算シート 無料,,0,,0.00
給与 社会保険料 計算時期,,0,,0.00
給与 社会保険料 退職時 ダブル 天引き,,0,,0.00
給与 社会保険料の割合,,0,,0.00
給与 社会保険料合計,,0,,0.00
給与 社会保険料合計 計上,,0,,0.00
給与 締め日 支払日 社会保険料,,0,,0.00
給与 課税対象額 社会保険料,,0,,0.00
給与 賞与 社会保険料 得,,0,,0.00
給与 賞与 社会保険料 節,,0,,0.00
給与 賞与 社会保険料 計算,,0,,0.00
給与 賞与 社会保険料 違い,,0,,0.00
給与 遡及 社会保険料,,0,,0.00
給与 遡及支給 社会保険料,,0,,0.00
給与0 社会保険料,,0,,0.00
給与13万円の社会保険料は,,0,,0.00
給与200万円の社会保険料は,,0,,0.00
給与20万円 社会保険料,,0,,0.00
給与20万円 社会保険料 会社負担,,0,,0.00
給与20万円 社会保険料 会社負担額,,0,,0.00
給与25万 社会保険料,,0,,0.00
給与25万 社会保険料 会社負担,,0,,0.00
給与2社 社会保険料不正,,0,,0.00
給与2社 社会保険料節約,,0,,0.00
給与2社 社会保険料逃れ,,0,,0.00
給与2社 社会保険料逃れ どこに,,0,,0.00
給与2社 社会保険料逃れ 告発,,0,,0.00
給与2社 社会保険料逃れ 相談窓口,,0,,0.00
給与30万 社会保険料 会社負担,,0,,0.00
給与30万円での社会保険料の概算,,0,,0.00
給与50万 社会保険料,,0,,0.00
給与50万 社会保険料 会社負担,,0,,0.00
給与50万 社会保険料 本人負担 会社負担,,0,,0.00
給与から社会保険料,,0,,0.00
給与が変わった 社会保険料変更のタイミング,,0,,0.00
給与が大幅に下がった場合の社会保険料の申請,,0,,0.00
給与が減っても社会保険料はさがらない,,0,,0.00
給与が途中から金額変わると社会保険料はどうなる,,0,,0.00
給与の収入金額 社会保険料,,0,,0.00
給与の変動 社会保険料,,0,,0.00
給与の減額と社会保険料,,0,,0.00
給与下がる 社会保険料差額,,0,,0.00
給与仕訳 支払 預り金 社会保険料の納付,,0,,0.00
給与仕訳 支払 預り金 社会保険料の納付 法定福利費,,0,,0.00
給与仕訳 支払 預り金 社会保険料の納付 福利厚生費,,0,,0.00
給与先 社会保険料 青色申告 社会保険料 2重,,0,,0.00
給与先 社会保険料 青色申告 社会保険料 2重申告,,0,,0.00
給与収入 社会保険料 含む,,0,,0.00
給与収入 給与所得 社会保険料,,0,,0.00
給与収入0円の月 社会保険料,,0,,0.00
給与収入0円の月がある 社会保険料,,0,,0.00
給与収入130万 社会保険料,,0,,0.00
給与報告書 社会保険料,,0,,0.00
給与報告書 社会保険料 自己負担,,0,,0.00
給与変動 社会保険料,,0,,0.00
給与変更 社会保険料 いつから,,0,,0.00
給与外で支払った社会保険料,,0,,0.00
給与大臣 社会保険料率,,0,,0.00
給与天引 社会保険料,,0,,0.00
給与天引き 社会保険料 年末調整,,0,,0.00
給与奉行 社会保険料 変更,,0,,0.00
給与差額支給社会保険料,,0,,0.00
給与応援ライト 社会保険料調整,,0,,0.00
給与所得 1000万円以上 社会保険料,,0,,0.00
給与所得 収入金額等 税金 社会保険料,,0,,0.00
給与所得 社会保険料 含む,,0,,0.00
給与所得 通勤費 社会保険料,,0,,0.00
給与所得で社会保険料を控除した場合 確定申告では,,0,,0.00
給与所得に係る市民税県民税特別徴収税額の決定通知書 給与収入 社会保険料,,0,,0.00
給与所得の源泉徴収票 社会保険料等の金額,,0,,0.00
給与所得の源泉徴収票 社会保険料等の金額 e-tax,,0,,0.00
給与所得の源泉徴収票 社会保険料等の金額 内,,0,,0.00
給与所得控者の保険 社会保険料 本人,,0,,0.00
給与所得控除 社会保険料 一緒,,0,,0.00
給与所得控除 計算方法 社会保険料など控除後,,0,,0.00
給与所得控除 記入例 社会保険料,,0,,0.00
給与所得源泉徴収票 社会保険料の金額とは,,0,,0.00
給与所得等に係る特別区民税 社会保険料,,0,,0.00
給与所得者 保険料控除申告書 社会保険料 国民健康保険 負担 書き方,,0,,0.00
給与所得者 保険料控除申告書 社会保険料 書き方,,0,,0.00
給与所得者 社会保険料 支払い時期,,0,,0.00
給与所得者と個人事業主の社会保険料の違いを計算,,0,,0.00
給与所得者の保険料 社会保険料,,0,,0.00
給与所得者の保険料控除申告書 社会保険料,,0,,0.00
給与所得者の保険料控除申告書 社会保険料 記入例,,0,,0.00
給与所得者の保険料控除申告書 社会保険料の控除,,0,,0.00
給与所得者の保険料控除申告書 社会保険料の控除 3つ以上記入,,0,,0.00
給与所得者の保険料控除申告書 社会保険料の控除 記入欄が足りない,,0,,0.00
給与所得者の扶養控除等申告書 社会保険料,,0,,0.00
給与所得者異動届出書 控除社会保険料額とは,,0,,0.00
給与所得者異動届出書 給与支払額と控除社会保険料額,,0,,0.00
給与担当 社会保険料 逃れ,,0,,0.00
給与支払報告書 支払金額 社会保険料,,0,,0.00
給与支払報告書 社会保険料,,0,,0.00
給与支払報告書 社会保険料等の金額 雇用保険,,0,,0.00
給与支払報告書 配偶者 社会保険料等の金額 年金,,0,,0.00
給与改定 遡及 社会保険料,,0,,0.00
給与明細 フリーウェイ 社会保険料,,0,,0.00
給与明細 フリーウェイ 社会保険料 更新,,0,,0.00
給与明細 社会保険料 いつから,,0,,0.00
給与明細 社会保険料 変更 いつから,,0,,0.00
給与明細 社会保険料 天引きされない,,0,,0.00
給与明細 社会保険料合計,,0,,0.00
給与明細 社会保険料調整,,0,,0.00
給与明細 総支給 社会保険料,,0,,0.00
給与等の収入金額 社会保険料,,0,,0.00
給与締め日と社会保険料,,0,,0.00
給与計算 所得税 社会保険料,,0,,0.00
給与計算 社会保険料 エクセル,,0,,0.00
給与計算 社会保険料 交通費,,0,,0.00
給与計算 社会保険料 変更,,0,,0.00
給与計算 社会保険料 所得税,,0,,0.00
給与計算 社会保険料 月途中,,0,,0.00
給与計算 社会保険料 端数,,0,,0.00
給与計算 社会保険料 端数処理,,0,,0.00
給与計算 社会保険料 賞与,,0,,0.00
給与計算 社会保険料 退職,,0,,0.00
給与計算 社会保険料 退職時,,0,,0.00
給与計算 社会保険料 間違い,,0,,0.00
給与計算 社会保険料率,,0,,0.00
給与計算 自動シート 社会保険料 所得税,,0,,0.00
給与過払い 返金 社会保険料,,0,,0.00
給与遡及 社会保険料,,0,,0.00
給与額 社会保険料 計算,,0,,0.00
給与額の変更 社会保険料 申請,,0,,0.00
給与額変更 社会保険料,,0,,0.00
給料 2箇所以上 社会保険料,,0,,0.00
給料 もらいすぎ 社会保険料,,0,,0.00
給料 下がった 社会保険料,,0,,0.00
給料 交通費 社会保険料,,0,,0.00
給料 仕訳 社会保険料,,0,,0.00
給料 手取り 社会保険料,,0,,0.00
給料 日割り計算 社会保険料,,0,,0.00
給料 社会保険料 下がらない,,0,,0.00
給料 社会保険料 仕訳,,0,,0.00
給料 社会保険料 推移,,0,,0.00
給料 社会保険料 消費税,,0,,0.00
給料 社会保険料 計算 フリーソフト,,0,,0.00
給料 社会保険料 計算 賞与,,0,,0.00
給料 社会保険料 退職 標準報酬,,0,,0.00
給料 社会保険料 退職 標準報酬額変更,,0,,0.00
給料 社会保険料に含まれるもの,,0,,0.00
給料 社会保険料を払いすぎてた,,0,,0.00
給料 税金 社会保険料の割合,,0,,0.00
給料 締め 前払い 社会保険料,,0,,0.00
給料 翌月払い 社会保険料,,0,,0.00
給料 課税対象に入れてしまっていた 社会保険料,,0,,0.00
給料 課税対象に入れてしまっていた 社会保険料 差額もらう,,0,,0.00
給料 課税対象に入れてしまっていた 社会保険料 差額を支払う,,0,,0.00
給料12万 社会保険料,,0,,0.00
給料13万 社会保険料,,0,,0.00
給料20万円 社会保険料,,0,,0.00
給料4万 手取り 社会保険料,,0,,0.00
給料60万円 社会保険料,,0,,0.00
給料70万円 社会保険料,,0,,0.00
給料からどれくらい社会保険料がひかれるか,,0,,0.00
給料から引かれる社会保険料とはどんな内容ですか 内訳を教えて,,0,,0.00
給料から引かれる社会保険料はその後何になる,,0,,0.00
給料から引かれる社会保険料は病気になったら何になる,,0,,0.00
給料がない月 社会保険料,,0,,0.00
給料が大幅に 社会保険料,,0,,0.00
給料が途中で変わる社会保険料,,0,,0.00
給料に対して社会保険料表,,0,,0.00
給料の純粋に上がった分 会社の社会保険料負担分,,0,,0.00
給料の純粋に上がった分 会社の社会保険料負担分 処遇改善加算,,0,,0.00
給料よりも社会保険料の方が高く,,0,,0.00
給料下がった 社会保険料,,0,,0.00
給料支払い 社会保険料,,0,,0.00
給料明細に社会保険料と基本保険料と特定保険料がある,,0,,0.00
給料額が変化したら社会保険料 厚生年金額はどうなるの,,0,,0.00
給料額変更 社会保険料,,0,,0.00
給食 社会保険料 源泉徴収票,,0,,0.00
総務の森 社会保険料 計算 月,,0,,0.00
総合経営サービス 社会保険料削減,,0,,0.00
総合課税 社会保険料,,0,,0.00
総支給 社会保険料,,0,,0.00
総支給 社会保険料 計算,,0,,0.00
総支給184000円 の社会保険料,,0,,0.00
総支給25万のときの社会保険料,,0,,0.00
総支給30万 社会保険料,,0,,0.00
総支給400000円の社会保険料,,0,,0.00
総支給額360万円扶養親族2名の年間社会保険料,,0,,0.00
締めご未払い給与にかかる社会保険料,,0,,0.00
締め後社会保険料 損金,,0,,0.00
締め日 未払給与 社会保険料,,0,,0.00
練馬区 社会保険料 青色申告特別控除,,0,,0.00
繰越控除 社会保険料,,0,,0.00
翌年の社会保険料,,0,,0.00
老人 扶養控除 社会保険料,,0,,0.00
老人扶養控除 社会保険料 厚生年金,,0,,0.00
老後の税金と社会保険料,,0,,0.00
老齢年金支給額 社会保険料,,0,,0.00
育休 3復帰までの期間 社会保険料,,0,,0.00
育休 3月復帰 社会保険料,,0,,0.00
育休 3月終了 4復帰 社会保険料,,0,,0.00
育休 3月終了 4月1日復帰 社会保険料,,0,,0.00
育休 中 社会 保険 料 扶養,,0,,0.00
育休 年末 社会保険料,,0,,0.00
育休 復帰日 出社日 社会保険料,,0,,0.00
育休 復帰日 社会保険料,,0,,0.00
育休 月末 社会保険料,,0,,0.00
育休 男性 企業側 社会保険料,,0,,0.00
育休 確定申告 社会保険料,,0,,0.00
育休 社会保険料 1日,,0,,0.00
育休 社会保険料 会社負担,,0,,0.00
育休 社会保険料 会社負担 男性,,0,,0.00
育休 社会保険料 公務員,,0,,0.00
育休 社会保険料 月末 休日,,0,,0.00
育休 社会保険料 男性,,0,,0.00
育休 社会保険料 見直し,,0,,0.00
育休 社会保険料 返金,,0,,0.00
育休 社会保険料 金額,,0,,0.00
育休 社会保険料が免除,,0,,0.00
育休 終了 社会 保険 料 徴収,,0,,0.00
育休 賞与 社会保険料,,0,,0.00
育休 開始 月 社会 保険 料,,0,,0.00
育休中 ボーナス 社会保険料,,0,,0.00
育休中 働く 社会保険料,,0,,0.00
育休中 副業 社会保険料,,0,,0.00
育休中 勤務 社会保険料,,0,,0.00
育休中 就業 社会保険料,,0,,0.00
育休中 社会保険料 会社負担,,0,,0.00
育休中 社会保険料 免除 払われる,,0,,0.00
育休中 社会保険料 年末調整,,0,,0.00
育休中 賞与 社会保険料,,0,,0.00
育休中 退職 社会保険料,,0,,0.00
育休中に退職 社会保険料,,0,,0.00
育休中の社会保険料の免除手続,,0,,0.00
育休延長 社会保険料,,0,,0.00
育休後 時短 契約変更 社会保険料,,0,,0.00
育休後 社会保険料,,0,,0.00
育休後社会保険料の特例 時短勤務,,0,,0.00
育休復帰 社会保険料 いつから,,0,,0.00
育休復帰月 社会保険料,,0,,0.00
育休明け 時短 社会保険料,,0,,0.00
育休明け 社会保険料 いつから,,0,,0.00
育休明け 社会保険料 徴収,,0,,0.00
育休明け 社会保険料 徴収いつから,,0,,0.00
育休明け 社会保険料 標準報酬月額,,0,,0.00
育休明け 社会保険料 減額,,0,,0.00
育休期間中 社会保険料,,0,,0.00
育休業中の社会保険料,,0,,0.00
育休終了 復帰までの期間 社会保険料,,0,,0.00
育休終了月 社会保険料,,0,,0.00
育児 休業 中 勤務 社会 保険 料,,0,,0.00
育児 休業 社会 保険 料 末日,,0,,0.00
育児 休業 社会 保険 料 給与,,0,,0.00
育児 休業 終了 社会 保険 料 徴収,,0,,0.00
育児 時短勤務 社会保険料,,0,,0.00
育児休暇 月末 社会保険料,,0,,0.00
育児休暇 有給 社会保険料,,0,,0.00
育児休暇 男性 社会保険料,,0,,0.00
育児休暇 社会保険料 会社負担,,0,,0.00
育児休業 復帰 社会保険料 いつから,,0,,0.00
育児休業 社会保険料 どうするべき,,0,,0.00
育児休業 社会保険料 月末,,0,,0.00
育児休業 社会保険料 賃金,,0,,0.00
育児休業 社会保険料の納入方法,,0,,0.00
育児休業 社会保険料は3歳まで免除される,,0,,0.00
育児休業中 勤務 社会保険料,,0,,0.00
育児休業中 就業 社会保険料,,0,,0.00
育児休業中 社会保険料 払いに来てもらう,,0,,0.00
育児休業中 社会保険料 払えと言われたら,,0,,0.00
育児休業中 社会保険料 非正規,,0,,0.00
育児休業中 賞与 社会保険料,,0,,0.00
育児休業中の社会保険料 会社負担分,,0,,0.00
育児休業中の賞与 社会保険料,,0,,0.00
育児休業制度 社会保険料,,0,,0.00
育児休業後 社会保険料 いつから,,0,,0.00
育児休業復帰後夫の扶養に入る 社会保険料 厚生年金 どうなる,,0,,0.00
育児休業明け 社会保険料 5月15日,,0,,0.00
育児休業等終了後 社会保険料 特例 pdf,,0,,0.00
育児休業終了 社会保険料 いつから,,0,,0.00
育児休業終了 社会保険料 徴収,,0,,0.00
育児休業終了後の社会保険料の計算,,0,,0.00
育児休業給付金 月末 社会保険料,,0,,0.00
育児休業給付金 社会保険料,,0,,0.00
育児休業給付金 社会保険料 金額,,0,,0.00
育児休業開始月 社会保険料 賞与,,0,,0.00
育児休職 ボーナス 社会保険料,,0,,0.00
育児休職中の社会保険料,,0,,0.00
育児休職復職時の社会保険料,,0,,0.00
育児休職手当 社会保険料,,0,,0.00
育児短時間勤務 社会保険料,,0,,0.00
育児短時間勤務 社会保険料 会社同意,,0,,0.00
育児給付金 社会保険料,,0,,0.00
育児給食 社会保険料 男,,0,,0.00
臨時役員報酬 社会保険料,,0,,0.00
自分で社会保険料,,0,,0.00
自営業 から 会社員 社会保険料,,0,,0.00
自営業 社会保険料 いくら 計算,,0,,0.00
自営業 社会保険料 安い,,0,,0.00
自営業 社会保険料 料率,,0,,0.00
自営業から法人 社会保険料,,0,,0.00
自営業の社会保険料,,0,,0.00
自己 退職 後 の 税金 と 社会 保険 料,,0,,0.00
自己と生計を一にする親族の負担すべき社会保険料,,0,,0.00
自己都合休職 社会保険料,,0,,0.00
自己都合退職 社会保険料,,0,,0.00
葛飾区 社会保険料,,0,,0.00
融資 保険証の確認で社会保険料未納は分かる,,0,,0.00
行政書士 社会保険料,,0,,0.00
行方不明の息子の社会保険料 親に支払い義務は,,0,,0.00
被保険者報酬月額算定基礎届 通貨によるものの額 社会保険料,,0,,0.00
被扶養 106万円 社会保険料,,0,,0.00
被扶養 106万円 社会保険料 計算,,0,,0.00
被扶養者 社会保険料,,0,,0.00
被扶養者 社会保険料 サラリーマン,,0,,0.00
被扶養者の社会保険料 誰が,,0,,0.00
複数 事業所 社会保険料,,0,,0.00
複数 会社 給与 社会保険料,,0,,0.00
複数の会社から給与 社会保険料,,0,,0.00
複数収入 社会保険料,,0,,0.00
複数収入 社会保険料 企業負担額,,0,,0.00
複数収入 社会保険料 個人事業主,,0,,0.00
複数社から給与 社会保険料,,0,,0.00
西宮市 社会保険料,,0,,0.00
親の死亡 フリーター 社会保険料,,0,,0.00
親の社会保険料 子が外れたら,,0,,0.00
親の社会保険料 子が外れたら 親の収入は,,0,,0.00
親を扶養に入れると社会保険料はどうなる,,0,,0.00
解雇予告手当 と 社会保険料,,0,,0.00
記帳 社会保険料 支払い,,0,,0.00
記帳代行 確定申告 社会保険料明細 必要か,,0,,0.00
訴状 社会保険料 立替,,0,,0.00
課税仕入れ 社会保険料,,0,,0.00
課税所得 基礎控除 青色申告 社会保険料,,0,,0.00
課税所得 社会保険料,,0,,0.00
課税所得 社会保険料 給与所得控除,,0,,0.00
課税支給額 社会保険料,,0,,0.00
諏訪市 社会保険料 計算方法,,0,,0.00
諸手当 賞与 社会保険料,,0,,0.00
財形貯蓄 社会保険料,,0,,0.00
販管費 社会保険料,,0,,0.00
販管費 社会保険料預り金,,0,,0.00
賃上げ 年金 社会保険料,,0,,0.00
賃上げ 年金 社会保険料 値上げ,,0,,0.00
賃金 税金 社会保険料 計算,,0,,0.00
賃金台帳 社会保険料,,0,,0.00
賃金日額 社会保険料,,0,,0.00
賃金総額 社会保険料,,0,,0.00
資格喪失月 社会保険料,,0,,0.00
資格報奨社会保険料とは,,0,,0.00
賞与 2回 社会保険料 節税,,0,,0.00
賞与 3回 社会保険料,,0,,0.00
賞与 に かかる 社会 保険 料 計算 シート,,0,,0.00
賞与 年4回 社会保険料,,0,,0.00
賞与 所得税 計算 社会 保険 料 等,,0,,0.00
賞与 控除 社会保険料,,0,,0.00
賞与 月2回 社会保険料,,0,,0.00
賞与 源泉徴収税額 社会保険料等,,0,,0.00
賞与 源泉徴収税額 社会保険料等 確定拠出型年金,,0,,0.00
賞与 源泉徴収税額 社会保険料等に含まれる,,0,,0.00
賞与 現物支給 社会保険料,,0,,0.00
賞与 社会 保険 料 2018,,0,,0.00
賞与 社会 保険 料 2019,,0,,0.00
賞与 社会 保険 料 休職 中,,0,,0.00
賞与 社会 保険 料 加入,,0,,0.00
賞与 社会 保険 料 合わ ない,,0,,0.00
賞与 社会 保険 料 平成 30 年,,0,,0.00
賞与 社会 保険 料 当月,,0,,0.00
賞与 社会 保険 料 改定,,0,,0.00
賞与 社会 保険 料 未納,,0,,0.00
賞与 社会 保険 料 納期 限,,0,,0.00
賞与 社会 保険 料 計算 2016,,0,,0.00
賞与 社会 保険 料 計算 2018,,0,,0.00
賞与 社会 保険 料 計算 2019,,0,,0.00
賞与 社会 保険 料 計算 シュミレーション 2018,,0,,0.00
賞与 社会 保険 料 計算 シュミレーション 2019,,0,,0.00
賞与 社会 保険 料率 平成 26 年,,0,,0.00
賞与 社会 保険 料率 平成 27 年,,0,,0.00
賞与 社会 保険 料率 平成 28 年,,0,,0.00
賞与 社会 保険 料率 平成 29 年,,0,,0.00
賞与 社会 保険 料率 平成 30 年,,0,,0.00
賞与 社会保険料 1000円未満,,0,,0.00
賞与 社会保険料 25000円,,0,,0.00
賞与 社会保険料 5万円,,0,,0.00
賞与 社会保険料 70歳以上,,0,,0.00
賞与 社会保険料 7月分,,0,,0.00
賞与 社会保険料 どうする,,0,,0.00
賞与 社会保険料 なぜ,,0,,0.00
賞与 社会保険料 上限 150,,0,,0.00
賞与 社会保険料 上限 573,,0,,0.00
賞与 社会保険料 事業主,,0,,0.00
賞与 社会保険料 仕訳,,0,,0.00
賞与 社会保険料 会社負担率,,0,,0.00
賞与 社会保険料 健康保険,,0,,0.00
賞与 社会保険料 健康保険 会社負担,,0,,0.00
賞与 社会保険料 出し方,,0,,0.00
賞与 社会保険料 基準日,,0,,0.00
賞与 社会保険料 報酬,,0,,0.00
賞与 社会保険料 対象月,,0,,0.00
賞与 社会保険料 平成30年 keisan,,0,,0.00
賞与 社会保険料 引かない,,0,,0.00
賞与 社会保険料 引かれなかった,,0,,0.00
賞与 社会保険料 引き落とし,,0,,0.00
賞与 社会保険料 徴収,,0,,0.00
賞与 社会保険料 徴収 タイミング,,0,,0.00
賞与 社会保険料 徴収時期,,0,,0.00
賞与 社会保険料 恵さん,,0,,0.00
賞与 社会保険料 惹かれる,,0,,0.00
賞与 社会保険料 愛知,,0,,0.00
賞与 社会保険料 所得税 最新,,0,,0.00
賞与 社会保険料 振込月で計算,,0,,0.00
賞与 社会保険料 支払時期,,0,,0.00
賞与 社会保険料 支給日時点,,0,,0.00
賞与 社会保険料 月分,,0,,0.00
賞与 社会保険料 標準賞与額,,0,,0.00
賞与 社会保険料 源泉 計算,,0,,0.00
賞与 社会保険料 滋賀県,,0,,0.00
賞与 社会保険料 特別手当,,0,,0.00
賞与 社会保険料 現物,,0,,0.00
賞与 社会保険料 産休,,0,,0.00
賞与 社会保険料 産休 翌月支給,,0,,0.00
賞与 社会保険料 申告,,0,,0.00
賞与 社会保険料 申告 被保険者整理番号 わからない,,0,,0.00
賞与 社会保険料 申告 郵送,,0,,0.00
賞与 社会保険料 申請,,0,,0.00
賞与 社会保険料 確定拠出年金,,0,,0.00
賞与 社会保険料 税金,,0,,0.00
賞与 社会保険料 節税,,0,,0.00
賞与 社会保険料 範囲,,0,,0.00
賞与 社会保険料 納付 いつ,,0,,0.00
賞与 社会保険料 計算 5万円,,0,,0.00
賞与 社会保険料 計算 70歳以上,,0,,0.00
賞与 社会保険料 計算 シュミレーション 30年度,,0,,0.00
賞与 社会保険料 計算の仕方,,0,,0.00
賞与 社会保険料 返金 納付,,0,,0.00
賞与 社会保険料 返金 納付 会社負担,,0,,0.00
賞与 社会保険料 退職後,,0,,0.00
賞与 社会保険料 違い,,0,,0.00
賞与 社会保険料 馬鹿,,0,,0.00
賞与 社会保険料対策,,0,,0.00
賞与 社会保険料率 上限,,0,,0.00
賞与 社会保険料率 会社負担,,0,,0.00
賞与 社会保険料率 協会けんぽ,,0,,0.00
賞与 社会保険料率 埼玉県,,0,,0.00
賞与 社会保険料率 神奈川県,,0,,0.00
賞与 社会保険料率 福岡,,0,,0.00
賞与 社会保険料等の控除額,,0,,0.00
賞与 給与 社会保険料 一括払いい,,0,,0.00
賞与 給与 社会保険料 違い,,0,,0.00
賞与 給与 社会保険料を少なくする,,0,,0.00
賞与 退職後 社会保険料,,0,,0.00
賞与 遡及 支給 社会保険料,,0,,0.00
賞与 遡及 社会保険料,,0,,0.00
賞与5万 社会保険料,,0,,0.00
賞与から社会保険料 いつから,,0,,0.00
賞与から社会保険料 惹かれている,,0,,0.00
賞与にかかる社会保険料 敬さん,,0,,0.00
賞与には 社会保険料かかりませんか,,0,,0.00
賞与による社会保険料の抑制効果,,0,,0.00
賞与に係る社会保険料 損金算入,,0,,0.00
賞与の社会保険料 kagawaken,,0,,0.00
賞与の社会保険料 福井県,,0,,0.00
賞与の社会保険料 納付時期,,0,,0.00
賞与の社会保険料 翌月,,0,,0.00
賞与の社会保険料未払い計上,,0,,0.00
賞与の金額に乗ずべき率 社会保険料 確定拠出型年金含まれる,,0,,0.00
賞与の金額に乗ずべき率 社会保険料等,,0,,0.00
賞与の金額に乗ずべき率 社会保険料等 確定拠出年金,,0,,0.00
賞与を上げると社会保険料,,0,,0.00
賞与引当金 社会保険料 仕訳,,0,,0.00
賞与引当金 社会保険料 含める,,0,,0.00
賞与引当金 社会保険料 損金算入,,0,,0.00
賞与引当金 社会保険料 科目,,0,,0.00
賞与引当金 社会保険料の求め方,,0,,0.00
賞与支給時 社会保険料,,0,,0.00
賞与支給月の前月の給与から社会保険料等を差し引き,,0,,0.00
賞与時 社会保険料率,,0,,0.00
賞与時の社会保険料一覧表2019,,0,,0.00
賞与時の社会保険料計算方法,,0,,0.00
賞与月 退職 社会保険料,,0,,0.00
賞与社会保険料 2019,,0,,0.00
賞与社会保険料 月の社会保険料 1枚,,0,,0.00
賞与社会保険料 月の社会保険料 別,,0,,0.00
賞与社会保険料 納付書,,0,,0.00
賞与計算 社会保険料等,,0,,0.00
賞金 社会保険料,,0,,0.00
贈与税 生活費 社会保険料,,0,,0.00
贈与税 生活費 社会保険料 国民健康保険,,0,,0.00
贈与税 社会保険料,,0,,0.00
赤字 社会保険料,,0,,0.00
起業 社会保険料 支払方法,,0,,0.00
起業 社会保険料 計算,,0,,0.00
転職 初任給 社会保険料,,0,,0.00
転職 国保から社会保険料 金額,,0,,0.00
転職 国民年金 確定申告 社会保険料,,0,,0.00
転職 社会保険料 下がる,,0,,0.00
転職 社会保険料 二回目,,0,,0.00
転職 社会保険料 切り替え,,0,,0.00
転職 社会保険料 同じ月,,0,,0.00
転職 社会保険料 変わる,,0,,0.00
転職 社会保険料 年末調整,,0,,0.00
転職してすぐ辞めたときの社会保険料,,0,,0.00
転職後 年末調整 社会保険料,,0,,0.00
転職月 社会保険料,,0,,0.00
転職期間 社会保険料,,0,,0.00
転職期間中 社会保険料,,0,,0.00
軽貨物運送業 社会保険料,,0,,0.00
追徴 社会保険料 確定申告,,0,,0.00
退社月 社会保険料,,0,,0.00
退職 リタイヤ 社会保険料 住民税,,0,,0.00
退職 余分に社会保険料,,0,,0.00
退職 扶養 社会保険料 還付,,0,,0.00
退職 扶養に入った場合 社会保険料を夫に申請,,0,,0.00
退職 扶養に入った場合 社会保険料を夫に申請 確定申告,,0,,0.00
退職 日割り 社会保険料,,0,,0.00
退職 月中 社会保険料,,0,,0.00
退職 月末 給与計算 社会保険料,,0,,0.00
退職 源泉徴収票 社会保険料,,0,,0.00
退職 源泉徴収票に社会保険料等の記入が無い,,0,,0.00
退職 社会 保険 料 立替,,0,,0.00
退職 社会保険料 タイミング,,0,,0.00
退職 社会保険料 ミス,,0,,0.00
退職 社会保険料 ミス 訂正,,0,,0.00
退職 社会保険料 届け出,,0,,0.00
退職 社会保険料 引けない,,0,,0.00
退職 社会保険料 引けない 振込み,,0,,0.00
退職 社会保険料 得,,0,,0.00
退職 社会保険料 払わない,,0,,0.00
退職 社会保険料 立替 拒否,,0,,0.00
退職 社会保険料 立替 振込,,0,,0.00
退職 社会保険料 立替 明細,,0,,0.00
退職 社会保険料 請求,,0,,0.00
退職 社会保険料 金額,,0,,0.00
退職 社会保険料 間違い 訂正,,0,,0.00
退職 社会保険料の方が高い,,0,,0.00
退職 社会保険料の方が高い 年休処理後,,0,,0.00
退職 社会保険料は戻らないのか,,0,,0.00
退職 社会保険料賞与,,0,,0.00
退職 税金 社会保険料,,0,,0.00
退職 給与計算 社会保険料 間違い 訂正,,0,,0.00
退職 者 社会 保険 料 請求,,0,,0.00
退職 者 社会 保険 料 返金,,0,,0.00
退職 金 社会 保険 料 会社 負担,,0,,0.00
退職 金 社会 保険 料 引 かれる,,0,,0.00
退職してから社会保険料を請求された,,0,,0.00
退職一時金 社会保険料,,0,,0.00
退職後 前の職場 社会保険料未徴収,,0,,0.00
退職後 社会保険料 天引き,,0,,0.00
退職後 社会保険料 普通徴収,,0,,0.00
退職後 社会保険料 請求 半年,,0,,0.00
退職後 社会保険料 請求 滞納,,0,,0.00
退職後 社会保険料 請求 踏み倒し,,0,,0.00
退職後 社会保険料 還付金,,0,,0.00
退職後 立替 社会保険料,,0,,0.00
退職後の傷病手当金継続給付と社会保険料支払い,,0,,0.00
退職後の社会保険料 どちら,,0,,0.00
退職後の給与 社会保険料,,0,,0.00
退職日 締め日以外 社会保険料,,0,,0.00
退職日 締め日以外 社会保険料 日割り,,0,,0.00
退職日と締め日20日 社会保険料,,0,,0.00
退職時 有給消化 社会保険料,,0,,0.00
退職時 社会保険料 請求,,0,,0.00
退職時 社会保険料2ヶ月分,,0,,0.00
退職月 社会保険料 2ヶ月分,,0,,0.00
退職月 社会保険料 前月分,,0,,0.00
退職月 社会保険料 徴収,,0,,0.00
退職月 社会保険料 徴収された,,0,,0.00
退職月 社会保険料 徴収されたら,,0,,0.00
退職月 社会保険料 支払い義務,,0,,0.00
退職月 社会保険料 末日,,0,,0.00
退職月 社会保険料 自己支払い,,0,,0.00
退職月 社会保険料 賞与,,0,,0.00
退職期間 社会保険料,,0,,0.00
退職等年金掛金 社会保険料,,0,,0.00
退職者 欠勤 給与計算 社会保険料,,0,,0.00
退職者 欠勤 給与計算 社会保険料 2ヶ月,,0,,0.00
退職者 社会保険料 仕訳,,0,,0.00
退職者 社会保険料 計算,,0,,0.00
退職者 社会保険料 請求書,,0,,0.00
退職者 社会保険料2ヵ月分引いた後の源泉額,,0,,0.00
退職者の社会保険料 仕訳,,0,,0.00
退職者の社会保険料を損金,,0,,0.00
退職者の社会保険料を損金で支払う,,0,,0.00
退職金 前払い 社会保険料,,0,,0.00
退職金 社会保険料 かかる,,0,,0.00
退職金 社会保険料 扶養,,0,,0.00
退職金 社会保険料 相殺,,0,,0.00
退職金 社会保険料 計算,,0,,0.00
退職金 社会保険料会社負担,,0,,0.00
退職金 社会保険料預り金,,0,,0.00
退職金にかかる社会保険料,,0,,0.00
退職金は1年ごとの継続雇用 社会保険料は,,0,,0.00
退職金支払時 社会保険料,,0,,0.00
退職金精算 社会保険料,,0,,0.00
途中入社 社会保険料 更新,,0,,0.00
途中入社の社会保険料 厚生年金金額,,0,,0.00
途中退社の社会保険料は,,0,,0.00
途中退職の社会保険料徴収額,,0,,0.00
途中退職者の社会保険料,,0,,0.00
通勤代 社会保険料,,0,,0.00
通勤手当 社会保険料 なぜ,,0,,0.00
通勤手当 社会保険料 定義,,0,,0.00
週21時間勤務で社会保険料が発生するか,,0,,0.00
週払い 社会保険料 同意書,,0,,0.00
遅延金 社会保険料 損金,,0,,0.00
運送業 社会保険料,,0,,0.00
過去 未払い 社会保険料,,0,,0.00
過去 未払い 社会保険料 遡及,,0,,0.00
過去の社会保険料,,0,,0.00
過去の社会保険料 企業に分かる,,0,,0.00
過年度 社会保険料 訂正,,0,,0.00
遡って 社会保険料納付,,0,,0.00
遡及 差額 社会 保険 料,,0,,0.00
遡及支給 社会保険料,,0,,0.00
適応 障害 休職 社会 保険 料,,0,,0.00
適用証明書 社会保険料,,0,,0.00
選択dc 社会保険料,,0,,0.00
選択制確定拠出年金 社会保険料,,0,,0.00
遺族厚生年金 社会保険料,,0,,0.00
遺族厚生年金に社会保険料はかかる,,0,,0.00
遺族年金 税金社会保険料,,0,,0.00
還付申告 控除額 社会保険料,,0,,0.00
還付申請 社会保険料,,0,,0.00
還付金 社会保険料,,0,,0.00
那覇市 社会保険料算定,,0,,0.00
郵便局 バイト 社会保険料,,0,,0.00
郵便局 社会保険料,,0,,0.00
都道府県社会保険料,,0,,0.00
配偶者 介護保険料支払い額 社会保険料,,0,,0.00
配偶者 源泉徴収票 社会保険料,,0,,0.00
配偶者 社会保険料 いくら,,0,,0.00
配偶者 社会保険料 事業主,,0,,0.00
配偶者 社会保険料 事業者負担,,0,,0.00
配偶者 社会保険料 年末調整,,0,,0.00
配偶者 社会保険料 組合,,0,,0.00
配偶者の所得 源泉徴収票 社会保険料,,0,,0.00
配偶者の社会保険料 年末調整,,0,,0.00
配偶者の社会保険料 扶養,,0,,0.00
配偶者の社会保険料を負担 扶養,,0,,0.00
配偶者所得 支払明細 交通費 社会保険料,,0,,0.00
配偶者控除 合計所得金額 社会保険料,,0,,0.00
配偶者控除 所得 社会保険料,,0,,0.00
配偶者控除 県民税 社会保険料,,0,,0.00
配偶者控除 社会保険料 壁,,0,,0.00
配偶者控除 社会保険料 適用外,,0,,0.00
配偶者控除 社会保険料 項目,,0,,0.00
配偶者特別控除 社会保険料 源泉徴収票 見方,,0,,0.00
配偶者特別控除 配偶者の社会保険料,,0,,0.00
金沢 社会保険料,,0,,0.00
金融所得 社会保険料,,0,,0.00
長崎 社会保険料率,,0,,0.00
長崎 職業訓練 6月 社会保険料,,0,,0.00
長崎北年金事務所 社会保険料,,0,,0.00
長期休暇 社会保険料,,0,,0.00
長期出張 外国 社会保険料,,0,,0.00
長期出張 外国 社会保険料 二重払い,,0,,0.00
長野 市 社会 保険 料,,0,,0.00
長野 社会 保険 料 適正 化 相談 センター,,0,,0.00
関東it 社会保険料,,0,,0.00
随時改訂 社会保険料変更,,0,,0.00
障害厚生年金 受給 社会保険料,,0,,0.00
障害基礎年金 所得税 社会保険料,,0,,0.00
障害基礎年金受給者 社会保険料支払い,,0,,0.00
障害年金受給者 社会保険料,,0,,0.00
障害者 社会保険料 安い,,0,,0.00
障害者 社会保険料額表,,0,,0.00
障害者控除 社会保険料,,0,,0.00
障碍者の社会保険料等の計算,,0,,0.00
雇用主が社会保険料を負担,,0,,0.00
雇用主が社会保険料を負担 給与 額,,0,,0.00
雇用保険 社会保険料に含む,,0,,0.00
雇用保険 社会保険料等の金額,,0,,0.00
雇用保険料 社会保険料に含む,,0,,0.00
雇用保険料 計算 社会保険料,,0,,0.00
雇用保険料と社会保険料,,0,,0.00
雑所得 社会保険料 節約,,0,,0.00
離職 社会保険料 再開,,0,,0.00
離職票 賃金額 社会保険料,,0,,0.00
離職証明書 賃金額 社会保険料,,0,,0.00
電子申告 社会保険料等に係る控除証明書等の記載事項,,0,,0.00
電車代 値上げ 社会保険料,,0,,0.00
青色事業専従者 社会保険料,,0,,0.00
青色専従者 社会保険料,,0,,0.00
青色申告 社会保険料 仕分け,,0,,0.00
青色申告 社会保険料 仕訳,,0,,0.00
青色申告 社会保険料 添付用紙,,0,,0.00
青色申告 社会保険料 申告,,0,,0.00
青色申告 自分の社会保険料,,0,,0.00
青色申告 農業 社会保険料 経費,,0,,0.00
青色申告65万円 社会保険料,,0,,0.00
静岡市社会保険料請求書,,0,,0.00
静岡市社会保険料請求書いつ届く,,0,,0.00
静岡市社会保険料請求書い都度と,,0,,0.00
非 居住 者 国内 源泉 所得 社会 保険 料,,0,,0.00
非居住者の社会保険料,,0,,0.00
非常勤の代表取締役の社会保険料,,0,,0.00
非常勤役員の税金 社会保険料,,0,,0.00
非課税世帯 社会保険料,,0,,0.00
非課税世帯 社会保険料 半田市,,0,,0.00
非課税世帯 社会保険料 国民健康保険,,0,,0.00
非課税世帯 社会保険料 減免,,0,,0.00
非課税通勤費 社会保険料,,0,,0.00
非課税通勤費は社会保険料に含まない,,0,,0.00
非課税金額 社会保険料,,0,,0.00
面接 社会保険料,,0,,0.00
預り金 社会保険料,,0,,0.00
預り金 社会保険料 内訳書,,0,,0.00
預り金 社会保険料 計上漏れ,,0,,0.00
預金 出納 帳 社会 保険 料,,0,,0.00
額面 20万 社会保険料,,0,,0.00
額面30万 社会保険料,,0,,0.00
額面850 社会保険料,,0,,0.00
食事補助 社会保険料,,0,,0.00
食事補助手当 一律 社会保険料,,0,,0.00
食事補助手当 社会保険料,,0,,0.00
餅代 社会保険料,,0,,0.00
養老 保険 社会 保険 料 削減,,0,,0.00
養老保険 社会保険料削減,,0,,0.00
香川 社会保険料,,0,,0.00
香川県 社会保険料率,,0,,0.00
高すぎる社会保険料に困っていませんか,,0,,0.00
高すぎる社会保険料に困っていませんか135000事業所が滞納,,0,,0.00
高卒採用 初任給 社会保険料,,0,,0.00
高松市 社会保険料 画定申告,,0,,0.00
高松市 社会保険料 確定申告,,0,,0.00
高額医療費 あとから申請 社会保険料,,0,,0.00
高額賞与 社会保険料,,0,,0.00
高齢者 社会保険料 かかる,,0,,0.00
高齢者 社会保険料 無駄,,0,,0.00
高齢者 社会保険料 申告 計算,,0,,0.00
高齢者 社会保険料 計算,,0,,0.00
高齢者雇用の社会保険料,,0,,0.00
鬱 社会保険料,,0,,0.00
魔法陣 源泉徴収票 社会保険料 内訳,,0,,0.00
鳥取 社会保険料,,0,,0.00
