keyword,volume,kd,intent,cpc,seed
ふるさと 納税 年末 調整,14800,24.0,Informational,N/A,年末調整 2026-07-08
年末 調整 ふるさと 納税,14800,25.0,Informational,N/A,年末調整 2026-07-08
年末 調整 還付 金 いつ,14800,27.0,Informational,N/A,年末調整 2026-07-08
イデコ 年末 調整,12100,27.0,Informational,N/A,年末調整 2026-07-08
年末 調整 保険 料 控除 書き方,12100,19.0,Informational,N/A,年末調整 2026-07-08
タイミー 確定 申告,12100,23.0,Informational,N/A,確定申告 2026-07-08
確定 申告 しない と どうなる,12100,29.0,Informational,N/A,確定申告 2026-07-08
準 確定 申告 と は,9900,19.0,Informational,N/A,確定申告 2026-07-08
パート 社会 保険 料,9900,30.0,Informational,N/A,社会保険料 2026-07-08
社会 保険 料 パート,9900,28.0,Informational,N/A,社会保険料 2026-07-08
社会 保険 料 賞与,9900,28.0,Informational,N/A,社会保険料 2026-07-08
賞与 の 社会 保険 料,9900,27.0,Informational,N/A,社会保険料 2026-07-08
賞与 社会 保険 料,9900,29.0,Informational,N/A,社会保険料 2026-07-08
年末 調整 火災 保険,8100,19.0,Informational,N/A,年末調整 2026-07-08
年末調整 還付金 早見表,8100,28.0,Informational,N/A,年末調整 2026-07-08
火災 保険 年末 調整,8100,18.0,Informational,N/A,年末調整 2026-07-08
住民 税 確定 申告,8100,29.0,Informational,N/A,確定申告 2026-07-08
個人 年金 確定 申告,8100,21.0,Informational,N/A,確定申告 2026-07-08
社会 保険 料 4 月 から 6 月,8100,21.0,Informational,N/A,社会保険料 2026-07-08
ダブル ワーク 年末 調整,6600,26.0,Informational,N/A,年末調整 2026-07-08
国民 健康 保険 年末 調整,6600,23.0,Informational,N/A,年末調整 2026-07-08
年末 調整 国民 健康 保険,6600,20.0,Informational,N/A,年末調整 2026-07-08
社会 保険 料 控除 年末 調整,6600,30.0,Informational,N/A,年末調整 2026-07-08
アルバイト 確定 申告,6600,26.0,Informational,N/A,確定申告 2026-07-08
メルカリ 確定 申告,6600,23.0,Informational,N/A,確定申告 2026-07-08
生命 保険 料 控除 確定 申告,6600,25.0,Informational,N/A,確定申告 2026-07-08
確定 申告 税理士 費用,6600,18.0,Informational,N/A,確定申告 2026-07-08
税理士 確定 申告 費用,6600,22.0,Informational,N/A,確定申告 2026-07-08
社会保険料 計算 シュミレーション 2023,6600,26.0,Commercial,N/A,社会保険料 2026-07-08
地震 保険 年末 調整,5400,25.0,Informational,N/A,年末調整 2026-07-08
年末 調整 しない と どうなる,5400,23.0,Informational,N/A,年末調整 2026-07-08
県民 共済 年末 調整,5400,18.0,Informational,N/A,年末調整 2026-07-08
nisa 確定 申告,5400,22.0,Informational,N/A,確定申告 2026-07-08
国民 健康 保険 確定 申告,5400,19.0,Informational,N/A,確定申告 2026-07-08
確定 申告 国民 健康 保険,5400,20.0,Informational,N/A,確定申告 2026-07-08
社会 保険 料 等級,5400,29.0,Navigational,N/A,社会保険料 2026-07-08
e 革新 年末 調整,4400,23.0,Navigational,N/A,年末調整 2026-07-08
ideco 年末 調整,4400,29.0,Informational,N/A,年末調整 2026-07-08
バイト 年末 調整,4400,24.0,Informational,N/A,年末調整 2026-07-08
バイト 掛け持ち 年末 調整,4400,29.0,Informational,N/A,年末調整 2026-07-08
パート 年末 調整,4400,28.0,Informational,N/A,年末調整 2026-07-08
年末 調整 いつ 戻る,4400,27.0,Informational,N/A,年末調整 2026-07-08
年末 調整 いつ 返っ て くる,4400,25.0,Informational,N/A,年末調整 2026-07-08
年末 調整 と は パート,4400,29.0,Informational,N/A,年末調整 2026-07-08
年末 調整 バイト,4400,20.0,Informational,N/A,年末調整 2026-07-08
年末 調整 パート,4400,28.0,Informational,N/A,年末調整 2026-07-08
年末 調整 書き方 生命 保険,4400,19.0,Informational,N/A,年末調整 2026-07-08
年末 調整 生命 保険 書き方,4400,28.0,Informational,N/A,年末調整 2026-07-08
生命 保険 料 控除 年末 調整,4400,30.0,Informational,N/A,年末調整 2026-07-08
退職 金 年末 調整,4400,25.0,Informational,N/A,年末調整 2026-07-08
不動産 売却 確定 申告,4400,26.0,Informational,N/A,確定申告 2026-07-08
年金 を もらい ながら 働く 確定 申告,4400,22.0,Informational,N/A,確定申告 2026-07-08
業務 委託 確定 申告,4400,21.0,Informational,N/A,確定申告 2026-07-08
無職 確定 申告,4400,29.0,Informational,N/A,確定申告 2026-07-08
確定 申告 医療 費 控除 いくら から,4400,29.0,Informational,N/A,確定申告 2026-07-08
確定申告 間違い 連絡くる,4400,12.0,Informational,N/A,確定申告 2026-07-08
年末 調整 日本 生命,3600,25.0,Navigational,N/A,年末調整 2026-07-08
年末 調整 確定 申告 違い,3600,26.0,Informational,N/A,年末調整 2026-07-08
年末 調整 第 一 生命,3600,25.0,Navigational,N/A,年末調整 2026-07-08
日本 生命 年末 調整,3600,30.0,Navigational,N/A,年末調整 2026-07-08
第 一 生命 年末 調整,3600,26.0,Navigational,N/A,年末調整 2026-07-08
個人 年金 税金 計算 シュミレーション,3600,21.0,Informational,N/A,税金計算 2026-07-07
介護 保険 料 の 確定 申告,3600,28.0,Informational,N/A,確定申告 2026-07-08
介護 保険 料 確定 申告,3600,29.0,Informational,N/A,確定申告 2026-07-08
確定 申告 不動産 所得,3600,19.0,Informational,N/A,確定申告 2026-07-08
確定 申告 介護 保険 料,3600,29.0,Informational,N/A,確定申告 2026-07-08
確定 申告 遅れ た 場合,3600,19.0,Informational,N/A,確定申告 2026-07-08
確定申告いつまで 2022 延長,3600,28.0,Informational,N/A,確定申告 2026-07-08
休職 中 社会 保険 料,3600,15.0,Informational,N/A,社会保険料 2026-07-08
社会 保険 料 とは,3600,30.0,Informational,N/A,社会保険料 2026-07-08
賞与 社会 保険 料 計算,3600,26.0,Informational,N/A,社会保険料 2026-07-08
ideco 年末 調整 証明 書,2900,24.0,Informational,N/A,年末調整 2026-07-08
nisa 年末 調整,2900,19.0,Informational,N/A,年末調整 2026-07-08
アルバイト 年末 調整,2900,20.0,Informational,N/A,年末調整 2026-07-08
前 職 源泉 徴収 票 年末 調整,2900,26.0,Informational,N/A,年末調整 2026-07-08
学資 保険 年末 調整,2900,18.0,Informational,N/A,年末調整 2026-07-08
年末 調整 いくら 戻る,2900,17.0,Informational,N/A,年末調整 2026-07-08
年末 調整 いくら 返っ て くる,2900,26.0,Informational,N/A,年末調整 2026-07-08
年末 調整 いつから いつまで,2900,29.0,Informational,N/A,年末調整 2026-07-08
年末 調整 前 職 の 源泉 徴収 票,2900,30.0,Informational,N/A,年末調整 2026-07-08
年末 調整 前 職 源泉 徴収 票,2900,28.0,Informational,N/A,年末調整 2026-07-08
年末 調整 源泉 徴収 票 前 職,2900,28.0,Informational,N/A,年末調整 2026-07-08
年末 調整 育休 中,2900,18.0,Informational,N/A,年末調整 2026-07-08
年末 調整 転職,2900,27.0,Informational,N/A,年末調整 2026-07-08
年末調整 2021,2900,19.0,Informational,N/A,年末調整 2026-07-08
育休 中 年末 調整,2900,18.0,Informational,N/A,年末調整 2026-07-08
転職 年末 調整,2900,23.0,Informational,N/A,年末調整 2026-07-08
ボーナス 税金 計算,2900,28.0,Informational,N/A,税金計算 2026-07-07
アルバイト 確定 申告 やり方,2900,30.0,Informational,N/A,確定申告 2026-07-08
保険 金 確定 申告,2900,24.0,Informational,N/A,確定申告 2026-07-08
副業 確定 申告 バレ ない 方法,2900,19.0,Informational,N/A,確定申告 2026-07-08
家賃 収入 確定 申告,2900,19.0,Informational,N/A,確定申告 2026-07-08
年金をもらいながら働く 確定申告 しない と どうなる,2900,24.0,Informational,N/A,確定申告 2026-07-08
株 の 配当 金 確定 申告,2900,28.0,Informational,N/A,確定申告 2026-07-08
株 配当 金 確定 申告,2900,30.0,Informational,N/A,確定申告 2026-07-08
確定 申告 し なく て いい 人,2900,26.0,Informational,N/A,確定申告 2026-07-08
確定 申告 アルバイト,2900,22.0,Informational,N/A,確定申告 2026-07-08
確定 申告 バイト,2900,25.0,Informational,N/A,確定申告 2026-07-08
確定 申告 住宅 ローン 控除,2900,29.0,Informational,N/A,確定申告 2026-07-08
確定 申告 弥生,2900,29.0,Navigational,N/A,確定申告 2026-07-08
確定 申告 期間 過ぎ たら,2900,30.0,Informational,N/A,確定申告 2026-07-08
確定 申告 源泉 徴収 票 ない,2900,27.0,Informational,N/A,確定申告 2026-07-08
確定 申告 社会 保険 料 控除,2900,28.0,Informational,N/A,確定申告 2026-07-08
給与 年金 確定 申告,2900,29.0,Informational,N/A,確定申告 2026-07-08
4月から6月 社会保険料 シミュレーション,2900,25.0,Informational,N/A,社会保険料 2026-07-08
社会 保険 料 の 決め方,2900,23.0,Informational,N/A,社会保険料 2026-07-08
賞与 社会保険料 計算 シュミレーション 2021,2900,22.0,Informational,N/A,社会保険料 2026-07-08
コープ 共済 年末 調整,2400,22.0,"Informational, Navigational",N/A,年末調整 2026-07-08
住友 生命 年末 調整,2400,25.0,Navigational,N/A,年末調整 2026-07-08
個人 事業 主 年末 調整,2400,23.0,Informational,N/A,年末調整 2026-07-08
個人 年金 年末 調整,2400,27.0,Informational,N/A,年末調整 2026-07-08
国民 健康 保険 年末 調整 書き方,2400,26.0,Informational,N/A,年末調整 2026-07-08
年末 調整 と は バイト,2400,20.0,Informational,N/A,年末調整 2026-07-08
年末 調整 コープ 共済,2400,24.0,Navigational,N/A,年末調整 2026-07-08
年末 調整 住友 生命,2400,23.0,"Informational, Navigational",N/A,年末調整 2026-07-08
年末 調整 保険 料 控除 計算,2400,30.0,Informational,N/A,年末調整 2026-07-08
年末 調整 個人 事業 主,2400,23.0,Informational,N/A,年末調整 2026-07-08
年末 調整 個人 番号 と は,2400,20.0,Informational,N/A,年末調整 2026-07-08
年末 調整 書き方 国民 健康 保険,2400,24.0,Informational,N/A,年末調整 2026-07-08
年末 調整 県民 共済 書き方,2400,19.0,Informational,N/A,年末調整 2026-07-08
年末 調整 確定 申告 両方,2400,25.0,Informational,N/A,年末調整 2026-07-08
年末 調整 還付 金 と は,2400,28.0,Informational,N/A,年末調整 2026-07-08
年末 調整 還付 金 平均,2400,27.0,Informational,N/A,年末調整 2026-07-08
年末 調整 間違え た 場合,2400,19.0,Informational,N/A,年末調整 2026-07-08
年末調整 還付金 もらえない人,2400,20.0,Informational,N/A,年末調整 2026-07-08
明治 安田 生命 年末 調整,2400,24.0,Navigational,N/A,年末調整 2026-07-08
県民 共済 年末 調整 書き方,2400,17.0,Informational,N/A,年末調整 2026-07-08
確定 申告 年末 調整 両方,2400,24.0,Informational,N/A,年末調整 2026-07-08
バイト 確定 申告,2400,22.0,Informational,N/A,確定申告 2026-07-08
フリーター 確定 申告,2400,23.0,Informational,N/A,確定申告 2026-07-08
住宅 ローン 確定 申告 必要 書類,2400,29.0,Informational,N/A,確定申告 2026-07-08
住宅ローン控除 確定申告 書き方 1年目,2400,30.0,Informational,N/A,確定申告 2026-07-08
失業 保険 確定 申告,2400,15.0,Informational,N/A,確定申告 2026-07-08
市 県民 税 確定 申告,2400,28.0,Informational,N/A,確定申告 2026-07-08
市民 税 確定 申告,2400,30.0,Informational,N/A,確定申告 2026-07-08
年金 受給 者 確定 申告 医療 費 控除,2400,18.0,Informational,N/A,確定申告 2026-07-08
年金 受給 者 確定 申告 必要 な 人,2400,30.0,Informational,N/A,確定申告 2026-07-08
準 確定 申告 期限,2400,18.0,Informational,N/A,確定申告 2026-07-08
生命 保険 確定 申告,2400,30.0,Informational,N/A,確定申告 2026-07-08
確定 申告 やら ない と どうなる,2400,28.0,Informational,N/A,確定申告 2026-07-08
確定 申告 を 忘れ た 場合,2400,30.0,Informational,N/A,確定申告 2026-07-08
確定 申告 固定 資産 税,2400,27.0,Informational,N/A,確定申告 2026-07-08
確定 申告 市 県民 税,2400,28.0,Informational,N/A,確定申告 2026-07-08
確定 申告 忘れ た 場合,2400,14.0,Informational,N/A,確定申告 2026-07-08
確定 申告 期限 が 過ぎ たら,2400,27.0,Informational,N/A,確定申告 2026-07-08
確定 申告 期限 過ぎ たら,2400,28.0,Informational,N/A,確定申告 2026-07-08
確定 申告 還付 金 計算 シュミレーション,2400,23.0,Informational,N/A,確定申告 2026-07-08
確定 申告 高額 医療 費,2400,24.0,Informational,N/A,確定申告 2026-07-08
確定申告 戻ってくるお金 どれくらい,2400,25.0,Informational,N/A,確定申告 2026-07-08
月 の 途中 で 退職 社会 保険 料,2400,15.0,Informational,N/A,社会保険料 2026-07-08
社会 保険 料 と は わかり やすく,2400,27.0,Informational,N/A,社会保険料 2026-07-08
社会 保険 料 会社 負担,2400,15.0,Informational,N/A,社会保険料 2026-07-08
社会 保険 料 計算 ツール,2400,21.0,Informational,N/A,社会保険料 2026-07-08
社会 保険 料 高 すぎる,2400,16.0,Informational,N/A,社会保険料 2026-07-08
社会保険料 計算 シュミレーション 2021,2400,26.0,Informational,N/A,社会保険料 2026-07-08
ideco 年末 調整 書き方,1900,24.0,Informational,N/A,年末調整 2026-07-08
オフィス ステーション 年末 調整,1900,23.0,Navigational,N/A,年末調整 2026-07-08
パート 主婦 年末 調整 書き方,1900,26.0,Informational,N/A,年末調整 2026-07-08
主婦 パート 年末 調整 書き方,1900,29.0,Informational,N/A,年末調整 2026-07-08
介護 保険 料 年末 調整,1900,18.0,Informational,N/A,年末調整 2026-07-08
令和5年 年末調整,1900,30.0,"Informational, Transactional",N/A,年末調整 2026-07-08
住民 税 年末 調整,1900,26.0,Informational,N/A,年末調整 2026-07-08
地震 保険 年末 調整 書き方,1900,18.0,Informational,N/A,年末調整 2026-07-08
年末 調整 ideco,1900,26.0,Informational,N/A,年末調整 2026-07-08
年末 調整 いつまで 提出,1900,28.0,Informational,N/A,年末調整 2026-07-08
年末 調整 で 戻っ て くる 金額,1900,29.0,Informational,N/A,年末調整 2026-07-08
年末 調整 やら ない と どうなる,1900,17.0,Informational,N/A,年末調整 2026-07-08
年末 調整 アルバイト,1900,19.0,Informational,N/A,年末調整 2026-07-08
年末 調整 介護 保険 料,1900,19.0,Informational,N/A,年末調整 2026-07-08
年末 調整 会社 に 提出 する 書類,1900,21.0,Informational,N/A,年末調整 2026-07-08
年末 調整 住宅 ローン 控除 2 年 目,1900,27.0,Informational,N/A,年末調整 2026-07-08
年末 調整 住民 税,1900,23.0,Informational,N/A,年末調整 2026-07-08
年末 調整 保険 料 控除 戻っ て くる 金額,1900,18.0,Informational,N/A,年末調整 2026-07-08
年末 調整 地震 保険 書き方,1900,15.0,Informational,N/A,年末調整 2026-07-08
年末 調整 戻っ て くる 金額,1900,25.0,Informational,N/A,年末調整 2026-07-08
年末 調整 書き方 地震 保険,1900,16.0,Informational,N/A,年末調整 2026-07-08
年末 調整 源泉 徴収 票 ない,1900,29.0,Informational,N/A,年末調整 2026-07-08
年末 調整 生命 保険 料 控除 書き方,1900,27.0,Informational,N/A,年末調整 2026-07-08
年末 調整 訂正 の 仕方,1900,25.0,Informational,N/A,年末調整 2026-07-08
年末 調整 退職 者,1900,27.0,Informational,N/A,年末調整 2026-07-08
年末 調整 還付 金 多 すぎる,1900,20.0,Informational,N/A,年末調整 2026-07-08
年末調整 いくら戻ってくる 計算,1900,18.0,Informational,N/A,年末調整 2026-07-08
年末調整 還付金 計算 シュミレーション 2021,1900,23.0,Informational,N/A,年末調整 2026-07-08
扶養 内 パート 年末 調整,1900,27.0,Informational,N/A,年末調整 2026-07-08
確定 拠出 年金 年末 調整,1900,26.0,Informational,N/A,年末調整 2026-07-08
株 税金 計算,1900,25.0,Informational,N/A,税金計算 2026-07-07
ニーサ 確定 申告,1900,20.0,Informational,N/A,確定申告 2026-07-08
パート 確定 申告,1900,29.0,Informational,N/A,確定申告 2026-07-08
不動産 売却 確定 申告 必要 書類,1900,20.0,Informational,N/A,確定申告 2026-07-08
企業 年金 確定 申告,1900,20.0,Informational,N/A,確定申告 2026-07-08
医療 費 控除 確定 申告 ふるさと 納税,1900,25.0,Informational,N/A,確定申告 2026-07-08
国民 健康 保険 料 確定 申告,1900,20.0,Informational,N/A,確定申告 2026-07-08
支払 調書 確定 申告,1900,29.0,Informational,N/A,確定申告 2026-07-08
株 配当 確定 申告,1900,29.0,Informational,N/A,確定申告 2026-07-08
株式 譲渡 益 確定 申告,1900,25.0,Informational,N/A,確定申告 2026-07-08
確定 申告 と は アルバイト,1900,30.0,Informational,N/A,確定申告 2026-07-08
確定 申告 ふるさと 納税 医療 費 控除,1900,24.0,Informational,N/A,確定申告 2026-07-08
確定 申告 住宅 ローン 初 年度 必要 書類,1900,27.0,Informational,N/A,確定申告 2026-07-08
確定 申告 医療 費 控除 ふるさと 納税,1900,16.0,Informational,N/A,確定申告 2026-07-08
確定 申告 書類 保存 期間,1900,19.0,Informational,N/A,確定申告 2026-07-08
確定 申告 無職,1900,29.0,Informational,N/A,確定申告 2026-07-08
確定 申告 税理士,1900,12.0,Informational,N/A,確定申告 2026-07-08
確定 申告 訂正,1900,29.0,Informational,N/A,確定申告 2026-07-08
確定 申告 遅れ た 場合 どこ,1900,23.0,Informational,N/A,確定申告 2026-07-08
確定 申告 障害 年金,1900,6.0,Informational,N/A,確定申告 2026-07-08
確定 申告 障害 者 控除,1900,19.0,Informational,N/A,確定申告 2026-07-08
確定 申告 領収 書,1900,28.0,Informational,N/A,確定申告 2026-07-08
確定申告 令和3年分 いつから,1900,26.0,Informational,N/A,確定申告 2026-07-08
確定申告 引き落とし日 2022,1900,5.0,"Informational, Transactional",N/A,確定申告 2026-07-08
確定申告 還付金 計算 シュミレーション 2020,1900,29.0,Informational,N/A,確定申告 2026-07-08
確定申告期限 2021,1900,23.0,Informational,N/A,確定申告 2026-07-08
障害 年金 確定 申告,1900,7.0,Informational,N/A,確定申告 2026-07-08
4 月 から 6 月 社会 保険 料,1900,18.0,Informational,N/A,社会保険料 2026-07-08
ボーナス 社会 保険 料,1900,29.0,Informational,N/A,社会保険料 2026-07-08
社会 保険 料 おかしい,1900,19.0,Informational,N/A,社会保険料 2026-07-08
社会 保険 料 ボーナス,1900,19.0,Informational,N/A,社会保険料 2026-07-08
社会 保険 料 内訳,1900,22.0,Informational,N/A,社会保険料 2026-07-08
社会 保険 料 通勤 手当,1900,20.0,Informational,N/A,社会保険料 2026-07-08
通勤 手当 社会 保険 料,1900,17.0,Informational,N/A,社会保険料 2026-07-08
11 月 退職 年末 調整,1600,17.0,Informational,N/A,年末調整 2026-07-08
12 月 退職 年末 調整,1600,18.0,Informational,N/A,年末調整 2026-07-08
収入 金額 と 所得 金額 の 違い 年末 調整,1600,30.0,Informational,N/A,年末調整 2026-07-08
国民 年金 学生 親 が 払う 年末 調整 書き方,1600,23.0,Informational,N/A,年末調整 2026-07-08
年末 調整 11 月 退職,1600,18.0,Informational,N/A,年末調整 2026-07-08
年末 調整 ja 共済,1600,29.0,Navigational,N/A,年末調整 2026-07-08
年末 調整 いつ 戻っ て くる,1600,27.0,Informational,N/A,年末調整 2026-07-08
年末 調整 しない で 確定 申告,1600,28.0,Informational,N/A,年末調整 2026-07-08
年末 調整 で 必要 な もの,1600,30.0,Informational,N/A,年末調整 2026-07-08
年末 調整 と 確定 申告 の 違い,1600,29.0,Informational,N/A,年末調整 2026-07-08
年末 調整 保険 料 控除 ハガキ,1600,17.0,Informational,N/A,年末調整 2026-07-08
年末 調整 収入 金額 交通 費,1600,30.0,Informational,N/A,年末調整 2026-07-08
年末 調整 書き方 独身,1600,25.0,Informational,N/A,年末調整 2026-07-08
年末 調整 期間,1600,29.0,Informational,N/A,年末調整 2026-07-08
年末 調整 甲乙,1600,25.0,Informational,N/A,年末調整 2026-07-08
年末 調整 都民 共済,1600,25.0,"Informational, Navigational",N/A,年末調整 2026-07-08
年末調整 2023,1600,27.0,"Informational, Transactional",N/A,年末調整 2026-07-08
年末調整 会社がやってくれる場合,1600,24.0,Informational,N/A,年末調整 2026-07-08
年末調整 配偶者 収入見込み わからない,1600,25.0,Informational,N/A,年末調整 2026-07-08
自動車 保険 年末 調整,1600,19.0,Informational,N/A,年末調整 2026-07-08
都民 共済 年末 調整,1600,18.0,Navigational,N/A,年末調整 2026-07-08
ふるさと 納税 確定 申告 忘れ た,1600,22.0,Informational,N/A,確定申告 2026-07-08
アルバイト 掛け持ち 確定 申告,1600,30.0,Informational,N/A,確定申告 2026-07-08
不動産 収入 確定 申告,1600,24.0,Informational,N/A,確定申告 2026-07-08
亡くなっ た 人 の 確定 申告,1600,14.0,Informational,N/A,確定申告 2026-07-08
亡くなっ た 人 確定 申告,1600,22.0,Informational,N/A,確定申告 2026-07-08
個人年金 雑所得 確定申告 不要,1600,27.0,Informational,N/A,確定申告 2026-07-08
医療 費 の お知らせ 確定 申告,1600,20.0,Informational,N/A,確定申告 2026-07-08
医療費控除 確定申告 いつまで 2023,1600,30.0,Informational,N/A,確定申告 2026-07-08
家 を 売却 確定 申告,1600,24.0,Informational,N/A,確定申告 2026-07-08
家 売却 確定 申告,1600,29.0,Informational,N/A,確定申告 2026-07-08
屋号 と は 確定 申告,1600,19.0,Informational,N/A,確定申告 2026-07-08
屋号 確定 申告,1600,15.0,Informational,N/A,確定申告 2026-07-08
市役所 確定 申告,1600,22.0,Informational,N/A,確定申告 2026-07-08
年金受給者 確定申告 損,1600,24.0,Informational,N/A,確定申告 2026-07-08
投資 信託 確定 申告,1600,24.0,Informational,N/A,確定申告 2026-07-08
株 確定 申告 いくら から,1600,29.0,Informational,N/A,確定申告 2026-07-08
火災 保険 確定 申告,1600,18.0,Informational,N/A,確定申告 2026-07-08
確定 申告 しない と いけない 人,1600,25.0,Informational,N/A,確定申告 2026-07-08
確定 申告 アルバイト 掛け持ち,1600,28.0,Informational,N/A,確定申告 2026-07-08
確定 申告 代理,1600,30.0,Informational,N/A,確定申告 2026-07-08
確定 申告 修正 申告 やり方,1600,30.0,Informational,N/A,確定申告 2026-07-08
確定 申告 封筒 書き方,1600,25.0,Informational,N/A,確定申告 2026-07-08
確定 申告 投資 信託,1600,19.0,Informational,N/A,確定申告 2026-07-08
確定 申告 提出 先,1600,28.0,Informational,N/A,確定申告 2026-07-08
確定 申告 還付 金 遅い,1600,30.0,Informational,N/A,確定申告 2026-07-08
確定申告 いつまで 2021 延長,1600,13.0,Informational,N/A,確定申告 2026-07-08
確定申告 マイナンバーカードなし 2022,1600,29.0,Informational,N/A,確定申告 2026-07-08
確定申告 期限 2021,1600,24.0,Informational,N/A,確定申告 2026-07-08
確定申告 間違い 指摘されない,1600,11.0,Informational,N/A,確定申告 2026-07-08
確定申告いつまで 2022,1600,21.0,Informational,N/A,確定申告 2026-07-08
社会 保険 料 と は 国民 健康 保険,1600,30.0,Informational,N/A,社会保険料 2026-07-08
社会 保険 料 勘定 科目,1600,26.0,Informational,N/A,社会保険料 2026-07-08
社会 保険 料 国民 健康 保険,1600,26.0,Informational,N/A,社会保険料 2026-07-08
社会 保険 料 国民 年金 保険 料 控除 証明 書,1600,29.0,Informational,N/A,社会保険料 2026-07-08
社会 保険 料 額 表,1600,24.0,Navigational,N/A,社会保険料 2026-07-08
ふるさと 納税 年末 調整 ワンス トップ,1300,21.0,Informational,N/A,年末調整 2026-07-08
ニーサ 年末 調整,1300,24.0,Informational,N/A,年末調整 2026-07-08
保険 の 種類 年末 調整,1300,27.0,Informational,N/A,年末調整 2026-07-08
保険 種類 年末 調整,1300,27.0,Informational,N/A,年末調整 2026-07-08
国保 年末 調整,1300,23.0,Informational,N/A,年末調整 2026-07-08
国民 健康 保険 年末 調整 証明 書,1300,19.0,Informational,N/A,年末調整 2026-07-08
国民 健康 保険 証明 書 年末 調整,1300,28.0,Informational,N/A,年末調整 2026-07-08
国民 共済 年末 調整,1300,29.0,Navigational,N/A,年末調整 2026-07-08
地震 保険 料 控除 年末 調整,1300,23.0,Informational,N/A,年末調整 2026-07-08
失業 保険 年末 調整,1300,23.0,Informational,N/A,年末調整 2026-07-08
定額減税 年末調整 引ききれない,1300,29.0,Informational,N/A,年末調整 2026-07-08
年末 調整 ideco 書き方,1300,26.0,Informational,N/A,年末調整 2026-07-08
年末 調整 いくら 戻っ て くる,1300,21.0,Informational,N/A,年末調整 2026-07-08
年末 調整 で いくら 戻っ て くる,1300,24.0,Informational,N/A,年末調整 2026-07-08
年末 調整 で 返っ て くる 金額,1300,19.0,Informational,N/A,年末調整 2026-07-08
年末 調整 どのくらい 戻っ て くる,1300,23.0,Informational,N/A,年末調整 2026-07-08
年末 調整 ダブル ワーク,1300,28.0,Informational,N/A,年末調整 2026-07-08
年末 調整 世帯 主 と は,1300,21.0,Informational,N/A,年末調整 2026-07-08
年末 調整 交通 費,1300,30.0,Informational,N/A,年末調整 2026-07-08
年末 調整 介護 保険 料 控除,1300,22.0,Informational,N/A,年末調整 2026-07-08
年末 調整 住所,1300,25.0,Informational,N/A,年末調整 2026-07-08
年末 調整 保険 種類,1300,29.0,Informational,N/A,年末調整 2026-07-08
年末 調整 医療 費,1300,29.0,Informational,N/A,年末調整 2026-07-08
年末 調整 国民 健康 保険 証明 書,1300,18.0,Informational,N/A,年末調整 2026-07-08
年末 調整 地震 保険 料 控除,1300,23.0,Informational,N/A,年末調整 2026-07-08
年末 調整 帰っ て くる 金額,1300,25.0,Informational,N/A,年末調整 2026-07-08
年末 調整 扶養 内 パート,1300,26.0,Informational,N/A,年末調整 2026-07-08
年末 調整 掛け持ち,1300,28.0,Informational,N/A,年末調整 2026-07-08
年末 調整 掛け持ち 少ない 方,1300,19.0,Informational,N/A,年末調整 2026-07-08
年末 調整 新卒,1300,22.0,Informational,N/A,年末調整 2026-07-08
年末 調整 書き方 日本 生命,1300,23.0,Navigational,N/A,年末調整 2026-07-08
年末 調整 退職 所得,1300,25.0,Informational,N/A,年末調整 2026-07-08
年末調整 令和3年 変更点,1300,11.0,Informational,N/A,年末調整 2026-07-08
年末調整 定額減税 引ききれない,1300,28.0,Informational,N/A,年末調整 2026-07-08
年末調整とは いつからいつまで,1300,30.0,Informational,N/A,年末調整 2026-07-08
扶養 内 年末 調整,1300,23.0,Informational,N/A,年末調整 2026-07-08
掛け持ち 年末 調整,1300,27.0,Informational,N/A,年末調整 2026-07-08
日本 生命 年末 調整 書き方,1300,27.0,Navigational,N/A,年末調整 2026-07-08
確定 申告 と 年末 調整 の 違い,1300,29.0,Informational,N/A,年末調整 2026-07-08
育休 年末 調整,1300,15.0,Informational,N/A,年末調整 2026-07-08
退職 所得 年末 調整,1300,26.0,Informational,N/A,年末調整 2026-07-08
不動産 売却 税金 計算,1300,25.0,Informational,N/A,税金計算 2026-07-07
e tax 準 確定 申告,1300,30.0,"Informational, Transactional",N/A,確定申告 2026-07-08
スキマバイト 確定申告,1300,16.0,Informational,N/A,確定申告 2026-07-08
ダブルワーク 確定申告 バレない,1300,18.0,Informational,N/A,確定申告 2026-07-08
パチンコ 確定 申告,1300,22.0,Informational,N/A,確定申告 2026-07-08
ポイ 活 確定 申告,1300,30.0,Informational,N/A,確定申告 2026-07-08
マイナンバーカード 確定申告 デメリット,1300,22.0,Informational,N/A,確定申告 2026-07-08
メルカリ 売上 確定 申告,1300,20.0,Informational,N/A,確定申告 2026-07-08
レシート 確定 申告,1300,19.0,Informational,N/A,確定申告 2026-07-08
不動産 取得 税 確定 申告,1300,19.0,Informational,N/A,確定申告 2026-07-08
住宅ローン控除 確定申告 書き方 2年目,1300,27.0,Informational,N/A,確定申告 2026-07-08
住民 税 控除 確定 申告,1300,27.0,Informational,N/A,確定申告 2026-07-08
保険 解約 返戻 金 確定 申告,1300,22.0,Informational,N/A,確定申告 2026-07-08
個人 年金 確定 申告 必要 か,1300,22.0,Informational,N/A,確定申告 2026-07-08
健康 保険 料 確定 申告,1300,26.0,Informational,N/A,確定申告 2026-07-08
医療 費 控除 確定 申告 エクセル,1300,24.0,"Informational, Transactional",N/A,確定申告 2026-07-08
医療 費 確定 申告 いつ,1300,21.0,Informational,N/A,確定申告 2026-07-08
医療 費 確定 申告 いつまで,1300,29.0,Informational,N/A,確定申告 2026-07-08
医療費控除 確定申告 いつまで 2022,1300,24.0,Informational,N/A,確定申告 2026-07-08
単発 バイト 確定 申告,1300,17.0,Informational,N/A,確定申告 2026-07-08
国保 確定 申告,1300,20.0,Informational,N/A,確定申告 2026-07-08
土地 売却 確定 申告 必要 書類,1300,29.0,Informational,N/A,確定申告 2026-07-08
失業 手当 確定 申告,1300,14.0,Informational,N/A,確定申告 2026-07-08
年金 生活 者 支援 給付 金 確定 申告,1300,27.0,Informational,N/A,確定申告 2026-07-08
株 売却 確定 申告,1300,24.0,Informational,N/A,確定申告 2026-07-08
死亡 保険 金 確定 申告 不要,1300,16.0,Informational,N/A,確定申告 2026-07-08
死亡 保険 金 確定 申告 必要 か,1300,16.0,Informational,N/A,確定申告 2026-07-08
満期 保険 金 確定 申告 不要,1300,24.0,Informational,N/A,確定申告 2026-07-08
源泉 徴収 票 が ない 場合 の 確定 申告,1300,27.0,Informational,N/A,確定申告 2026-07-08
準 確定 申告 e tax,1300,28.0,Informational,N/A,確定申告 2026-07-08
準 確定 申告 不要,1300,15.0,Informational,N/A,確定申告 2026-07-08
準 確定 申告 必要 な 人,1300,18.0,Informational,N/A,確定申告 2026-07-08
為替 差益 確定 申告,1300,25.0,Informational,N/A,確定申告 2026-07-08
無 収入 確定 申告,1300,27.0,Informational,N/A,確定申告 2026-07-08
特定口座 源泉徴収あり 確定申告 デメリット,1300,29.0,Informational,N/A,確定申告 2026-07-08
生命 保険 控除 確定 申告,1300,30.0,Informational,N/A,確定申告 2026-07-08
確定 申告 いつから 医療 費,1300,28.0,Informational,N/A,確定申告 2026-07-08
確定 申告 いつまで 医療 費,1300,29.0,Informational,N/A,確定申告 2026-07-08
確定 申告 やり直し,1300,29.0,Informational,N/A,確定申告 2026-07-08
確定 申告 レシート,1300,14.0,Informational,N/A,確定申告 2026-07-08
確定 申告 住宅 ローン 控除 初 年度,1300,23.0,Informational,N/A,確定申告 2026-07-08
確定 申告 健康 保険 料,1300,25.0,Informational,N/A,確定申告 2026-07-08
確定 申告 医療 費 いつまで,1300,29.0,Informational,N/A,確定申告 2026-07-08
確定 申告 医療 費 集計 フォーム,1300,30.0,"Informational, Navigational",N/A,確定申告 2026-07-08
確定 申告 国保,1300,21.0,Informational,N/A,確定申告 2026-07-08
確定 申告 屋号 と は,1300,18.0,Informational,N/A,確定申告 2026-07-08
確定 申告 控除 生命 保険,1300,30.0,Informational,N/A,確定申告 2026-07-08
確定 申告 源泉 徴収 票 が ない 場合,1300,29.0,Informational,N/A,確定申告 2026-07-08
確定 申告 源泉 徴収 票 ない 場合,1300,30.0,Informational,N/A,確定申告 2026-07-08
確定 申告 生命 保険 控除,1300,28.0,Informational,N/A,確定申告 2026-07-08
確定 申告 税理士 費用 個人,1300,17.0,Informational,N/A,確定申告 2026-07-08
確定 申告 計算 シミュレーション,1300,26.0,Informational,N/A,確定申告 2026-07-08
確定 申告 転職,1300,28.0,Informational,N/A,確定申告 2026-07-08
確定 申告 郵送 やり方,1300,29.0,Informational,N/A,確定申告 2026-07-08
確定 申告 郵送 封筒 書き方,1300,24.0,Informational,N/A,確定申告 2026-07-08
確定 申告 間に合わ ない 場合,1300,21.0,Informational,N/A,確定申告 2026-07-08
確定申告 いつまで 2022 医療費控除,1300,26.0,Informational,N/A,確定申告 2026-07-08
確定申告 損失繰越 デメリット,1300,21.0,Informational,N/A,確定申告 2026-07-08
確定申告 期間 2024,1300,30.0,Informational,N/A,確定申告 2026-07-08
確定申告 間違い 指摘 されない,1300,10.0,Informational,N/A,確定申告 2026-07-08
税理士 確定 申告 費用 個人,1300,16.0,Informational,N/A,確定申告 2026-07-08
譲渡 所得 確定 申告 必要 書類,1300,22.0,Informational,N/A,確定申告 2026-07-08
転職 確定 申告,1300,22.0,Informational,N/A,確定申告 2026-07-08
遺族 年金 確定 申告,1300,25.0,Informational,N/A,確定申告 2026-07-08
遺族年金 確定申告,1300,28.0,Informational,N/A,確定申告 2026-07-08
遺産 相続 確定 申告,1300,16.0,Informational,N/A,確定申告 2026-07-08
風俗 確定 申告,1300,9.0,Informational,N/A,確定申告 2026-07-08
年収 別 社会 保険 料,1300,24.0,Informational,N/A,社会保険料 2026-07-08
源泉 徴収 票 社会 保険 料 等 の 金額,1300,24.0,Informational,N/A,社会保険料 2026-07-08
社会 保険 料 3 月 4 月 5 月,1300,14.0,Informational,N/A,社会保険料 2026-07-08
社会 保険 料 シュミレーション,1300,24.0,Informational,N/A,社会保険料 2026-07-08
社会 保険 料 大阪,1300,26.0,"Informational, Navigational",N/A,社会保険料 2026-07-08
社会 保険 料 年収 別,1300,26.0,Informational,N/A,社会保険料 2026-07-08
社会 保険 料 改定,1300,26.0,Informational,N/A,社会保険料 2026-07-08
社会 保険 料 税金,1300,28.0,Informational,N/A,社会保険料 2026-07-08
社会 保険 料 納入 証明 書,1300,21.0,Informational,N/A,社会保険料 2026-07-08
12 月 入社 年末 調整,1000,20.0,Informational,N/A,年末調整 2026-07-08
アルバイト 学生 年末 調整,1000,29.0,Informational,N/A,年末調整 2026-07-08
バイト 年末 調整 と は,1000,19.0,Informational,N/A,年末調整 2026-07-08
介護保険料 年末調整 65歳以上 書き方,1000,19.0,Informational,N/A,年末調整 2026-07-08
個人 番号 年末 調整,1000,18.0,Informational,N/A,年末調整 2026-07-08
医療 費 控除 年末 調整 済み,1000,22.0,Informational,N/A,年末調整 2026-07-08
学生 アルバイト 年末 調整,1000,28.0,Informational,N/A,年末調整 2026-07-08
年度 途中 扶養 外れる 年末 調整 書き方,1000,30.0,Informational,N/A,年末調整 2026-07-08
年末 調整 103 万 以下,1000,27.0,Informational,N/A,年末調整 2026-07-08
年末 調整 12 月 入社,1000,18.0,Informational,N/A,年末調整 2026-07-08
年末 調整 nisa,1000,26.0,Informational,N/A,年末調整 2026-07-08
年末 調整 お金 戻っ て くる,1000,28.0,Informational,N/A,年末調整 2026-07-08
年末 調整 お金 返っ て くる,1000,20.0,Informational,N/A,年末調整 2026-07-08
年末 調整 し なく て いい 人,1000,23.0,Informational,N/A,年末調整 2026-07-08
年末 調整 で 戻っ て くる お金,1000,22.0,Informational,N/A,年末調整 2026-07-08
年末 調整 で 返っ て くる お金,1000,30.0,Informational,N/A,年末調整 2026-07-08
年末 調整 と は いくら 返っ て くる,1000,18.0,Informational,N/A,年末調整 2026-07-08
年末 調整 アルバイト 103 万 以下,1000,25.0,Informational,N/A,年末調整 2026-07-08
年末 調整 クラウド,1000,18.0,Informational,N/A,年末調整 2026-07-08
年末 調整 パート 扶養 内,1000,26.0,Informational,N/A,年末調整 2026-07-08
年末 調整 マイナス,1000,27.0,Informational,N/A,年末調整 2026-07-08
年末 調整 世帯 主,1000,22.0,Informational,N/A,年末調整 2026-07-08
年末 調整 住所 住民 票 と 違う,1000,15.0,Informational,N/A,年末調整 2026-07-08
年末 調整 何 月 から 何 月 まで,1000,27.0,Informational,N/A,年末調整 2026-07-08
年末 調整 修正 テープ,1000,18.0,Informational,N/A,年末調整 2026-07-08
年末 調整 個人 年金,1000,19.0,Informational,N/A,年末調整 2026-07-08
年末 調整 個人 番号,1000,18.0,Informational,N/A,年末調整 2026-07-08
年末 調整 勤労 学生 と は,1000,27.0,Informational,N/A,年末調整 2026-07-08
年末 調整 戻っ て くる お金,1000,18.0,Informational,N/A,年末調整 2026-07-08
年末 調整 提出 期限,1000,28.0,Informational,N/A,年末調整 2026-07-08
年末 調整 転職 した 場合,1000,27.0,Informational,N/A,年末調整 2026-07-08
年末 調整 返金 いつ,1000,17.0,Informational,N/A,年末調整 2026-07-08
年末 調整 還付 金 勘定 科目,1000,25.0,Informational,N/A,年末調整 2026-07-08
年末 調整 還付 金 計算 方法,1000,19.0,Informational,N/A,年末調整 2026-07-08
年末 調整 障害 者 控除 いくら 戻る,1000,29.0,Informational,N/A,年末調整 2026-07-08
生命 保険 年末 調整 控除,1000,23.0,Informational,N/A,年末調整 2026-07-08
確定 申告 年末 調整 違い,1000,25.0,Informational,N/A,年末調整 2026-07-08
第 一 生命 年末 調整 書き方,1000,26.0,Informational,N/A,年末調整 2026-07-08
育休 中 年末 調整 書き方,1000,13.0,Informational,N/A,年末調整 2026-07-08
転職 した 場合 の 年末 調整,1000,21.0,Informational,N/A,年末調整 2026-07-08
rsu 確定 申告,1000,16.0,Informational,N/A,確定申告 2026-07-08
ふるさと 納税 ワンス トップ 確定 申告 どちらが 得,1000,18.0,Informational,N/A,確定申告 2026-07-08
ふるさと 納税 会社 員 確定 申告,1000,21.0,Informational,N/A,確定申告 2026-07-08
ふるさと 納税 確定 申告 会社 員,1000,21.0,Informational,N/A,確定申告 2026-07-08
イデコ 確定 申告,1000,30.0,Informational,N/A,確定申告 2026-07-08
ウーバー イーツ 確定 申告,1000,9.0,Informational,N/A,確定申告 2026-07-08
チャット レディ 確定 申告,1000,14.0,Informational,N/A,確定申告 2026-07-08
メルカリ 確定 申告 やり方,1000,21.0,Informational,N/A,確定申告 2026-07-08
不動産売却 確定申告 自分で,1000,20.0,Informational,N/A,確定申告 2026-07-08
令和3年 確定申告 期間,1000,26.0,Informational,N/A,確定申告 2026-07-08
住宅 ローン 控除 確定 申告 いつ,1000,26.0,Informational,N/A,確定申告 2026-07-08
公務員 確定 申告,1000,12.0,Informational,N/A,確定申告 2026-07-08
収入 と 所得 の 違い 確定 申告,1000,28.0,Informational,N/A,確定申告 2026-07-08
国民 健康 保険 控除 確定 申告,1000,19.0,Informational,N/A,確定申告 2026-07-08
国民 健康 保険 確定 申告 控除,1000,16.0,Informational,N/A,確定申告 2026-07-08
学資 保険 確定 申告,1000,20.0,Informational,N/A,確定申告 2026-07-08
家 の 購入 確定 申告,1000,20.0,Informational,N/A,確定申告 2026-07-08
年金 と 給与 所得 が ある 場合 の 確定 申告,1000,29.0,Informational,N/A,確定申告 2026-07-08
年金 の 確定 申告 は 必要 か,1000,29.0,Informational,N/A,確定申告 2026-07-08
年金 は 確定 申告 が 必要 か,1000,27.0,Informational,N/A,確定申告 2026-07-08
年金 給与 確定 申告 シュミレーション,1000,23.0,Informational,N/A,確定申告 2026-07-08
死亡 保険 金 確定 申告,1000,23.0,Informational,N/A,確定申告 2026-07-08
生命 保険 解約 返戻 金 確定 申告,1000,16.0,Informational,N/A,確定申告 2026-07-08
確定 申告 fx,1000,30.0,Informational,N/A,確定申告 2026-07-08
確定 申告 バイト 掛け持ち,1000,29.0,Informational,N/A,確定申告 2026-07-08
確定 申告 パート 掛け持ち,1000,29.0,Informational,N/A,確定申告 2026-07-08
確定 申告 一時 所得,1000,28.0,Informational,N/A,確定申告 2026-07-08
確定 申告 交通 費,1000,15.0,Informational,N/A,確定申告 2026-07-08
確定 申告 介護 保険 料 控除,1000,26.0,Informational,N/A,確定申告 2026-07-08
確定 申告 代行,1000,20.0,Informational,N/A,確定申告 2026-07-08
確定 申告 保存 期間,1000,21.0,Informational,N/A,確定申告 2026-07-08
確定 申告 公務員,1000,14.0,Informational,N/A,確定申告 2026-07-08
確定 申告 医療 費 控除 交通 費,1000,25.0,Informational,N/A,確定申告 2026-07-08
確定 申告 国民 健康 保険 控除,1000,17.0,Informational,N/A,確定申告 2026-07-08
確定 申告 社会 保険 料 控除 と は,1000,28.0,Informational,N/A,確定申告 2026-07-08
確定 申告 職業 欄,1000,15.0,Informational,N/A,確定申告 2026-07-08
確定 申告 自動車 税,1000,21.0,Informational,N/A,確定申告 2026-07-08
確定 申告 追加 納税 なぜ,1000,25.0,Informational,N/A,確定申告 2026-07-08
確定 申告 還付 金 確認 方法,1000,29.0,Informational,N/A,確定申告 2026-07-08
確定申告 国民健康保険 証明書 不要 なぜ,1000,17.0,Informational,N/A,確定申告 2026-07-08
確定申告 還付金 振り込まれない 2022,1000,28.0,Informational,N/A,確定申告 2026-07-08
確定申告いつから 2022,1000,29.0,Informational,N/A,確定申告 2026-07-08
確定申告コロナ延長 2023,1000,13.0,Informational,N/A,確定申告 2026-07-08
社会 保険 料 確定 申告,1000,23.0,Informational,N/A,確定申告 2026-07-08
積立 nisa 確定 申告,1000,21.0,Informational,N/A,確定申告 2026-07-08
自動車 税 確定 申告,1000,19.0,Informational,N/A,確定申告 2026-07-08
解約返戻金 確定申告 不要,1000,18.0,Informational,N/A,確定申告 2026-07-08
贈与 税 確定 申告 必要 書類,1000,27.0,Informational,N/A,確定申告 2026-07-08
退職 金 確定 申告 不要,1000,27.0,Informational,N/A,確定申告 2026-07-08
金 売却 50万円以下 確定申告,1000,16.0,Informational,N/A,確定申告 2026-07-08
金 売却 確定 申告 不要,1000,29.0,Informational,N/A,確定申告 2026-07-08
雑 所得 確定 申告 やり方,1000,30.0,Informational,N/A,確定申告 2026-07-08
高額 療養 費 確定 申告,1000,23.0,Informational,N/A,確定申告 2026-07-08
4 月 5 月 6 月 社会 保険 料,1000,18.0,Informational,N/A,社会保険料 2026-07-08
交通 費 社会 保険 料,1000,16.0,Informational,N/A,社会保険料 2026-07-08
休職 社会 保険 料,1000,15.0,Informational,N/A,社会保険料 2026-07-08
傷病 手当 社会 保険 料,1000,16.0,Informational,N/A,社会保険料 2026-07-08
副業 社会 保険 料,1000,12.0,Informational,N/A,社会保険料 2026-07-08
月 の 途中 で 入社 社会 保険 料,1000,11.0,Informational,N/A,社会保険料 2026-07-08
社会 保険 料 4 月 5 月 6 月,1000,20.0,Informational,N/A,社会保険料 2026-07-08
社会 保険 料 いつから 変わる,1000,13.0,Informational,N/A,社会保険料 2026-07-08
社会 保険 料 を 安く する 方法,1000,11.0,Informational,N/A,社会保険料 2026-07-08
社会 保険 料 上限,1000,19.0,Informational,N/A,社会保険料 2026-07-08
社会 保険 料 副業,1000,13.0,Informational,N/A,社会保険料 2026-07-08
社会 保険 料 安く する 方法,1000,12.0,Informational,N/A,社会保険料 2026-07-08
社会 保険 料 算定 期間,1000,12.0,Informational,N/A,社会保険料 2026-07-08
社会保険料 計算 シュミレーション 2020,1000,17.0,Informational,N/A,社会保険料 2026-07-08
育休 中 の 社会 保険 料,1000,26.0,Informational,N/A,社会保険料 2026-07-08
育休 中 社会 保険 料,1000,27.0,Informational,N/A,社会保険料 2026-07-08
e 革新 年末 調整 やり方,880,21.0,Navigational,N/A,年末調整 2026-07-08
ja 共済 年末 調整 書き方,880,30.0,Informational,N/A,年末調整 2026-07-08
mf 年末 調整,880,22.0,Informational,N/A,年末調整 2026-07-08
smarthr 年末 調整,880,25.0,"Navigational, Transactional",N/A,年末調整 2026-07-08
アルバイト 年末 調整 しない と どうなる,880,15.0,Informational,N/A,年末調整 2026-07-08
スマート hr 年末 調整,880,27.0,Navigational,N/A,年末調整 2026-07-08
パート 年末 調整 しない と どうなる,880,17.0,Informational,N/A,年末調整 2026-07-08
ペイロール 年末 調整,880,13.0,Informational,N/A,年末調整 2026-07-08
メット ライフ 生命 年末 調整,880,26.0,Navigational,N/A,年末調整 2026-07-08
メット ライフ 生命 年末 調整 書き方,880,27.0,Informational,N/A,年末調整 2026-07-08
住友 生命 年末 調整 書き方,880,24.0,"Informational, Transactional",N/A,年末調整 2026-07-08
住所 変更 年末 調整,880,17.0,Informational,N/A,年末調整 2026-07-08
個人 年金 年末 調整 書き方,880,25.0,Informational,N/A,年末調整 2026-07-08
国民 健康 保険 料 年末 調整,880,22.0,Informational,N/A,年末調整 2026-07-08
年末 調整 12 月 退職,880,18.0,Informational,N/A,年末調整 2026-07-08
年末 調整 ハガキ,880,18.0,Informational,N/A,年末調整 2026-07-08
年末 調整 ペイロール,880,15.0,Informational,N/A,年末調整 2026-07-08
年末 調整 会社 が やってくれ る,880,17.0,Informational,N/A,年末調整 2026-07-08
年末 調整 住友 生命 書き方,880,28.0,Informational,N/A,年末調整 2026-07-08
年末 調整 住所 変更,880,20.0,Informational,N/A,年末調整 2026-07-08
年末 調整 保険 等 の 種類,880,23.0,Informational,N/A,年末調整 2026-07-08
年末 調整 出さ ない と どうなる,880,16.0,Informational,N/A,年末調整 2026-07-08
年末 調整 勤労 学生,880,30.0,Informational,N/A,年末調整 2026-07-08
年末 調整 国民 健康 保険 料,880,24.0,Informational,N/A,年末調整 2026-07-08
年末 調整 地震 保険,880,25.0,Informational,N/A,年末調整 2026-07-08
年末 調整 忘れ た,880,16.0,Informational,N/A,年末調整 2026-07-08
年末 調整 忘れ た 場合,880,15.0,Informational,N/A,年末調整 2026-07-08
年末 調整 書き方 共働き,880,19.0,Informational,N/A,年末調整 2026-07-08
年末 調整 生命 保険 料 控除 上限,880,29.0,Informational,N/A,年末調整 2026-07-08
年末 調整 続柄,880,21.0,Informational,N/A,年末調整 2026-07-08
年末 調整 訂正,880,26.0,Informational,N/A,年末調整 2026-07-08
年末 調整 訂正 印,880,17.0,Informational,N/A,年末調整 2026-07-08
年末 調整 障害 者 控除 書き方,880,29.0,Informational,N/A,年末調整 2026-07-08
年末調整 還付金 シュミレーション 2021,880,18.0,Informational,N/A,年末調整 2026-07-08
年末調整 障害者手帳コピー 必要か,880,29.0,Informational,N/A,年末調整 2026-07-08
年金と給与所得がある場合の年末調整,880,27.0,Informational,N/A,年末調整 2026-07-08
所得税 年末 調整 還付,880,28.0,Informational,N/A,年末調整 2026-07-08
生命 保険 料 控除 証明 書 年末 調整,880,25.0,Informational,N/A,年末調整 2026-07-08
産休 中 年末 調整,880,17.0,Informational,N/A,年末調整 2026-07-08
積立 nisa 年末 調整,880,17.0,Informational,N/A,年末調整 2026-07-08
続柄 年末 調整,880,27.0,Informational,N/A,年末調整 2026-07-08
賞与 税金 計算,880,27.0,Informational,N/A,税金計算 2026-07-07
2 箇所 から 給与 確定 申告,880,29.0,Informational,N/A,確定申告 2026-07-08
fx 損失 確定 申告,880,26.0,Informational,N/A,確定申告 2026-07-08
fx 確定 申告 損失,880,26.0,Informational,N/A,確定申告 2026-07-08
ふるさと 納税 ワンス トップ から 確定 申告 に 変更,880,29.0,Informational,N/A,確定申告 2026-07-08
ふるさと納税 確定申告 忘れた 住民税 どうなる,880,17.0,Informational,N/A,確定申告 2026-07-08
アルバイト 確定 申告 いくら から,880,23.0,Informational,N/A,確定申告 2026-07-08
タイミー 確定申告 20万円以下,880,25.0,Informational,N/A,確定申告 2026-07-08
メルカリ 確定申告 レシートない,880,16.0,Informational,N/A,確定申告 2026-07-08
不動産 確定 申告,880,29.0,Informational,N/A,確定申告 2026-07-08
介護 保険 料 控除 確定 申告,880,27.0,Informational,N/A,確定申告 2026-07-08
介護 保険 料 確定 申告 控除,880,28.0,Informational,N/A,確定申告 2026-07-08
傷病 手当 確定 申告,880,13.0,Informational,N/A,確定申告 2026-07-08
傷病 手当 金 確定 申告,880,14.0,Informational,N/A,確定申告 2026-07-08
出産 費用 確定 申告,880,26.0,Informational,N/A,確定申告 2026-07-08
副業 バレない 確定申告やり方,880,16.0,Informational,N/A,確定申告 2026-07-08
医療 費 控除 確定 申告 いくら から,880,30.0,Informational,N/A,確定申告 2026-07-08
固定 資産 税 確定 申告 控除,880,19.0,Informational,N/A,確定申告 2026-07-08
土地 売却 確定 申告 不要,880,13.0,Informational,N/A,確定申告 2026-07-08
専業 主婦 確定 申告,880,20.0,Informational,N/A,確定申告 2026-07-08
年金 確定 申告 必要 な 人,880,28.0,Informational,N/A,確定申告 2026-07-08
後期 高齢 者 医療 保険 料 確定 申告,880,15.0,Informational,N/A,確定申告 2026-07-08
死亡 確定 申告,880,16.0,Informational,N/A,確定申告 2026-07-08
海外 fx 確定 申告,880,15.0,Informational,N/A,確定申告 2026-07-08
準 確定 申告 付表,880,27.0,Informational,N/A,確定申告 2026-07-08
確定 拠出 年金 確定 申告,880,28.0,Informational,N/A,確定申告 2026-07-08
確定 申告 ふるさと 納税 還付 金,880,29.0,Informational,N/A,確定申告 2026-07-08
確定 申告 アルバイト 源泉 徴収 票 なし,880,18.0,Informational,N/A,確定申告 2026-07-08
確定 申告 バイト 103 万 以下,880,30.0,Informational,N/A,確定申告 2026-07-08
確定 申告 フリーター,880,18.0,Informational,N/A,確定申告 2026-07-08
確定 申告 不動産 売却,880,26.0,Informational,N/A,確定申告 2026-07-08
確定 申告 住民 票,880,29.0,Informational,N/A,確定申告 2026-07-08
確定 申告 何 年 前 まで,880,27.0,Informational,N/A,確定申告 2026-07-08
確定 申告 出産 費用,880,20.0,Informational,N/A,確定申告 2026-07-08
確定 申告 失業 保険,880,15.0,Informational,N/A,確定申告 2026-07-08
確定 申告 専業 主婦,880,24.0,Informational,N/A,確定申告 2026-07-08
確定 申告 屋号,880,19.0,Informational,N/A,確定申告 2026-07-08
確定 申告 引っ越し た 場合,880,25.0,Informational,N/A,確定申告 2026-07-08
確定 申告 後期 高齢 者 医療 保険 料,880,13.0,Informational,N/A,確定申告 2026-07-08
確定 申告 忘れ た,880,28.0,Informational,N/A,確定申告 2026-07-08
確定 申告 投資,880,29.0,Informational,N/A,確定申告 2026-07-08
確定 申告 死亡,880,13.0,Informational,N/A,確定申告 2026-07-08
確定 申告 用紙 コンビニ,880,28.0,Informational,N/A,確定申告 2026-07-08
確定 申告 登記 事項 証明 書,880,26.0,Informational,N/A,確定申告 2026-07-08
確定 申告 納税 方法 おすすめ,880,19.0,Informational,N/A,確定申告 2026-07-08
確定 申告 農業,880,22.0,Informational,N/A,確定申告 2026-07-08
確定 申告 郵送 封筒,880,19.0,Informational,N/A,確定申告 2026-07-08
確定 申告 雑費 と は,880,25.0,Informational,N/A,確定申告 2026-07-08
確定 申告 領収 書 保管 期間,880,25.0,Informational,N/A,確定申告 2026-07-08
確定申告 2021 期限,880,22.0,Informational,N/A,確定申告 2026-07-08
確定申告 添付書類 コピーでも大丈夫,880,30.0,Informational,N/A,確定申告 2026-07-08
確定申告 領収書 保管期間,880,28.0,Informational,N/A,確定申告 2026-07-08
確定申告しなくていい金額 主婦,880,26.0,Informational,N/A,確定申告 2026-07-08
米国 株 確定 申告 めんどくさい,880,30.0,Informational,N/A,確定申告 2026-07-08
自動車 保険 確定 申告,880,19.0,Informational,N/A,確定申告 2026-07-08
車 売却 確定 申告,880,21.0,Informational,N/A,確定申告 2026-07-08
農業 所得 確定 申告,880,24.0,Informational,N/A,確定申告 2026-07-08
遺産 相続 確定 申告 は 必要 か,880,13.0,Informational,N/A,確定申告 2026-07-08
パート 社会 保険 料 シュミレーション,880,24.0,Informational,N/A,社会保険料 2026-07-08
傷病 手当 金 社会 保険 料,880,14.0,Informational,N/A,社会保険料 2026-07-08
年収 社会 保険 料,880,28.0,Informational,N/A,社会保険料 2026-07-08
役員 報酬 社会 保険 料,880,16.0,Informational,N/A,社会保険料 2026-07-08
役員 賞与 社会 保険 料,880,10.0,Informational,N/A,社会保険料 2026-07-08
愛知 県 社会 保険 料,880,23.0,"Informational, Transactional",N/A,社会保険料 2026-07-08
月末 退職 社会 保険 料,880,17.0,Informational,N/A,社会保険料 2026-07-08
社会 保険 料 いつ 決まる,880,20.0,Informational,N/A,社会保険料 2026-07-08
社会 保険 料 値上げ,880,23.0,Informational,N/A,社会保険料 2026-07-08
社会 保険 料 年収,880,27.0,Informational,N/A,社会保険料 2026-07-08
社会 保険 料 役員 報酬,880,8.0,Informational,N/A,社会保険料 2026-07-08
社会 保険 料 愛知 県,880,23.0,"Informational, Navigational",N/A,社会保険料 2026-07-08
社会 保険 料 種類,880,25.0,Informational,N/A,社会保険料 2026-07-08
社会 保険 料 賞与 上限,880,17.0,Informational,N/A,社会保険料 2026-07-08
社会 保険 料 退職 後,880,19.0,Informational,N/A,社会保険料 2026-07-08
社会 保険 料 退職 日,880,21.0,Informational,N/A,社会保険料 2026-07-08
社会 保険 料 随時 改定,880,13.0,Informational,N/A,社会保険料 2026-07-08
社会 保険 料 高い,880,12.0,Informational,N/A,社会保険料 2026-07-08
賞与 社会 保険 料 上限,880,25.0,Informational,N/A,社会保険料 2026-07-08
退職 後 の 社会 保険 料,880,19.0,Informational,N/A,社会保険料 2026-07-08
退職 後 社会 保険 料,880,28.0,Informational,N/A,社会保険料 2026-07-08
退職 日 社会 保険 料,880,17.0,Informational,N/A,社会保険料 2026-07-08
退職 月 社会 保険 料,880,13.0,Informational,N/A,社会保険料 2026-07-08
ideco 年末調整 証明書 間に合わない,720,15.0,Informational,N/A,年末調整 2026-07-08
ja 共済 年末 調整 ハガキ 見方,720,22.0,Informational,N/A,年末調整 2026-07-08
ダブル ワーク 年末 調整 しない と どうなる,720,28.0,Informational,N/A,年末調整 2026-07-08
乙 欄 年末 調整,720,18.0,Informational,N/A,年末調整 2026-07-08
企業 型 確定 拠出 年金 年末 調整,720,23.0,Informational,N/A,年末調整 2026-07-08
住宅 ローン 年末 調整 初 年度,720,30.0,Informational,N/A,年末調整 2026-07-08
傷病 手当 年末 調整,720,17.0,Informational,N/A,年末調整 2026-07-08
共済 掛金 払込 証明 書 年末 調整 書き方,720,18.0,Informational,N/A,年末調整 2026-07-08
収入 と 所得 の 違い 年末 調整,720,28.0,Informational,N/A,年末調整 2026-07-08
国民 年金 年末 調整 いくら 戻る,720,28.0,Informational,N/A,年末調整 2026-07-08
学生 バイト 年末 調整,720,30.0,Informational,N/A,年末調整 2026-07-08
定額減税 年末調整で一括,720,28.0,Informational,N/A,年末調整 2026-07-08
定額減税 控除しきれない場合 年末調整,720,30.0,Informational,N/A,年末調整 2026-07-08
富国 生命 年末 調整,720,22.0,Navigational,N/A,年末調整 2026-07-08
年 の 途中 で 扶養 から 外れる 年末 調整,720,14.0,Informational,N/A,年末調整 2026-07-08
年末 調整 でき なかっ た 場合,720,26.0,Informational,N/A,年末調整 2026-07-08
年末 調整 ダブル ワーク の 場合,720,24.0,Informational,N/A,年末調整 2026-07-08
年末 調整 乙 欄 と は,720,19.0,Informational,N/A,年末調整 2026-07-08
年末 調整 住宅 借入金 等 特別 控除 申告 書 書き方,720,29.0,Informational,N/A,年末調整 2026-07-08
年末 調整 何 が 返っ て くる,720,26.0,Informational,N/A,年末調整 2026-07-08
年末 調整 副業 バレる,720,14.0,Informational,N/A,年末調整 2026-07-08
年末 調整 国民 健康 保険 金額 わからない,720,15.0,Informational,N/A,年末調整 2026-07-08
年末 調整 多い,720,16.0,Informational,N/A,年末調整 2026-07-08
年末 調整 子供 の バイト 代 書き方,720,24.0,Informational,N/A,年末調整 2026-07-08
年末 調整 扶養 内,720,26.0,Informational,N/A,年末調整 2026-07-08
年末 調整 掛け持ち バイト,720,26.0,Informational,N/A,年末調整 2026-07-08
年末 調整 控除 証明 書 間に合わ ない,720,19.0,Informational,N/A,年末調整 2026-07-08
年末 調整 書き方 パート 扶養 外,720,30.0,Informational,N/A,年末調整 2026-07-08
年末 調整 自動車 保険,720,18.0,Informational,N/A,年末調整 2026-07-08
年末 調整 通勤 手当,720,23.0,Informational,N/A,年末調整 2026-07-08
年末 調整 還付 金 いくら,720,19.0,Informational,N/A,年末調整 2026-07-08
年末 調整 還付 金 シュミレーション,720,19.0,Informational,N/A,年末調整 2026-07-08
年末 調整 還付 金 会社 が 払わ ない,720,21.0,Informational,N/A,年末調整 2026-07-08
年末 調整 障害 年金,720,7.0,Informational,N/A,年末調整 2026-07-08
年末調整 パート 130万以下,720,24.0,Informational,N/A,年末調整 2026-07-08
年末調整 マイナンバー 記入不要 2021,720,18.0,Informational,N/A,年末調整 2026-07-08
年末調整 前職分 合算 書き方,720,11.0,Informational,N/A,年末調整 2026-07-08
年末調整 給与所得以外の所得,720,28.0,Informational,N/A,年末調整 2026-07-08
年末調整 還付金 計算 シュミレーション 2022,720,30.0,Informational,N/A,年末調整 2026-07-08
年金 追 納 年末 調整,720,29.0,Informational,N/A,年末調整 2026-07-08
必要 経費 と は 年末 調整,720,30.0,Informational,N/A,年末調整 2026-07-08
源泉 徴収 票 年末 調整 未済,720,24.0,Informational,N/A,年末調整 2026-07-08
確定 拠出 年金 企業 型 年末 調整,720,21.0,Informational,N/A,年末調整 2026-07-08
社会 保険 料 控除 証明 書 年末 調整,720,29.0,Informational,N/A,年末調整 2026-07-08
障害 年金 年末 調整,720,10.0,Informational,N/A,年末調整 2026-07-08
利息 税金 計算,720,25.0,Informational,N/A,税金計算 2026-07-07
副業 税金 計算,720,28.0,Informational,N/A,税金計算 2026-07-07
nisa 確定 申告 不要,720,25.0,Informational,N/A,確定申告 2026-07-08
インプラント 確定 申告,720,10.0,Informational,N/A,確定申告 2026-07-08
インボイス 確定申告,720,23.0,Informational,N/A,確定申告 2026-07-08
クレジット カード 確定 申告,720,30.0,Informational,N/A,確定申告 2026-07-08
サラリーマン 確定 申告 経費,720,11.0,Informational,N/A,確定申告 2026-07-08
サラリーマン 経費 確定 申告,720,12.0,Informational,N/A,確定申告 2026-07-08
メルレ 確定 申告,720,14.0,Informational,N/A,確定申告 2026-07-08
不動産売却 確定申告 やり方,720,23.0,Informational,N/A,確定申告 2026-07-08
乙 欄 確定 申告 不要,720,28.0,Informational,N/A,確定申告 2026-07-08
令和4年 確定申告 期間,720,28.0,Informational,N/A,確定申告 2026-07-08
住宅 ローン 控除 2 年 目 確定 申告 必要 書類,720,25.0,Informational,N/A,確定申告 2026-07-08
保険 満期 確定 申告,720,20.0,Informational,N/A,確定申告 2026-07-08
保険 解約 確定 申告,720,24.0,Informational,N/A,確定申告 2026-07-08
個人年金 確定申告しないとバレる,720,16.0,Informational,N/A,確定申告 2026-07-08
働き ながら 年金 受給 確定 申告,720,16.0,Informational,N/A,確定申告 2026-07-08
入院 給付 金 確定 申告,720,24.0,Informational,N/A,確定申告 2026-07-08
内職 確定 申告,720,26.0,Informational,N/A,確定申告 2026-07-08
出産 確定 申告,720,22.0,Informational,N/A,確定申告 2026-07-08
副業 バレ ない 確定 申告,720,16.0,Informational,N/A,確定申告 2026-07-08
副業 確定 申告 ばれ ない,720,12.0,Informational,N/A,確定申告 2026-07-08
副業 確定 申告 ばれる,720,15.0,Informational,N/A,確定申告 2026-07-08
地震 保険 料 控除 確定 申告,720,17.0,Informational,N/A,確定申告 2026-07-08
地震 保険 確定 申告,720,17.0,Informational,N/A,確定申告 2026-07-08
学資 保険 満期 確定 申告,720,21.0,Informational,N/A,確定申告 2026-07-08
年金 生活 確定 申告,720,30.0,Informational,N/A,確定申告 2026-07-08
持株 会 確定 申告,720,30.0,Informational,N/A,確定申告 2026-07-08
準確定申告 e-tax,720,29.0,Informational,N/A,確定申告 2026-07-08
生命保険 解約 返戻 金 確定申告 不要,720,22.0,Informational,N/A,確定申告 2026-07-08
生活 保護 確定 申告,720,15.0,Informational,N/A,確定申告 2026-07-08
確定 申告 ideco,720,25.0,Informational,N/A,確定申告 2026-07-08
確定 申告 いつ 返っ て くる,720,30.0,Informational,N/A,確定申告 2026-07-08
確定 申告 し なけれ ば ならない 人,720,24.0,Informational,N/A,確定申告 2026-07-08
確定 申告 しない,720,29.0,Informational,N/A,確定申告 2026-07-08
確定 申告 しない と 住民 税 は どうなる,720,19.0,Informational,N/A,確定申告 2026-07-08
確定 申告 めんどくさい,720,14.0,Informational,N/A,確定申告 2026-07-08
確定 申告 やら なく て いい 人,720,12.0,Informational,N/A,確定申告 2026-07-08
確定 申告 を し なけれ ば ならない 人,720,12.0,Informational,N/A,確定申告 2026-07-08
確定 申告 サラリーマン 経費,720,11.0,Informational,N/A,確定申告 2026-07-08
確定 申告 代理 家族,720,22.0,Informational,N/A,確定申告 2026-07-08
確定 申告 保険 料 控除 証明 書,720,24.0,Informational,N/A,確定申告 2026-07-08
確定 申告 個人 年金,720,25.0,Informational,N/A,確定申告 2026-07-08
確定 申告 副業 ばれ ない,720,18.0,Informational,N/A,確定申告 2026-07-08
確定 申告 副業 バレる,720,15.0,Informational,N/A,確定申告 2026-07-08
確定 申告 医療 費 控除 領収 書,720,23.0,Informational,N/A,確定申告 2026-07-08
確定 申告 地震 保険,720,16.0,Informational,N/A,確定申告 2026-07-08
確定 申告 地震 保険 料 控除,720,16.0,Informational,N/A,確定申告 2026-07-08
確定 申告 封筒,720,22.0,Informational,N/A,確定申告 2026-07-08
確定 申告 市役所 で できる,720,21.0,Informational,N/A,確定申告 2026-07-08
確定 申告 年金 受給 者 必要 書類,720,29.0,Informational,N/A,確定申告 2026-07-08
確定 申告 時効,720,11.0,Informational,N/A,確定申告 2026-07-08
確定 申告 本,720,20.0,Informational,N/A,確定申告 2026-07-08
確定 申告 本人 以外,720,26.0,Informational,N/A,確定申告 2026-07-08
確定 申告 添付 書類 の 貼り 方,720,21.0,Informational,N/A,確定申告 2026-07-08
確定 申告 添付 書類 貼り 方,720,22.0,Informational,N/A,確定申告 2026-07-08
確定 申告 生活 保護,720,18.0,Informational,N/A,確定申告 2026-07-08
確定 申告 申告 漏れ,720,22.0,Informational,N/A,確定申告 2026-07-08
確定 申告 申告 漏れ 少額,720,19.0,Informational,N/A,確定申告 2026-07-08
確定 申告 第 一 表 書き方,720,30.0,Informational,N/A,確定申告 2026-07-08
確定 申告 過ぎ たら,720,18.0,Informational,N/A,確定申告 2026-07-08
確定 申告 郵送 レター パック,720,8.0,Informational,N/A,確定申告 2026-07-08
確定 申告 郵送 方法,720,30.0,Informational,N/A,確定申告 2026-07-08
確定 申告 領収 書 ない,720,17.0,Informational,N/A,確定申告 2026-07-08
確定申告 国民年金 控除証明書 ない,720,22.0,Informational,N/A,確定申告 2026-07-08
確定申告しなくていい金額 パート,720,29.0,Informational,N/A,確定申告 2026-07-08
税理士 確定 申告,720,18.0,Informational,N/A,確定申告 2026-07-08
補助 金 確定 申告,720,14.0,Informational,N/A,確定申告 2026-07-08
解約 返戻 金 確定 申告,720,14.0,Informational,N/A,確定申告 2026-07-08
軽減 税率 対象 確定 申告,720,25.0,Informational,N/A,確定申告 2026-07-08
遺産 相続 確定 申告 いくら から,720,28.0,Informational,N/A,確定申告 2026-07-08
配偶 者 確定 申告,720,28.0,Informational,N/A,確定申告 2026-07-08
配当 所得 確定 申告,720,28.0,Informational,N/A,確定申告 2026-07-08
配当 確定 申告,720,29.0,Informational,N/A,確定申告 2026-07-08
風俗 嬢 確定 申告,720,8.0,Informational,N/A,確定申告 2026-07-08
456 月 社会 保険 料,720,20.0,Informational,N/A,社会保険料 2026-07-08
アルバイト 社会 保険 料,720,28.0,Informational,N/A,社会保険料 2026-07-08
パート 社会 保険 料 いくら,720,26.0,Informational,N/A,社会保険料 2026-07-08
休職 中 社会 保険 料 払え ない,720,12.0,Informational,N/A,社会保険料 2026-07-08
北海道 社会 保険 料,720,25.0,"Informational, Navigational",N/A,社会保険料 2026-07-08
月 途中 退職 社会 保険 料,720,15.0,Informational,N/A,社会保険料 2026-07-08
東京 都 社会 保険 料,720,22.0,Navigational,N/A,社会保険料 2026-07-08
社会 保険 料 いくら 引 かれる,720,25.0,Informational,N/A,社会保険料 2026-07-08
社会 保険 料 いつまで 払う,720,25.0,Informational,N/A,社会保険料 2026-07-08
社会 保険 料 の 領収 書,720,19.0,Informational,N/A,社会保険料 2026-07-08
社会 保険 料 交通 費,720,15.0,Informational,N/A,社会保険料 2026-07-08
社会 保険 料 仕訳,720,26.0,Informational,N/A,社会保険料 2026-07-08
社会 保険 料 北海道,720,24.0,Informational,N/A,社会保険料 2026-07-08
社会 保険 料 協会 けんぽ,720,28.0,Navigational,N/A,社会保険料 2026-07-08
社会 保険 料 口座 振替,720,26.0,Informational,N/A,社会保険料 2026-07-08
社会 保険 料 変更,720,20.0,Informational,N/A,社会保険料 2026-07-08
社会 保険 料 扶養 人数 で 変わる,720,24.0,Informational,N/A,社会保険料 2026-07-08
社会 保険 料 福岡,720,21.0,"Informational, Navigational",N/A,社会保険料 2026-07-08
社会 保険 料 等級 表,720,19.0,"Informational, Navigational",N/A,社会保険料 2026-07-08
社会 保険 料 計算 標準 報酬 月額,720,19.0,Informational,N/A,社会保険料 2026-07-08
社会 保険 料 退職,720,17.0,Informational,N/A,社会保険料 2026-07-08
社会 保険 料 領収 書,720,20.0,Informational,N/A,社会保険料 2026-07-08
育休 明け 社会 保険 料,720,16.0,Informational,N/A,社会保険料 2026-07-08
退職 社会 保険 料,720,17.0,Informational,N/A,社会保険料 2026-07-08
ひとり親 年末調整 いくら戻る,590,26.0,Informational,N/A,年末調整 2026-07-08
オリックス 生命 年末 調整,590,20.0,Navigational,N/A,年末調整 2026-07-08
ソニー 生命 確定 年金 年末 調整 書き方,590,23.0,Informational,N/A,年末調整 2026-07-08
パート 年末 調整 保険 料 控除,590,25.0,Informational,N/A,年末調整 2026-07-08
介護 保険 年末 調整,590,18.0,Informational,N/A,年末調整 2026-07-08
令和3年 年末調整 変更点,590,20.0,Informational,N/A,年末調整 2026-07-08
住宅ローン 初年度 年末調整 確定申告 両方,590,26.0,Informational,N/A,年末調整 2026-07-08
傷病 手当 金 年末 調整,590,18.0,Informational,N/A,年末調整 2026-07-08
単発 バイト 年末 調整,590,14.0,Informational,N/A,年末調整 2026-07-08
国保 年末 調整 書き方,590,23.0,Informational,N/A,年末調整 2026-07-08
国民 年金 追 納 年末 調整,590,28.0,Informational,N/A,年末調整 2026-07-08
失業 手当 年末 調整,590,22.0,Informational,N/A,年末調整 2026-07-08
年末 調整 2 箇所 で し て しまっ た,590,14.0,Informational,N/A,年末調整 2026-07-08
年末 調整 あなた と の 続柄,590,18.0,Informational,N/A,年末調整 2026-07-08
年末 調整 いつ 会社,590,22.0,Informational,N/A,年末調整 2026-07-08
年末 調整 いつ 振り込み,590,25.0,Informational,N/A,年末調整 2026-07-08
年末 調整 し なかっ たら どうなる,590,19.0,Informational,N/A,年末調整 2026-07-08
年末 調整 しない,590,19.0,Informational,N/A,年末調整 2026-07-08
年末 調整 で 帰っ て くる お金,590,18.0,Informational,N/A,年末調整 2026-07-08
年末 調整 と 確定 申告 両方,590,21.0,Informational,N/A,年末調整 2026-07-08
年末 調整 どれくらい 戻っ て くる,590,22.0,Informational,N/A,年末調整 2026-07-08
年末 調整 どれくらい 返っ て くる,590,22.0,Informational,N/A,年末調整 2026-07-08
年末 調整 なん の ため,590,24.0,Informational,N/A,年末調整 2026-07-08
年末 調整 の 修正,590,16.0,Informational,N/A,年末調整 2026-07-08
年末 調整 パート 103 万 以下,590,25.0,Informational,N/A,年末調整 2026-07-08
年末 調整 パート 保険 料 控除,590,28.0,Informational,N/A,年末調整 2026-07-08
年末 調整 パート 書き方,590,27.0,Informational,N/A,年末調整 2026-07-08
年末 調整 乙 欄,590,23.0,Informational,N/A,年末調整 2026-07-08
年末 調整 介護 保険,590,18.0,Informational,N/A,年末調整 2026-07-08
年末 調整 会社 が やってくれ ない,590,14.0,Informational,N/A,年末調整 2026-07-08
年末 調整 住所 いつ 時点,590,19.0,Informational,N/A,年末調整 2026-07-08
年末 調整 保険 料 控除 いつまで,590,27.0,Informational,N/A,年末調整 2026-07-08
年末 調整 保険 料 控除 パート,590,27.0,Informational,N/A,年末調整 2026-07-08
年末 調整 修正,590,21.0,Informational,N/A,年末調整 2026-07-08
年末 調整 公 的 年金,590,27.0,Informational,N/A,年末調整 2026-07-08
年末 調整 医療 保険,590,25.0,Informational,N/A,年末調整 2026-07-08
年末 調整 印鑑,590,16.0,Informational,N/A,年末調整 2026-07-08
年末 調整 国保 書き方,590,30.0,Informational,N/A,年末調整 2026-07-08
年末 調整 学資 保険,590,17.0,Informational,N/A,年末調整 2026-07-08
年末 調整 忘れ た 確定 申告 やり方,590,14.0,Informational,N/A,年末調整 2026-07-08
年末 調整 振込 いつ,590,24.0,Informational,N/A,年末調整 2026-07-08
年末 調整 新入 社員,590,15.0,Informational,N/A,年末調整 2026-07-08
年末 調整 未済 と は,590,22.0,Informational,N/A,年末調整 2026-07-08
年末 調整 派遣,590,17.0,Informational,N/A,年末調整 2026-07-08
年末 調整 添付 書類,590,22.0,Informational,N/A,年末調整 2026-07-08
年末 調整 添付 書類 貼り 方,590,14.0,Informational,N/A,年末調整 2026-07-08
年末 調整 火災 保険 料 控除,590,16.0,Informational,N/A,年末調整 2026-07-08
年末 調整 県民 共済,590,17.0,Informational,N/A,年末調整 2026-07-08
年末 調整 社会 保険 料 と は,590,27.0,Informational,N/A,年末調整 2026-07-08
年末 調整 社労士,590,9.0,Informational,N/A,年末調整 2026-07-08
年末 調整 締め切り,590,25.0,Informational,N/A,年末調整 2026-07-08
年末 調整 義務,590,26.0,Informational,N/A,年末調整 2026-07-08
年末 調整 自分 で やる,590,29.0,Informational,N/A,年末調整 2026-07-08
年末 調整 見込み 年収,590,26.0,Informational,N/A,年末調整 2026-07-08
年末 調整 証明 書 貼り 方,590,12.0,Informational,N/A,年末調整 2026-07-08
年末 調整 返っ て くる,590,29.0,Informational,N/A,年末調整 2026-07-08
年末 調整 追加 徴収,590,30.0,Informational,N/A,年末調整 2026-07-08
年末 調整 過 不足 額 と は,590,24.0,Informational,N/A,年末調整 2026-07-08
年末 調整 還付 金 計算,590,24.0,Informational,N/A,年末調整 2026-07-08
年末調整 いつまで 2021,590,21.0,Informational,N/A,年末調整 2026-07-08
年末調整 マイナンバー 記入不要 2022,590,25.0,Informational,N/A,年末調整 2026-07-08
年末調整 給与以外の所得 書かないとどうなる,590,25.0,Informational,N/A,年末調整 2026-07-08
年末調整 給与明細 どこを見る,590,28.0,Informational,N/A,年末調整 2026-07-08
年末調整 総支給額 差引支給額 どっち,590,29.0,Informational,N/A,年末調整 2026-07-08
年末調整 還付金 シュミレーション 2020,590,23.0,Informational,N/A,年末調整 2026-07-08
年末調整 配偶者 扶養ではない 書き方,590,24.0,Informational,N/A,年末調整 2026-07-08
新入 社員 年末 調整,590,17.0,Informational,N/A,年末調整 2026-07-08
明治 安田 生命 年末 調整 書き方,590,22.0,Navigational,N/A,年末調整 2026-07-08
派遣 年末 調整,590,17.0,Informational,N/A,年末調整 2026-07-08
県民 共済 年末 調整 いつ 届く,590,13.0,Informational,N/A,年末調整 2026-07-08
県民 共済 年末 調整 再 発行,590,16.0,Informational,N/A,年末調整 2026-07-08
退職 所得 の 源泉 徴収 票 年末 調整,590,20.0,Informational,N/A,年末調整 2026-07-08
障害 者 手帳 年末 調整,590,27.0,Informational,N/A,年末調整 2026-07-08
fx 税金 計算,590,15.0,Informational,N/A,税金計算 2026-07-07
不動産売却 税金 計算ツール,590,21.0,Informational,N/A,税金計算 2026-07-07
確定 申告 第 三 表 税金 の 計算,590,24.0,Informational,N/A,税金計算 2026-07-07
金 売却 税金 計算,590,26.0,Informational,N/A,税金計算 2026-07-07
金 税金 計算,590,24.0,Informational,N/A,税金計算 2026-07-07
雑 所得 税金 計算 ツール,590,25.0,Informational,N/A,税金計算 2026-07-07
3000万円特別控除 確定申告 書き方,590,16.0,Informational,N/A,確定申告 2026-07-08
youtube 収益 確定 申告,590,15.0,Informational,N/A,確定申告 2026-07-08
クラウド ワークス 確定 申告,590,24.0,Navigational,N/A,確定申告 2026-07-08
タイミー 確定申告 バレない,590,13.0,Informational,N/A,確定申告 2026-07-08
バイト 確定 申告 いくら から,590,15.0,Informational,N/A,確定申告 2026-07-08
パパ 活 確定 申告,590,14.0,Informational,N/A,確定申告 2026-07-08
ポイント 確定 申告,590,22.0,Informational,N/A,確定申告 2026-07-08
一人 親方 確定 申告,590,11.0,Informational,N/A,確定申告 2026-07-08
一般 口座 確定 申告 不要,590,25.0,Informational,N/A,確定申告 2026-07-08
不動産 売却 確定 申告 不要,590,14.0,Informational,N/A,確定申告 2026-07-08
不動産 投資 確定 申告,590,11.0,Informational,N/A,確定申告 2026-07-08
二 箇所 給与 確定 申告,590,30.0,Informational,N/A,確定申告 2026-07-08
介護 保険 確定 申告,590,27.0,Informational,N/A,確定申告 2026-07-08
住宅 ローン 確定 申告 初 年度 必要 書類,590,25.0,Informational,N/A,確定申告 2026-07-08
住宅 取得 資金 贈与 確定 申告 必要 書類,590,17.0,Informational,N/A,確定申告 2026-07-08
住民 税 確定 申告 還付,590,19.0,Informational,N/A,確定申告 2026-07-08
出産 費用 確定 申告 やり方,590,25.0,Informational,N/A,確定申告 2026-07-08
副業 確定 申告 会社 に バレる,590,23.0,Informational,N/A,確定申告 2026-07-08
医療 費 交通 費 確定 申告,590,23.0,Informational,N/A,確定申告 2026-07-08
医療 費 確定 申告 交通 費,590,18.0,Informational,N/A,確定申告 2026-07-08
国債 確定 申告,590,25.0,Informational,N/A,確定申告 2026-07-08
国民 健康 保険 確定 申告 証明 書,590,17.0,Informational,N/A,確定申告 2026-07-08
国民 健康 保険 税 確定 申告,590,16.0,Informational,N/A,確定申告 2026-07-08
報酬 確定 申告,590,26.0,Informational,N/A,確定申告 2026-07-08
年末 調整 し て ない 確定 申告 やり方,590,24.0,Informational,N/A,確定申告 2026-07-08
後期 高齢 者 の 確定 申告,590,24.0,Informational,N/A,確定申告 2026-07-08
有償 ボランティア 確定 申告,590,11.0,Informational,N/A,確定申告 2026-07-08
未 支給 年金 確定 申告,590,19.0,Informational,N/A,確定申告 2026-07-08
業務 委託 確定 申告 やり方,590,19.0,Informational,N/A,確定申告 2026-07-08
歯科 矯正 確定 申告,590,9.0,Informational,N/A,確定申告 2026-07-08
死亡 確定 申告 不要,590,15.0,Informational,N/A,確定申告 2026-07-08
派遣 確定 申告,590,11.0,Informational,N/A,確定申告 2026-07-08
満期 保険 金 確定 申告,590,23.0,Informational,N/A,確定申告 2026-07-08
準 確定 申告 付表 書き方,590,24.0,Informational,N/A,確定申告 2026-07-08
生命 保険 受け取り 確定 申告,590,25.0,Informational,N/A,確定申告 2026-07-08
生命 保険 料 控除 確定 申告 やり方,590,28.0,Informational,N/A,確定申告 2026-07-08
生命 保険 解約 確定 申告,590,19.0,Informational,N/A,確定申告 2026-07-08
相続 不動産売却 確定申告 不要,590,13.0,Informational,N/A,確定申告 2026-07-08
確定 申告 103 万 以下,590,30.0,Informational,N/A,確定申告 2026-07-08
確定 申告 お金 戻っ て くる いつ,590,30.0,Informational,N/A,確定申告 2026-07-08
確定 申告 が 遅れ たら,590,22.0,Informational,N/A,確定申告 2026-07-08
確定 申告 やり方 無職,590,29.0,Informational,N/A,確定申告 2026-07-08
確定 申告 を しない と どうなる,590,27.0,Informational,N/A,確定申告 2026-07-08
確定 申告 を 忘れ たら,590,29.0,Informational,N/A,確定申告 2026-07-08
確定 申告 ガソリン 代,590,13.0,Informational,N/A,確定申告 2026-07-08
確定 申告 メルカリ,590,21.0,Informational,N/A,確定申告 2026-07-08
確定 申告 一時 所得 書き方,590,27.0,Informational,N/A,確定申告 2026-07-08
確定 申告 交通 費 医療 費,590,19.0,Informational,N/A,確定申告 2026-07-08
確定 申告 会社 に バレる,590,13.0,Informational,N/A,確定申告 2026-07-08
確定 申告 住所 いつ 時点,590,25.0,Informational,N/A,確定申告 2026-07-08
確定 申告 住民 税 控除 されない,590,28.0,Informational,N/A,確定申告 2026-07-08
確定 申告 住民 税 還付,590,14.0,Informational,N/A,確定申告 2026-07-08
確定 申告 何 歳 から,590,26.0,Informational,N/A,確定申告 2026-07-08
確定 申告 保存 データ 読み込め ない,590,26.0,Informational,N/A,確定申告 2026-07-08
確定 申告 保険 料,590,29.0,Informational,N/A,確定申告 2026-07-08
確定 申告 保険 金,590,23.0,Informational,N/A,確定申告 2026-07-08
確定 申告 再 提出,590,28.0,Informational,N/A,確定申告 2026-07-08
確定 申告 医療 費 交通 費,590,30.0,Informational,N/A,確定申告 2026-07-08
確定 申告 医療 費 控除 書き方 見本,590,30.0,"Informational, Transactional",N/A,確定申告 2026-07-08
確定 申告 収入 金額 所得 金額 違い,590,27.0,Informational,N/A,確定申告 2026-07-08
確定 申告 国民 健康 保険 税,590,16.0,Informational,N/A,確定申告 2026-07-08
確定 申告 国民 健康 保険 証明 書,590,16.0,Informational,N/A,確定申告 2026-07-08
確定 申告 後期 高齢 者,590,16.0,Informational,N/A,確定申告 2026-07-08
確定 申告 必要 書類 住宅 ローン,590,28.0,Informational,N/A,確定申告 2026-07-08
確定 申告 忘れ たら,590,28.0,Informational,N/A,確定申告 2026-07-08
確定 申告 忘れ たら どうなる,590,27.0,Informational,N/A,確定申告 2026-07-08
確定 申告 戻っ て くる お金 いつ,590,28.0,Informational,N/A,確定申告 2026-07-08
確定 申告 所得税 引き落とし 日,590,25.0,Informational,N/A,確定申告 2026-07-08
確定 申告 振替 納税 引き落とし 日,590,22.0,Informational,N/A,確定申告 2026-07-08
確定 申告 普通 徴収,590,19.0,Informational,N/A,確定申告 2026-07-08
確定 申告 派遣,590,12.0,Informational,N/A,確定申告 2026-07-08
確定 申告 消印 有効,590,26.0,Informational,N/A,確定申告 2026-07-08
確定 申告 添付 書類 台紙 貼り 方,590,16.0,Informational,N/A,確定申告 2026-07-08
確定 申告 火災 保険,590,24.0,Informational,N/A,確定申告 2026-07-08
確定 申告 用紙 いつから もらえる,590,29.0,Informational,N/A,確定申告 2026-07-08
確定 申告 相続,590,27.0,Informational,N/A,確定申告 2026-07-08
確定 申告 税理士 に 頼む と いくら,590,18.0,Informational,N/A,確定申告 2026-07-08
確定 申告 第 三 表 の 書き方,590,22.0,"Informational, Transactional",N/A,確定申告 2026-07-08
確定 申告 第 三 表 書き方,590,24.0,"Informational, Transactional",N/A,確定申告 2026-07-08
確定 申告 給与 明細,590,26.0,Informational,N/A,確定申告 2026-07-08
確定 申告 給付 金,590,17.0,Informational,N/A,確定申告 2026-07-08
確定 申告 職業,590,21.0,Informational,N/A,確定申告 2026-07-08
確定 申告 遅れ たら,590,15.0,Informational,N/A,確定申告 2026-07-08
確定 申告 遅れ たら どうなる,590,22.0,Informational,N/A,確定申告 2026-07-08
確定 申告 還付 金 平均,590,18.0,Informational,N/A,確定申告 2026-07-08
確定 申告 間違い だらけ,590,19.0,Informational,N/A,確定申告 2026-07-08
確定 申告 難しい,590,22.0,Informational,N/A,確定申告 2026-07-08
確定 申告 領収 書 提出,590,22.0,Informational,N/A,確定申告 2026-07-08
確定 申告 駐車 場代,590,18.0,Informational,N/A,確定申告 2026-07-08
確定申告 代行 費用 個人,590,16.0,Informational,N/A,確定申告 2026-07-08
確定申告 基礎控除 2021,590,21.0,Informational,N/A,確定申告 2026-07-08
確定申告 期間 2021,590,28.0,Informational,N/A,確定申告 2026-07-08
税理士 に 確定 申告 を 頼む と いくら,590,20.0,Informational,N/A,確定申告 2026-07-08
税理士 確定 申告 相談,590,21.0,Informational,N/A,確定申告 2026-07-08
職業 確定 申告,590,15.0,Informational,N/A,確定申告 2026-07-08
育休 中 確定 申告,590,14.0,Informational,N/A,確定申告 2026-07-08
解約返戻金 確定申告 やり方,590,18.0,Informational,N/A,確定申告 2026-07-08
贈与 税 確定 申告 やり方,590,29.0,Informational,N/A,確定申告 2026-07-08
障害 者 控除 確定 申告,590,17.0,Informational,N/A,確定申告 2026-07-08
障害 者 確定 申告,590,22.0,Informational,N/A,確定申告 2026-07-08
非 上場 株式 配当 確定 申告,590,26.0,Informational,N/A,確定申告 2026-07-08
非課税 確定 申告,590,23.0,Informational,N/A,確定申告 2026-07-08
高額 医療 費 制度 確定 申告,590,16.0,Informational,N/A,確定申告 2026-07-08
4 6 月 社会 保険 料,590,20.0,Informational,N/A,社会保険料 2026-07-08
バイト 社会 保険 料,590,19.0,Informational,N/A,社会保険料 2026-07-08
休職 中 の 社会 保険 料,590,10.0,Informational,N/A,社会保険料 2026-07-08
健康 保険 料 と 社会 保険 料 の 違い,590,29.0,Informational,N/A,社会保険料 2026-07-08
健康 保険 料 社会 保険 料 違い,590,29.0,Informational,N/A,社会保険料 2026-07-08
公務員 社会 保険 料,590,14.0,Informational,N/A,社会保険料 2026-07-08
産休 中 社会 保険 料,590,14.0,Informational,N/A,社会保険料 2026-07-08
社会 保険 料 バイト,590,29.0,Informational,N/A,社会保険料 2026-07-08
社会 保険 料 上がっ た,590,15.0,Informational,N/A,社会保険料 2026-07-08
社会 保険 料 上がる,590,19.0,Informational,N/A,社会保険料 2026-07-08
社会 保険 料 会社 負担 割合,590,23.0,Informational,N/A,社会保険料 2026-07-08
社会 保険 料 健康 保険 料 違い,590,24.0,Informational,N/A,社会保険料 2026-07-08
社会 保険 料 公務員,590,15.0,Informational,N/A,社会保険料 2026-07-08
社会 保険 料 年金 受給 者,590,26.0,Informational,N/A,社会保険料 2026-07-08
社会 保険 料 計算 年収,590,30.0,Informational,N/A,社会保険料 2026-07-08
社会 保険 料率 賞与,590,25.0,Informational,N/A,社会保険料 2026-07-08
社会保険料 何に使われる,590,27.0,Informational,N/A,社会保険料 2026-07-08
社会保険料 自動計算 2020,590,11.0,Informational,N/A,社会保険料 2026-07-08
賞与 社会 保険 料率,590,23.0,Informational,N/A,社会保険料 2026-07-08
退職 金 社会 保険 料,590,18.0,Informational,N/A,社会保険料 2026-07-08
12 月末 退職 年末 調整,480,17.0,Informational,N/A,年末調整 2026-07-08
edge tracker 年末 調整,480,27.0,Informational,N/A,年末調整 2026-07-08
が ん 保険 年末 調整,480,15.0,Informational,N/A,年末調整 2026-07-08
ふるさと 納税 年末 調整 確定 申告,480,21.0,Informational,N/A,年末調整 2026-07-08
ふるさと 納税 確定 申告 年末 調整,480,21.0,Informational,N/A,年末調整 2026-07-08
アクサ 生命 年末 調整,480,25.0,Navigational,N/A,年末調整 2026-07-08
アルバイト 年末 調整 学生,480,29.0,Informational,N/A,年末調整 2026-07-08
イデコ 年末 調整 証明 書,480,22.0,Informational,N/A,年末調整 2026-07-08
エクセル で 年末 調整,480,24.0,Informational,N/A,年末調整 2026-07-08
エクセル 年末 調整,480,29.0,Informational,N/A,年末調整 2026-07-08
バイト 掛け持ち 年末 調整 学生,480,16.0,Informational,N/A,年末調整 2026-07-08
パート 年末 調整 扶養 内,480,25.0,Informational,N/A,年末調整 2026-07-08
パート 掛け持ち 年末 調整,480,20.0,Informational,N/A,年末調整 2026-07-08
フリーター 年末 調整,480,17.0,Informational,N/A,年末調整 2026-07-08
ボーナス 年末 調整,480,16.0,Informational,N/A,年末調整 2026-07-08
中途 入社 年末 調整,480,28.0,Informational,N/A,年末調整 2026-07-08
休職 中 年末 調整,480,15.0,Informational,N/A,年末調整 2026-07-08
住宅 ローン 控除 初 年度 年末 調整,480,27.0,Informational,N/A,年末調整 2026-07-08
住宅 ローン 控除 初 年度 年末 調整 しない,480,29.0,Informational,N/A,年末調整 2026-07-08
住宅 ローン 控除 年末 調整 2 年 目,480,17.0,Informational,N/A,年末調整 2026-07-08
住宅 ローン 控除 年末 調整 初 年度,480,28.0,Informational,N/A,年末調整 2026-07-08
個人 年金 保険 と は 年末 調整,480,19.0,Informational,N/A,年末調整 2026-07-08
個人 年金 保険 年末 調整,480,20.0,Informational,N/A,年末調整 2026-07-08
健康 保険 料 年末 調整,480,29.0,Informational,N/A,年末調整 2026-07-08
医療 控除 年末 調整,480,28.0,Informational,N/A,年末調整 2026-07-08
固定 資産 税 年末 調整,480,16.0,Informational,N/A,年末調整 2026-07-08
国民 共済 年末 調整 書き方,480,25.0,"Informational, Navigational",N/A,年末調整 2026-07-08
国民 年金 年末 調整 控除,480,30.0,Informational,N/A,年末調整 2026-07-08
外国 人 年末 調整,480,29.0,Informational,N/A,年末調整 2026-07-08
大学生 年末 調整,480,15.0,Informational,N/A,年末調整 2026-07-08
学生 年末 調整,480,27.0,Informational,N/A,年末調整 2026-07-08
寄付 金 控除 年末 調整,480,15.0,Informational,N/A,年末調整 2026-07-08
小 規模 企業 共済 年末 調整,480,26.0,Informational,N/A,年末調整 2026-07-08
年の途中で扶養に入る 年末調整 書き方,480,28.0,Informational,N/A,年末調整 2026-07-08
年末 調整 16 歳 未満 の 扶養 親族,480,30.0,Informational,N/A,年末調整 2026-07-08
年末 調整 ideco 証明 書,480,22.0,Informational,N/A,年末調整 2026-07-08
年末 調整 いつ 帰っ て くる,480,23.0,Informational,N/A,年末調整 2026-07-08
年末 調整 が ん 保険,480,16.0,Informational,N/A,年末調整 2026-07-08
年末 調整 どこで やる,480,22.0,Informational,N/A,年末調整 2026-07-08
年末 調整 の 対象 と ならない 人,480,24.0,Informational,N/A,年末調整 2026-07-08
年末 調整 エクセル,480,20.0,Informational,N/A,年末調整 2026-07-08
年末 調整 ボーナス,480,16.0,Informational,N/A,年末調整 2026-07-08
年末 調整 ボールペン,480,21.0,Informational,N/A,年末調整 2026-07-08
年末 調整 マイナス に なる 理由,480,22.0,Informational,N/A,年末調整 2026-07-08
年末 調整 世帯 主 本人,480,26.0,Informational,N/A,年末調整 2026-07-08
年末 調整 保険 料 控除 いくら 戻る,480,12.0,Informational,N/A,年末調整 2026-07-08
年末 調整 保険 料 控除 確定 申告,480,27.0,Informational,N/A,年末調整 2026-07-08
年末 調整 個人 年金 保険,480,19.0,Informational,N/A,年末調整 2026-07-08
年末 調整 個人 番号 書か ない,480,17.0,Informational,N/A,年末調整 2026-07-08
年末 調整 健康 保険 料,480,29.0,Informational,N/A,年末調整 2026-07-08
年末 調整 傷病 手当 金,480,18.0,Informational,N/A,年末調整 2026-07-08
年末 調整 原本,480,28.0,Informational,N/A,年末調整 2026-07-08
年末 調整 地震 保険 料 控除 書き方,480,13.0,Informational,N/A,年末調整 2026-07-08
年末 調整 外国 人,480,24.0,Informational,N/A,年末調整 2026-07-08
年末 調整 対象 期間,480,30.0,Informational,N/A,年末調整 2026-07-08
年末 調整 提出 書類 税務署,480,26.0,Informational,N/A,年末調整 2026-07-08
年末 調整 書き方 続柄,480,28.0,Informational,N/A,年末調整 2026-07-08
年末 調整 期限 過ぎ た,480,18.0,Informational,N/A,年末調整 2026-07-08
年末 調整 未済,480,22.0,Informational,N/A,年末調整 2026-07-08
年末 調整 源泉 徴収 票 転職,480,25.0,Informational,N/A,年末調整 2026-07-08
年末 調整 特別 障害 者 と は,480,28.0,Informational,N/A,年末調整 2026-07-08
年末 調整 申告 書 クラウド,480,11.0,"Informational, Transactional",N/A,年末調整 2026-07-08
年末 調整 確定 申告 ふるさと 納税,480,28.0,Informational,N/A,年末調整 2026-07-08
年末 調整 確定 申告 医療 費 控除,480,30.0,Informational,N/A,年末調整 2026-07-08
年末 調整 税務署 提出 書類,480,17.0,Informational,N/A,年末調整 2026-07-08
年末 調整 続柄 書き方,480,28.0,Informational,N/A,年末調整 2026-07-08
年末 調整 車 の 保険,480,17.0,Informational,N/A,年末調整 2026-07-08
年末 調整 返 金額,480,27.0,Informational,N/A,年末調整 2026-07-08
年末 調整 返っ て こない,480,18.0,Informational,N/A,年末調整 2026-07-08
年末 調整 遺族 年金,480,19.0,Informational,N/A,年末調整 2026-07-08
年末 調整 還付 いつ,480,27.0,Informational,N/A,年末調整 2026-07-08
年末 調整 還付 金 仕訳,480,24.0,Informational,N/A,年末調整 2026-07-08
年末 調整 配偶 者 控除 共働き,480,13.0,Informational,N/A,年末調整 2026-07-08
年末 調整 配偶 者 特別 控除 書き方,480,25.0,Informational,N/A,年末調整 2026-07-08
年末 調整 間違え たら,480,19.0,Informational,N/A,年末調整 2026-07-08
年末調整 2021 変更点,480,13.0,Informational,N/A,年末調整 2026-07-08
年末調整 不動産所得 書かない,480,13.0,Informational,N/A,年末調整 2026-07-08
年末調整 住宅ローン控除 いつまで,480,30.0,Informational,N/A,年末調整 2026-07-08
年末調整 確定申告 どっちがいい,480,24.0,Informational,N/A,年末調整 2026-07-08
年末調整 締め切り 社内,480,24.0,Informational,N/A,年末調整 2026-07-08
年末調整 転職した場合 書き方,480,25.0,Informational,N/A,年末調整 2026-07-08
年末調整しないとどうなる アルバイト,480,16.0,Informational,N/A,年末調整 2026-07-08
年末調整による超過税額 納付書 書き方,480,23.0,Informational,N/A,年末調整 2026-07-08
年金 から 引 かれる 介護 保険 料 年末 調整,480,14.0,Informational,N/A,年末調整 2026-07-08
年金受給者を扶養に入れる 年末調整 書き方,480,30.0,Informational,N/A,年末調整 2026-07-08
弥生 給与 年末 調整,480,26.0,Navigational,N/A,年末調整 2026-07-08
明治 安田 生命 b スタイル 年末 調整 書き方,480,23.0,Informational,N/A,年末調整 2026-07-08
業務 委託 年末 調整,480,15.0,Informational,N/A,年末調整 2026-07-08
死亡 退職 年末 調整,480,15.0,Informational,N/A,年末調整 2026-07-08
県民 共済 年末 調整 いくら 戻る,480,12.0,Informational,N/A,年末調整 2026-07-08
確定 申告 年末 調整 ふるさと 納税,480,24.0,Informational,N/A,年末調整 2026-07-08
育休 手当 年末 調整,480,17.0,Informational,N/A,年末調整 2026-07-08
転職 年末 調整 源泉 徴収 票,480,26.0,Informational,N/A,年末調整 2026-07-08
遺族 年金 年末 調整,480,20.0,Informational,N/A,年末調整 2026-07-08
配偶 者 特別 控除 年末 調整 書き方,480,28.0,Informational,N/A,年末調整 2026-07-08
高校生 バイト 年末 調整,480,24.0,Informational,N/A,年末調整 2026-07-08
不動産 売却 税金 計算 シュミレーション,480,19.0,Informational,N/A,税金計算 2026-07-07
普通 預金 利息 税金 計算,480,20.0,Informational,N/A,税金計算 2026-07-07
株 売却 税金 計算,480,19.0,Informational,N/A,税金計算 2026-07-07
海外 fx 税金 計算 シミュレーション,480,11.0,Informational,N/A,税金計算 2026-07-07
配当 金 税金 計算,480,30.0,Informational,N/A,税金計算 2026-07-07
fx 確定 申告 いくら から,480,25.0,Informational,N/A,確定申告 2026-07-08
safari 確定 申告,480,24.0,Informational,N/A,確定申告 2026-07-08
youtube 確定 申告,480,15.0,Informational,N/A,確定申告 2026-07-08
せどり 確定 申告,480,11.0,Informational,N/A,確定申告 2026-07-08
ふるさと 納税 確定 申告 還付,480,24.0,Informational,N/A,確定申告 2026-07-08
ふるさと納税 確定申告 忘れた 住民税 還付,480,17.0,Informational,N/A,確定申告 2026-07-08
ウーバー 確定 申告,480,16.0,Informational,N/A,確定申告 2026-07-08
キャバ 嬢 確定 申告,480,12.0,Informational,N/A,確定申告 2026-07-08
チャトレ 確定 申告,480,11.0,Informational,N/A,確定申告 2026-07-08
バイト 確定 申告 やり方,480,26.0,Informational,N/A,確定申告 2026-07-08
マンション 購入 確定 申告,480,20.0,Informational,N/A,確定申告 2026-07-08
メルカリ 不 用品 確定 申告,480,16.0,Informational,N/A,確定申告 2026-07-08
メルカリ 収入 確定 申告,480,20.0,Informational,N/A,確定申告 2026-07-08
レター パック 確定 申告,480,10.0,Informational,N/A,確定申告 2026-07-08
一口 馬主 確定 申告,480,11.0,"Informational, Transactional",N/A,確定申告 2026-07-08
一般 口座 で 買っ て しまっ た 確定 申告,480,27.0,Informational,N/A,確定申告 2026-07-08
不動産 売却 確定 申告 税理士 費用,480,11.0,Informational,N/A,確定申告 2026-07-08
不動産 売買 確定 申告,480,27.0,Informational,N/A,確定申告 2026-07-08
不動産 所得 確定 申告 不要,480,24.0,Informational,N/A,確定申告 2026-07-08
不妊 治療 確定 申告,480,13.0,Informational,N/A,確定申告 2026-07-08
主婦 確定 申告,480,23.0,Informational,N/A,確定申告 2026-07-08
乙 欄 確定 申告 やり方,480,29.0,Informational,N/A,確定申告 2026-07-08
人間ドック 確定 申告,480,15.0,Informational,N/A,確定申告 2026-07-08
仮想通貨 確定申告 バレない 100万,480,14.0,Informational,N/A,確定申告 2026-07-08
住宅 ローン 控除 2 年 目 確定 申告 書き方,480,27.0,Informational,N/A,確定申告 2026-07-08
住宅 ローン 控除 確定 申告 書き方,480,28.0,Informational,N/A,確定申告 2026-07-08
住宅 購入 確定 申告 必要 書類,480,23.0,Informational,N/A,確定申告 2026-07-08
保険 金 確定 申告 不要,480,24.0,Informational,N/A,確定申告 2026-07-08
個人 事業 主 赤字 確定 申告,480,17.0,Informational,N/A,確定申告 2026-07-08
個人 年金 保険 確定 申告,480,24.0,Informational,N/A,確定申告 2026-07-08
副業 確定 申告 住民 税,480,17.0,Informational,N/A,確定申告 2026-07-08
医療 費 控除 ふるさと 納税 確定 申告,480,26.0,Informational,N/A,確定申告 2026-07-08
医療 費 控除 確定 申告 保険 金,480,17.0,Informational,N/A,確定申告 2026-07-08
医療 費 控除 確定 申告 期間,480,30.0,Informational,N/A,確定申告 2026-07-08
医療 費 確定 申告 いくら 戻る,480,14.0,Informational,N/A,確定申告 2026-07-08
単発 バイト 確定 申告 不要,480,14.0,Informational,N/A,確定申告 2026-07-08
国民 健康 保険 確定 申告 やり方,480,18.0,Informational,N/A,確定申告 2026-07-08
土地 売買 確定 申告,480,29.0,Informational,N/A,確定申告 2026-07-08
土地売却 確定申告 自分で できる,480,22.0,Informational,N/A,確定申告 2026-07-08
売 電 収入 確定 申告,480,23.0,Informational,N/A,確定申告 2026-07-08
太陽 光 発電 確定 申告,480,24.0,Informational,N/A,確定申告 2026-07-08
妊婦 健 診 確定 申告,480,25.0,Informational,N/A,確定申告 2026-07-08
家 売却 確定申告 不要,480,14.0,Informational,N/A,確定申告 2026-07-08
家賃 確定 申告,480,30.0,Informational,N/A,確定申告 2026-07-08
市民 税 確定 申告 控除,480,29.0,Informational,N/A,確定申告 2026-07-08
年金 保険 確定 申告,480,25.0,Informational,N/A,確定申告 2026-07-08
年金 暮らし 確定 申告,480,30.0,Informational,N/A,確定申告 2026-07-08
引っ越し 確定 申告,480,24.0,Informational,N/A,確定申告 2026-07-08
株主 優待 確定 申告,480,16.0,Informational,N/A,確定申告 2026-07-08
株式 投資 確定 申告,480,30.0,Informational,N/A,確定申告 2026-07-08
業務 委託 確定 申告 源泉 徴収 なし,480,19.0,Informational,N/A,確定申告 2026-07-08
横浜 市 確定 申告,480,25.0,Informational,N/A,確定申告 2026-07-08
民 商 確定 申告,480,1.0,Informational,N/A,確定申告 2026-07-08
法人 確定 申告 期限,480,25.0,Informational,N/A,確定申告 2026-07-08
準 確定 申告 医療 費 控除,480,17.0,Informational,N/A,確定申告 2026-07-08
準 確定 申告 期限 過ぎ た,480,15.0,Informational,N/A,確定申告 2026-07-08
無職 確定申告 デメリット,480,23.0,Informational,N/A,確定申告 2026-07-08
生命 保険 満期 確定 申告,480,20.0,Informational,N/A,確定申告 2026-07-08
生命 保険 給付 金 確定 申告,480,18.0,Informational,N/A,確定申告 2026-07-08
短期 バイト 確定 申告,480,13.0,Informational,N/A,確定申告 2026-07-08
確定 申告 103 万 以下 個人 事業 主,480,18.0,Informational,N/A,確定申告 2026-07-08
確定 申告 fx 損失,480,27.0,Informational,N/A,確定申告 2026-07-08
確定 申告 いつから 医療 費 控除,480,27.0,Informational,N/A,確定申告 2026-07-08
確定 申告 しない と,480,21.0,Informational,N/A,確定申告 2026-07-08
確定 申告 せどり,480,12.0,Informational,N/A,確定申告 2026-07-08
確定 申告 なぜ 必要,480,27.0,Informational,N/A,確定申告 2026-07-08
確定 申告 やり方 バイト,480,26.0,Informational,N/A,確定申告 2026-07-08
確定 申告 ガソリン 代 項目,480,18.0,Informational,N/A,確定申告 2026-07-08
確定 申告 キャバ 嬢,480,11.0,Informational,N/A,確定申告 2026-07-08
確定 申告 ソフト おすすめ,480,29.0,Informational,N/A,確定申告 2026-07-08
確定 申告 バレ ない,480,11.0,Informational,N/A,確定申告 2026-07-08
確定 申告 バレる,480,15.0,Informational,N/A,確定申告 2026-07-08
確定 申告 メリット,480,25.0,Informational,N/A,確定申告 2026-07-08
確定 申告 レター パック,480,8.0,Informational,N/A,確定申告 2026-07-08
確定 申告 不備 が あっ た 場合,480,13.0,Informational,N/A,確定申告 2026-07-08
確定 申告 主婦,480,18.0,Informational,N/A,確定申告 2026-07-08
確定 申告 介護 保険 料 控除 書き方,480,21.0,Informational,N/A,確定申告 2026-07-08
確定 申告 住宅 ローン 控除 書き方,480,29.0,Informational,N/A,確定申告 2026-07-08
確定 申告 保管 期間,480,19.0,Informational,N/A,確定申告 2026-07-08
確定 申告 入院 給付 金 ばれる,480,14.0,Informational,N/A,確定申告 2026-07-08
確定 申告 分離 課税 第 三 表 書き方,480,25.0,Informational,N/A,確定申告 2026-07-08
確定 申告 医療 費 いくら 戻る,480,24.0,Informational,N/A,確定申告 2026-07-08
確定 申告 医療 費 控除 の 期間,480,30.0,Informational,N/A,確定申告 2026-07-08
確定 申告 医療 費 控除 何 年 前 まで,480,25.0,Informational,N/A,確定申告 2026-07-08
確定 申告 医療 費 控除 保険 金,480,14.0,Informational,N/A,確定申告 2026-07-08
確定 申告 医療 費 領収 書,480,17.0,Informational,N/A,確定申告 2026-07-08
確定 申告 収入 なし 書き方,480,21.0,Informational,N/A,確定申告 2026-07-08
確定 申告 固定 資産 税 控除,480,21.0,Informational,N/A,確定申告 2026-07-08
確定 申告 妊婦 健 診,480,23.0,Informational,N/A,確定申告 2026-07-08
確定 申告 家,480,29.0,Informational,N/A,確定申告 2026-07-08
確定 申告 家族 分,480,25.0,Informational,N/A,確定申告 2026-07-08
確定 申告 家賃,480,23.0,Informational,N/A,確定申告 2026-07-08
確定 申告 家賃 収入,480,16.0,Informational,N/A,確定申告 2026-07-08
確定 申告 家賃 経費,480,26.0,Informational,N/A,確定申告 2026-07-08
確定 申告 市民 税 控除,480,15.0,Informational,N/A,確定申告 2026-07-08
確定 申告 年金 必要 書類,480,30.0,Informational,N/A,確定申告 2026-07-08
確定 申告 引越し,480,26.0,Informational,N/A,確定申告 2026-07-08
確定 申告 控え 再 発行,480,11.0,Informational,N/A,確定申告 2026-07-08
確定 申告 控除 証明 書,480,27.0,Informational,N/A,確定申告 2026-07-08
確定 申告 損害 保険 料 と は,480,28.0,Informational,N/A,確定申告 2026-07-08
確定 申告 整理 番号 と は,480,25.0,Informational,N/A,確定申告 2026-07-08
確定 申告 時間 外 収受 箱,480,16.0,Informational,N/A,確定申告 2026-07-08
確定 申告 期限 後 申告,480,28.0,Informational,N/A,確定申告 2026-07-08
確定 申告 法人 期限,480,29.0,Informational,N/A,確定申告 2026-07-08
確定 申告 漏れ,480,16.0,Informational,N/A,確定申告 2026-07-08
確定 申告 生命 保険 満期,480,23.0,Informational,N/A,確定申告 2026-07-08
確定 申告 福岡 市,480,28.0,Navigational,N/A,確定申告 2026-07-08
確定 申告 納付 なぜ,480,25.0,Informational,N/A,確定申告 2026-07-08
確定 申告 納付 期限 過ぎ た,480,30.0,Informational,N/A,確定申告 2026-07-08
確定 申告 貸借 対照 表,480,30.0,Informational,N/A,確定申告 2026-07-08
確定 申告 赤字,480,12.0,Informational,N/A,確定申告 2026-07-08
確定 申告 転職 した 場合,480,19.0,Informational,N/A,確定申告 2026-07-08
確定 申告 退職 金 が ある 場合,480,29.0,Informational,N/A,確定申告 2026-07-08
確定 申告 遅れる と どうなる,480,25.0,Informational,N/A,確定申告 2026-07-08
確定 申告 間に合わ なかっ たら,480,13.0,Informational,N/A,確定申告 2026-07-08
確定 申告 障害 者 控除 必要 書類,480,16.0,Informational,N/A,確定申告 2026-07-08
確定 申告 領収 書 ない 個人,480,15.0,Informational,N/A,確定申告 2026-07-08
確定 申告 領収 書 まとめ 方,480,24.0,Informational,N/A,確定申告 2026-07-08
確定 申告 高額 医療 費 控除,480,30.0,Informational,N/A,確定申告 2026-07-08
確定申告 12月分 1月支払い アルバイト,480,15.0,Informational,N/A,確定申告 2026-07-08
確定申告 いくら戻る シュミレーション,480,27.0,Informational,N/A,確定申告 2026-07-08
確定申告 引き落とし日 2023,480,21.0,"Informational, Transactional",N/A,確定申告 2026-07-08
社会 保険 料 控除 証明 書 確定 申告,480,29.0,Informational,N/A,確定申告 2026-07-08
福岡 市 確定 申告,480,28.0,"Informational, Navigational",N/A,確定申告 2026-07-08
給与 所得 者 の 確定 申告,480,30.0,Informational,N/A,確定申告 2026-07-08
貸 株 確定 申告,480,28.0,Informational,N/A,確定申告 2026-07-08
貸借 対照 表 確定 申告,480,24.0,Informational,N/A,確定申告 2026-07-08
赤字 確定 申告,480,13.0,Informational,N/A,確定申告 2026-07-08
遺族年金 確定申告必要か,480,20.0,Informational,N/A,確定申告 2026-07-08
障害 者 年金 確定 申告,480,8.0,Informational,N/A,確定申告 2026-07-08
雇用 保険 確定 申告,480,19.0,Informational,N/A,確定申告 2026-07-08
養育 費 確定 申告,480,13.0,Informational,N/A,確定申告 2026-07-08
65 歳 以上 社会 保険 料,480,14.0,Informational,N/A,社会保険料 2026-07-08
休業 中 の 社会 保険 料,480,12.0,Informational,N/A,社会保険料 2026-07-08
休業 中 社会 保険 料,480,15.0,Informational,N/A,社会保険料 2026-07-08
同月 得喪 社会 保険 料,480,11.0,Informational,N/A,社会保険料 2026-07-08
無職 社会 保険 料,480,14.0,Informational,N/A,社会保険料 2026-07-08
産休 社会 保険 料,480,14.0,Informational,N/A,社会保険料 2026-07-08
社会 保険 料 4 月 から 6 月 無職,480,23.0,Informational,N/A,社会保険料 2026-07-08
社会 保険 料 65 歳 以上,480,24.0,Informational,N/A,社会保険料 2026-07-08
社会 保険 料 と は 給与 明細,480,17.0,Informational,N/A,社会保険料 2026-07-08
社会 保険 料 上がる タイミング,480,13.0,Informational,N/A,社会保険料 2026-07-08
社会 保険 料 任意 継続,480,19.0,Informational,N/A,社会保険料 2026-07-08
社会 保険 料 住民 税,480,27.0,Informational,N/A,社会保険料 2026-07-08
社会 保険 料 取 られ すぎ,480,21.0,Informational,N/A,社会保険料 2026-07-08
社会 保険 料 変更 いつから,480,23.0,Informational,N/A,社会保険料 2026-07-08
社会 保険 料 学生,480,25.0,Informational,N/A,社会保険料 2026-07-08
社会 保険 料 支払い,480,24.0,Informational,N/A,社会保険料 2026-07-08
社会 保険 料 月額 報酬,480,27.0,Informational,N/A,社会保険料 2026-07-08
社会 保険 料 月額 変更 いつから,480,26.0,Informational,N/A,社会保険料 2026-07-08
社会 保険 料 残業,480,15.0,Informational,N/A,社会保険料 2026-07-08
社会 保険 料 産休,480,10.0,Informational,N/A,社会保険料 2026-07-08
社会 保険 料 神奈川 県,480,12.0,"Informational, Navigational",N/A,社会保険料 2026-07-08
社会 保険 料 算定,480,26.0,Informational,N/A,社会保険料 2026-07-08
社会 保険 料 納付 書,480,19.0,Informational,N/A,社会保険料 2026-07-08
社会 保険 料 退職 月,480,16.0,Informational,N/A,社会保険料 2026-07-08
神奈川 県 社会 保険 料,480,18.0,"Informational, Navigational",N/A,社会保険料 2026-07-08
育休 復帰 社会 保険 料,480,16.0,Informational,N/A,社会保険料 2026-07-08
育休 社会 保険 料,480,21.0,Informational,N/A,社会保険料 2026-07-08
通勤 費 社会 保険 料,480,13.0,Informational,N/A,社会保険料 2026-07-08
11 月 入社 年末 調整,390,16.0,Informational,N/A,年末調整 2026-07-08
12 月 31 日 退職 年末 調整,390,15.0,Informational,N/A,年末調整 2026-07-08
12 月 いっぱい で 退職 年末 調整,390,15.0,Informational,N/A,年末調整 2026-07-08
2 箇所 から 給与 年末 調整,390,29.0,Informational,N/A,年末調整 2026-07-08
65 歳 以上 介護 保険 料 年末 調整,390,16.0,Informational,N/A,年末調整 2026-07-08
pca 年末 調整,390,19.0,"Navigational, Transactional",N/A,年末調整 2026-07-08
アルバイト 年末 調整 書き方,390,29.0,Informational,N/A,年末調整 2026-07-08
ジョブカン 年末 調整,390,21.0,Informational,N/A,年末調整 2026-07-08
ソニー 生命 年末 調整 書き方,390,27.0,Navigational,N/A,年末調整 2026-07-08
ダブル ワーク 年末 調整 書き方,390,19.0,Informational,N/A,年末調整 2026-07-08
ニッセイ 年末 調整,390,16.0,Navigational,N/A,年末調整 2026-07-08
パート 年末 調整 扶養,390,26.0,Informational,N/A,年末調整 2026-07-08
パート 扶養 内 年末 調整,390,29.0,Informational,N/A,年末調整 2026-07-08
パート 扶養 年末 調整,390,27.0,Informational,N/A,年末調整 2026-07-08
フリー ランス 年末 調整,390,13.0,Informational,N/A,年末調整 2026-07-08
メディケア 生命 年末 調整,390,20.0,Navigational,N/A,年末調整 2026-07-08
世帯 主 と は 年末 調整,390,16.0,Informational,N/A,年末調整 2026-07-08
介護 保険 料 65 歳 以上 年末 調整,390,16.0,Informational,N/A,年末調整 2026-07-08
介護 保険 料 年末 調整 65 歳 以上,390,17.0,Informational,N/A,年末調整 2026-07-08
介護 医療 保険 料 控除 年末 調整,390,16.0,Informational,N/A,年末調整 2026-07-08
個人 年金 年末 調整 いくら 戻る,390,13.0,Informational,N/A,年末調整 2026-07-08
個人年金保険料控除 年末調整,390,24.0,Informational,N/A,年末調整 2026-07-08
健康 保険 年末 調整,390,27.0,Informational,N/A,年末調整 2026-07-08
全国 生活 協同 組合 連合 会 年末 調整,390,15.0,Informational,N/A,年末調整 2026-07-08
前 職 年末 調整,390,26.0,Informational,N/A,年末調整 2026-07-08
去年より年収下がった 年末調整,390,30.0,Informational,N/A,年末調整 2026-07-08
学資 保険 年末 調整 書き方,390,15.0,Informational,N/A,年末調整 2026-07-08
市民 税 年末 調整,390,17.0,Informational,N/A,年末調整 2026-07-08
年末 調整 11 月 入社,390,16.0,Informational,N/A,年末調整 2026-07-08
年末 調整 12 月 31 日 退職,390,15.0,Informational,N/A,年末調整 2026-07-08
年末 調整 いくら,390,28.0,Informational,N/A,年末調整 2026-07-08
年末 調整 いつ 振り込ま れる,390,22.0,Informational,N/A,年末調整 2026-07-08
年末 調整 は いつから いつまで,390,25.0,Informational,N/A,年末調整 2026-07-08
年末 調整 アルバイト 書き方,390,28.0,Informational,N/A,年末調整 2026-07-08
年末 調整 ハガキ 来 ない,390,16.0,Informational,N/A,年末調整 2026-07-08
年末 調整 パート 扶養,390,27.0,Informational,N/A,年末調整 2026-07-08
年末 調整 フリー ランス,390,14.0,Informational,N/A,年末調整 2026-07-08
年末 調整 マイ ナンバー 必要,390,17.0,Informational,N/A,年末調整 2026-07-08
年末 調整 マイナス 表記,390,20.0,Informational,N/A,年末調整 2026-07-08
年末 調整 世帯 主 続柄,390,22.0,Informational,N/A,年末調整 2026-07-08
年末 調整 介護 医療 保険 料 控除,390,15.0,Informational,N/A,年末調整 2026-07-08
年末 調整 仕訳,390,21.0,Informational,N/A,年末調整 2026-07-08
年末 調整 保険 の 種類 書き方,390,14.0,Informational,N/A,年末調整 2026-07-08
年末 調整 保険 控除 書き方,390,20.0,Informational,N/A,年末調整 2026-07-08
年末 調整 保険 料 控除 介護 医療,390,19.0,Informational,N/A,年末調整 2026-07-08
年末 調整 健康 保険,390,30.0,Informational,N/A,年末調整 2026-07-08
年末 調整 失業 保険,390,22.0,Informational,N/A,年末調整 2026-07-08
年末 調整 学資 保険 書き方,390,15.0,Informational,N/A,年末調整 2026-07-08
年末 調整 市民 税,390,17.0,Informational,N/A,年末調整 2026-07-08
年末 調整 引っ越し,390,15.0,Informational,N/A,年末調整 2026-07-08
年末 調整 必要 ない 人,390,28.0,Informational,N/A,年末調整 2026-07-08
年末 調整 意味 が わからない,390,27.0,Informational,N/A,年末調整 2026-07-08
年末 調整 所得 見積 額,390,28.0,Informational,N/A,年末調整 2026-07-08
年末 調整 扶養 パート,390,22.0,Informational,N/A,年末調整 2026-07-08
年末 調整 扶養 控除 間違い 確定 申告,390,25.0,Informational,N/A,年末調整 2026-07-08
年末 調整 書き 間違い,390,24.0,Informational,N/A,年末調整 2026-07-08
年末 調整 書き 間違い 訂正,390,20.0,Informational,N/A,年末調整 2026-07-08
年末 調整 書き 間違え た 場合,390,15.0,Informational,N/A,年末調整 2026-07-08
年末 調整 書類 いつ 届く,390,25.0,Informational,N/A,年末調整 2026-07-08
年末 調整 火災 保険 控除,390,16.0,Informational,N/A,年末調整 2026-07-08
年末 調整 産休,390,16.0,Informational,N/A,年末調整 2026-07-08
年末 調整 確定 拠出 年金,390,29.0,Informational,N/A,年末調整 2026-07-08
年末 調整 確定 申告 重複,390,23.0,Informational,N/A,年末調整 2026-07-08
年末 調整 税理士,390,13.0,Informational,N/A,年末調整 2026-07-08
年末 調整 結婚,390,15.0,Informational,N/A,年末調整 2026-07-08
年末 調整 給与 以外 の 所得,390,25.0,Informational,N/A,年末調整 2026-07-08
年末 調整 給与 所得 交通 費,390,28.0,Informational,N/A,年末調整 2026-07-08
年末 調整 自 営業,390,13.0,Informational,N/A,年末調整 2026-07-08
年末 調整 自転車 保険,390,17.0,Informational,N/A,年末調整 2026-07-08
年末 調整 見積 額 ざっくり,390,24.0,Informational,N/A,年末調整 2026-07-08
年末 調整 賞与,390,21.0,Informational,N/A,年末調整 2026-07-08
年末 調整 転職 源泉 徴収 票 ない,390,26.0,Informational,N/A,年末調整 2026-07-08
年末 調整 途中 入社,390,28.0,Informational,N/A,年末調整 2026-07-08
年末 調整 途中 退職,390,30.0,Informational,N/A,年末調整 2026-07-08
年末 調整 過 不足 税額,390,24.0,Informational,N/A,年末調整 2026-07-08
年末 調整 還付 金 去年 より 多い,390,19.0,Informational,N/A,年末調整 2026-07-08
年末 調整 間に合わ ない,390,19.0,Informational,N/A,年末調整 2026-07-08
年末 調整 間に合わ ない 確定 申告,390,20.0,Informational,N/A,年末調整 2026-07-08
年末 調整 間違え た,390,25.0,Informational,N/A,年末調整 2026-07-08
年末 調整 障害 者 年金,390,10.0,Informational,N/A,年末調整 2026-07-08
年末 調整 高額 医療,390,18.0,Informational,N/A,年末調整 2026-07-08
年末調整 収入金額 大体でいい 知恵袋,390,27.0,Informational,N/A,年末調整 2026-07-08
年末調整 結婚 扶養に入らない 書き方,390,17.0,Informational,N/A,年末調整 2026-07-08
年末調整 還付金 収入になるのか,390,28.0,Informational,N/A,年末調整 2026-07-08
府民 共済 年末 調整,390,23.0,Informational,N/A,年末調整 2026-07-08
引っ越し 年末 調整,390,14.0,Informational,N/A,年末調整 2026-07-08
扶養 パート 年末 調整,390,25.0,Informational,N/A,年末調整 2026-07-08
扶養 内 パート 年末 調整 保険 料 控除,390,23.0,Informational,N/A,年末調整 2026-07-08
日本 生命 年末 調整 計算 ツール,390,29.0,Informational,N/A,年末調整 2026-07-08
明治 安田 生命 年末 調整 ハガキ いつ,390,23.0,Informational,N/A,年末調整 2026-07-08
火災 保険 年末 調整 控除,390,16.0,Informational,N/A,年末調整 2026-07-08
火災 保険 控除 年末 調整,390,15.0,Informational,N/A,年末調整 2026-07-08
生命保険料控除証明書 電子データ 年末調整,390,24.0,Informational,N/A,年末調整 2026-07-08
産休 年末 調整,390,16.0,Informational,N/A,年末調整 2026-07-08
短期 バイト 年末 調整,390,19.0,Informational,N/A,年末調整 2026-07-08
確定 申告 する 場合 年末 調整,390,28.0,Informational,N/A,年末調整 2026-07-08
結婚 年末 調整,390,21.0,Informational,N/A,年末調整 2026-07-08
給与 所得 交通 費 年末 調整,390,26.0,Informational,N/A,年末調整 2026-07-08
育休 中 の 年末 調整,390,18.0,Informational,N/A,年末調整 2026-07-08
育児 休業 給付 金 年末 調整,390,18.0,Informational,N/A,年末調整 2026-07-08
自 営業 年末 調整,390,13.0,Informational,N/A,年末調整 2026-07-08
自転車 保険 年末 調整,390,16.0,Informational,N/A,年末調整 2026-07-08
賞与 年末 調整,390,18.0,Informational,N/A,年末調整 2026-07-08
途中 入社 年末 調整,390,28.0,Informational,N/A,年末調整 2026-07-08
途中 退職 年末 調整,390,23.0,Informational,N/A,年末調整 2026-07-08
高額 医療 年末 調整,390,16.0,Informational,N/A,年末調整 2026-07-08
fx 税金 計算 シミュレーション,390,14.0,Informational,N/A,税金計算 2026-07-07
フリー ランス 税金 計算,390,29.0,Informational,N/A,税金計算 2026-07-07
企業 年金 税金 計算 シュミレーション,390,22.0,Informational,N/A,税金計算 2026-07-07
年金 税金 計算,390,20.0,Informational,N/A,税金計算 2026-07-07
2021 確定申告期限,390,24.0,Informational,N/A,確定申告 2026-07-08
paypay 確定 申告,390,19.0,Informational,N/A,確定申告 2026-07-08
uber 確定 申告,390,11.0,Informational,N/A,確定申告 2026-07-08
youtube 確定 申告 ばれ ない,390,8.0,Informational,N/A,確定申告 2026-07-08
さいたま 市 確定 申告 さいたま スーパー アリーナ,390,29.0,Informational,N/A,確定申告 2026-07-08
アメリカ 確定 申告,390,13.0,Informational,N/A,確定申告 2026-07-08
キャバクラ 確定 申告,390,11.0,Informational,N/A,確定申告 2026-07-08
ココナラ 確定 申告,390,17.0,Informational,N/A,確定申告 2026-07-08
ハンドメイド 確定 申告,390,13.0,Informational,N/A,確定申告 2026-07-08
パート 確定 申告 いくら から,390,30.0,Informational,N/A,確定申告 2026-07-08
フリー ランス 確定 申告 いくら から,390,26.0,Informational,N/A,確定申告 2026-07-08
メンエス 確定 申告,390,12.0,Informational,N/A,確定申告 2026-07-08
ヤフオク 確定 申告,390,12.0,Informational,N/A,確定申告 2026-07-08
レイク タウン 確定 申告,390,16.0,Informational,N/A,確定申告 2026-07-08
ワンス トップ 申請 確定 申告,390,27.0,Informational,N/A,確定申告 2026-07-08
亡くなった人の確定申告は必要か,390,14.0,Informational,N/A,確定申告 2026-07-08
交通 費 確定 申告,390,15.0,Informational,N/A,確定申告 2026-07-08
令和4年分 確定申告 期間,390,28.0,Informational,N/A,確定申告 2026-07-08
仮想 通貨 確定 申告 計算 ツール,390,29.0,Informational,N/A,確定申告 2026-07-08
住宅 ローン 2 年 目 確定 申告,390,29.0,Informational,N/A,確定申告 2026-07-08
住宅 ローン 減税 確定 申告 必要 書類,390,28.0,Informational,N/A,確定申告 2026-07-08
住宅 売却 確定 申告,390,22.0,Informational,N/A,確定申告 2026-07-08
保険 控除 確定 申告,390,29.0,Informational,N/A,確定申告 2026-07-08
保険 給付 金 確定 申告,390,25.0,Informational,N/A,確定申告 2026-07-08
保険 解約 金 確定 申告,390,22.0,Informational,N/A,確定申告 2026-07-08
個人 年金 確定 申告 控除,390,29.0,Informational,N/A,確定申告 2026-07-08
個人 年金 確定 申告 書き方,390,22.0,Informational,N/A,確定申告 2026-07-08
健康 保険 確定 申告,390,20.0,Informational,N/A,確定申告 2026-07-08
先物 取引 確定 申告,390,25.0,Informational,N/A,確定申告 2026-07-08
兼業 農家 確定 申告,390,20.0,Informational,N/A,確定申告 2026-07-08
出産 医療 費 控除 確定 申告,390,20.0,Informational,N/A,確定申告 2026-07-08
医療 費 控除 出産 確定 申告,390,23.0,Informational,N/A,確定申告 2026-07-08
医療 費 控除 確定 申告 10 万 以下,390,16.0,Informational,N/A,確定申告 2026-07-08
医療 費 控除 確定 申告 いつから いつまで,390,30.0,Informational,N/A,確定申告 2026-07-08
医療 費 控除 確定 申告 で 必要 な もの,390,29.0,Informational,N/A,確定申告 2026-07-08
医療 費 控除 確定 申告 予防 接種,390,18.0,Informational,N/A,確定申告 2026-07-08
医療 費 控除 確定 申告 出産,390,19.0,Informational,N/A,確定申告 2026-07-08
医療 費 控除 確定 申告 計算,390,28.0,Informational,N/A,確定申告 2026-07-08
医療 費 確定 申告 明細 書,390,20.0,Informational,N/A,確定申告 2026-07-08
同人 誌 確定 申告,390,20.0,Informational,N/A,確定申告 2026-07-08
国民 健康 保険 料 確定 申告 控除,390,21.0,Informational,N/A,確定申告 2026-07-08
土地 の 売買 確定 申告,390,28.0,Informational,N/A,確定申告 2026-07-08
土地 購入 確定 申告,390,19.0,Informational,N/A,確定申告 2026-07-08
外交 員 報酬 確定 申告,390,23.0,Informational,N/A,確定申告 2026-07-08
大阪 市 確定 申告 場所,390,28.0,Informational,N/A,確定申告 2026-07-08
奨学 金 確定 申告,390,26.0,Informational,N/A,確定申告 2026-07-08
定年 退職 確定 申告,390,26.0,Informational,N/A,確定申告 2026-07-08
家賃 収入 確定 申告 やり方,390,22.0,Informational,N/A,確定申告 2026-07-08
専従者給与をもらっている 確定申告 書き方,390,28.0,Informational,N/A,確定申告 2026-07-08
小 規模 企業 共済 確定 申告,390,21.0,Informational,N/A,確定申告 2026-07-08
川口 市 確定 申告,390,28.0,Informational,N/A,確定申告 2026-07-08
年 途中 退職 確定 申告,390,30.0,Informational,N/A,確定申告 2026-07-08
年金 の 確定 申告 必要 書類,390,27.0,Informational,N/A,確定申告 2026-07-08
年金 収入 のみ 確定 申告,390,27.0,Informational,N/A,確定申告 2026-07-08
年金 生活 者 の 確定 申告,390,30.0,Informational,N/A,確定申告 2026-07-08
後期 高齢 者 医療 費 控除 確定 申告,390,17.0,Informational,N/A,確定申告 2026-07-08
後期 高齢 者 確定 申告 医療 費 控除,390,18.0,Informational,N/A,確定申告 2026-07-08
日雇い バイト 確定 申告,390,15.0,Informational,N/A,確定申告 2026-07-08
株 の 損失 確定 申告,390,30.0,Informational,N/A,確定申告 2026-07-08
株式 数 比例 配分 方式 確定 申告,390,24.0,Informational,N/A,確定申告 2026-07-08
死亡 した 人 の 確定 申告,390,16.0,Informational,N/A,確定申告 2026-07-08
法人 確定 申告 いつ,390,24.0,Informational,N/A,確定申告 2026-07-08
法人 確定 申告 自分 で,390,20.0,Informational,N/A,確定申告 2026-07-08
派遣 社員 確定 申告,390,14.0,Informational,N/A,確定申告 2026-07-08
浜松 市 確定 申告,390,18.0,Informational,N/A,確定申告 2026-07-08
源泉 徴収 票 なし で 確定 申告,390,23.0,Informational,N/A,確定申告 2026-07-08
源泉 徴収 票 なし 確定 申告,390,23.0,Informational,N/A,確定申告 2026-07-08
源泉 徴収 票 確定 申告 コピー,390,24.0,Informational,N/A,確定申告 2026-07-08
源泉 徴収 票 確定 申告 自分 で,390,22.0,Informational,N/A,確定申告 2026-07-08
準 確定 申告 年金 のみ,390,15.0,Informational,N/A,確定申告 2026-07-08
火災 保険 控除 確定 申告,390,17.0,Informational,N/A,確定申告 2026-07-08
為替 差益 確定 申告 ばれる,390,22.0,Informational,N/A,確定申告 2026-07-08
熊本 確定 申告,390,29.0,"Informational, Navigational",N/A,確定申告 2026-07-08
生命 保険 一時 金 確定 申告,390,24.0,Informational,N/A,確定申告 2026-07-08
生命 保険 金 確定 申告,390,26.0,Informational,N/A,確定申告 2026-07-08
生存 保険 金 確定 申告,390,20.0,Informational,N/A,確定申告 2026-07-08
生存 給付 金 確定 申告,390,15.0,Informational,N/A,確定申告 2026-07-08
相続 した 土地 売却 確定 申告,390,12.0,Informational,N/A,確定申告 2026-07-08
県民 共済 確定 申告,390,16.0,Informational,N/A,確定申告 2026-07-08
矯正 確定 申告,390,8.0,Informational,N/A,確定申告 2026-07-08
確定 申告 12 月 分 1 月 支払い,390,11.0,Informational,N/A,確定申告 2026-07-08
確定 申告 20 万 以下 住民 税,390,20.0,Informational,N/A,確定申告 2026-07-08
確定 申告 ipad,390,30.0,Informational,N/A,確定申告 2026-07-08
確定 申告 nisa,390,20.0,Informational,N/A,確定申告 2026-07-08
確定 申告 いくら から バイト,390,25.0,Informational,N/A,確定申告 2026-07-08
確定 申告 が 必要 な 人 と は,390,30.0,Informational,N/A,確定申告 2026-07-08
確定 申告 しない と 住民 税 高い,390,20.0,Informational,N/A,確定申告 2026-07-08
確定 申告 の 用紙 市役所,390,25.0,Informational,N/A,確定申告 2026-07-08
確定 申告 アルバイト 税務署,390,23.0,"Informational, Transactional",N/A,確定申告 2026-07-08
確定 申告 レシート どこまで,390,17.0,Informational,N/A,確定申告 2026-07-08
確定 申告 レシート まとめ 方,390,19.0,Informational,N/A,確定申告 2026-07-08
確定 申告 不動産 所得 書き方,390,26.0,Informational,N/A,確定申告 2026-07-08
確定 申告 代理 人 家族,390,20.0,Informational,N/A,確定申告 2026-07-08
確定 申告 住宅 ローン 2 年 目,390,26.0,Informational,N/A,確定申告 2026-07-08
確定 申告 住宅 ローン 減税 必要 書類,390,25.0,Informational,N/A,確定申告 2026-07-08
確定 申告 依頼,390,20.0,Informational,N/A,確定申告 2026-07-08
確定 申告 個人 年金 書き方,390,22.0,Informational,N/A,確定申告 2026-07-08
確定 申告 傷病 手当,390,13.0,Informational,N/A,確定申告 2026-07-08
確定 申告 出産 医療 費 控除,390,25.0,Informational,N/A,確定申告 2026-07-08
確定 申告 医療 費 の 明細 書,390,30.0,Informational,N/A,確定申告 2026-07-08
確定 申告 医療 費 控除 10 万 以下,390,18.0,Informational,N/A,確定申告 2026-07-08
確定 申告 医療 費 控除 いつから いつまで,390,30.0,Informational,N/A,確定申告 2026-07-08
確定 申告 医療 費 控除 予防 接種,390,20.0,Informational,N/A,確定申告 2026-07-08
確定 申告 医療 費 控除 出産,390,16.0,Informational,N/A,確定申告 2026-07-08
確定 申告 医療 費 控除 市販 の 薬,390,30.0,Informational,N/A,確定申告 2026-07-08
確定 申告 医療 費 控除 市販 薬,390,23.0,Informational,N/A,確定申告 2026-07-08
確定 申告 医療 費 控除 計算,390,24.0,Informational,N/A,確定申告 2026-07-08
確定 申告 医療 費 明細 書,390,22.0,Informational,N/A,確定申告 2026-07-08
確定 申告 受付 時間,390,21.0,Navigational,N/A,確定申告 2026-07-08
確定 申告 家族 代理,390,28.0,Informational,N/A,確定申告 2026-07-08
確定 申告 年金 源泉 徴収 票 ない,390,22.0,Informational,N/A,確定申告 2026-07-08
確定 申告 後期 高齢 者 医療 費 控除,390,19.0,Informational,N/A,確定申告 2026-07-08
確定 申告 所得税 分割 納付,390,24.0,Informational,N/A,確定申告 2026-07-08
確定 申告 損害 保険 料,390,26.0,Informational,N/A,確定申告 2026-07-08
確定 申告 損益 計算 書,390,29.0,Informational,N/A,確定申告 2026-07-08
確定 申告 整理 番号,390,23.0,Informational,N/A,確定申告 2026-07-08
確定 申告 新潟 市,390,25.0,Informational,N/A,確定申告 2026-07-08
確定 申告 書類 いつ 届く,390,30.0,Informational,N/A,確定申告 2026-07-08
確定 申告 書類 郵送,390,22.0,Informational,N/A,確定申告 2026-07-08
確定 申告 柏 税務署,390,28.0,"Informational, Transactional",N/A,確定申告 2026-07-08
確定 申告 株式 譲渡 所得,390,28.0,"Informational, Transactional",N/A,確定申告 2026-07-08
確定 申告 業務 委託,390,18.0,Informational,N/A,確定申告 2026-07-08
確定 申告 浜松 市,390,25.0,Informational,N/A,確定申告 2026-07-08
確定 申告 源泉 徴収 票 ない 給与 明細,390,16.0,Informational,N/A,確定申告 2026-07-08
確定 申告 源泉 徴収 票 コピー,390,21.0,Informational,N/A,確定申告 2026-07-08
確定 申告 火災 保険 控除,390,14.0,Informational,N/A,確定申告 2026-07-08
確定 申告 神戸 市,390,25.0,Informational,N/A,確定申告 2026-07-08
確定 申告 第 二 表,390,25.0,Informational,N/A,確定申告 2026-07-08
確定 申告 職業 欄 一覧,390,16.0,Informational,N/A,確定申告 2026-07-08
確定 申告 自動車 保険,390,18.0,Informational,N/A,確定申告 2026-07-08
確定 申告 自費 診療,390,14.0,Informational,N/A,確定申告 2026-07-08
確定 申告 譲渡 所得 添付 書類,390,22.0,Informational,N/A,確定申告 2026-07-08
確定 申告 赤字 の 場合,390,12.0,Informational,N/A,確定申告 2026-07-08
確定 申告 途中 退職,390,29.0,Informational,N/A,確定申告 2026-07-08
確定 申告 遅れ て 提出,390,19.0,Informational,N/A,確定申告 2026-07-08
確定 申告 適当 大丈夫,390,13.0,Informational,N/A,確定申告 2026-07-08
確定 申告 間に合わ なかっ た 場合,390,10.0,Informational,N/A,確定申告 2026-07-08
確定 申告 間違い 気づか ない,390,15.0,Informational,N/A,確定申告 2026-07-08
確定 申告 間違え た,390,18.0,Informational,N/A,確定申告 2026-07-08
確定 申告 間違え たら どうなる,390,25.0,Informational,N/A,確定申告 2026-07-08
確定 申告 雑 所得 と は,390,29.0,Informational,N/A,確定申告 2026-07-08
確定 申告 鹿児島 市,390,21.0,Informational,N/A,確定申告 2026-07-08
確定申告 data pdf 変換,390,29.0,Informational,N/A,確定申告 2026-07-08
確定申告 さいたまスーパーアリーナ 2024,390,16.0,Informational,N/A,確定申告 2026-07-08
確定申告 マイナンバーカードなし 郵送,390,26.0,Informational,N/A,確定申告 2026-07-08
確定申告 収入より経費が多い 白色,390,24.0,Informational,N/A,確定申告 2026-07-08
確定申告 帳簿の種類 どれを選ぶ,390,24.0,Informational,N/A,確定申告 2026-07-08
確定申告 延長 2023,390,18.0,Informational,N/A,確定申告 2026-07-08
確定申告 時期 2021,390,25.0,Informational,N/A,確定申告 2026-07-08
確定申告 税理士 費用 個人事業主,390,23.0,Informational,N/A,確定申告 2026-07-08
確定申告 間違えた 訂正 e-tax,390,28.0,Informational,N/A,確定申告 2026-07-08
神戸 市 確定 申告,390,25.0,Informational,N/A,確定申告 2026-07-08
福岡 確定 申告,390,26.0,"Informational, Navigational",N/A,確定申告 2026-07-08
税務署 アルバイト 確定 申告,390,26.0,Informational,N/A,確定申告 2026-07-08
税務署 確定 申告 アルバイト,390,25.0,Informational,N/A,確定申告 2026-07-08
米国 年金 確定 申告,390,11.0,Informational,N/A,確定申告 2026-07-08
給付 金 確定 申告,390,14.0,Informational,N/A,確定申告 2026-07-08
自費 診療 確定 申告,390,9.0,Informational,N/A,確定申告 2026-07-08
葬儀 代 確定 申告,390,11.0,Informational,N/A,確定申告 2026-07-08
薬代 確定 申告,390,22.0,Informational,N/A,確定申告 2026-07-08
請求 書 確定 申告,390,25.0,Informational,N/A,確定申告 2026-07-08
転売 確定 申告,390,22.0,Informational,N/A,確定申告 2026-07-08
退職 者 の 確定 申告,390,30.0,Informational,N/A,確定申告 2026-07-08
選挙 立会 人 報酬 確定 申告,390,11.0,Informational,N/A,確定申告 2026-07-08
電柱 敷地 料 確定 申告,390,7.0,Informational,N/A,確定申告 2026-07-08
鹿児島 市 確定 申告,390,23.0,Informational,N/A,確定申告 2026-07-08
介護 休業 社会 保険 料,390,11.0,Informational,N/A,社会保険料 2026-07-08
休職 中 社会 保険 料 全額 負担,390,12.0,Informational,N/A,社会保険料 2026-07-08
会社 負担 社会 保険 料,390,20.0,Informational,N/A,社会保険料 2026-07-08
月 途中 入社 社会 保険 料,390,10.0,Informational,N/A,社会保険料 2026-07-08
社会 保険 料 下がる,390,23.0,Informational,N/A,社会保険料 2026-07-08
社会 保険 料 仕組み,390,28.0,Informational,N/A,社会保険料 2026-07-08
社会 保険 料 健康 保険 料,390,30.0,Informational,N/A,社会保険料 2026-07-08
社会 保険 料 削減 スキーム,390,8.0,Informational,N/A,社会保険料 2026-07-08
社会 保険 料 増額,390,22.0,Informational,N/A,社会保険料 2026-07-08
社会 保険 料 子ども 子育て 拠出 金,390,27.0,Informational,N/A,社会保険料 2026-07-08
社会 保険 料 延滞 金 勘定 科目,390,9.0,Informational,N/A,社会保険料 2026-07-08
社会 保険 料 支払 月,390,23.0,Informational,N/A,社会保険料 2026-07-08
社会 保険 料 月 の 途中 退職,390,13.0,Informational,N/A,社会保険料 2026-07-08
社会 保険 料 決め方,390,22.0,Informational,N/A,社会保険料 2026-07-08
社会 保険 料 減額,390,22.0,Informational,N/A,社会保険料 2026-07-08
社会 保険 料 等 の 金額 2 段,390,16.0,Informational,N/A,社会保険料 2026-07-08
社会 保険 料 納付 期限,390,27.0,Informational,N/A,社会保険料 2026-07-08
社会 保険 料 納付 証明 書,390,22.0,Informational,N/A,社会保険料 2026-07-08
社会 保険 料 納入 確認 書,390,18.0,Informational,N/A,社会保険料 2026-07-08
社会 保険 料 給料,390,30.0,Informational,N/A,社会保険料 2026-07-08
社会 保険 料 裏 ワザ,390,16.0,Informational,N/A,社会保険料 2026-07-08
社会 保険 料 計算 月,390,24.0,Informational,N/A,社会保険料 2026-07-08
社会 保険 料 転職,390,17.0,Informational,N/A,社会保険料 2026-07-08
育休 賞与 社会 保険 料,390,7.0,Informational,N/A,社会保険料 2026-07-08
賞与 社会 保険 料 計算 シュミレーション,390,19.0,Informational,N/A,社会保険料 2026-07-08
転職 社会 保険 料,390,16.0,Informational,N/A,社会保険料 2026-07-08
103 万 以下 年末 調整,320,22.0,Informational,N/A,年末調整 2026-07-08
11 月末 退職 年末 調整,320,16.0,Informational,N/A,年末調整 2026-07-08
11月入社 年末調整 間に合わない,320,15.0,Informational,N/A,年末調整 2026-07-08
3 月 退職 年末 調整,320,30.0,Informational,N/A,年末調整 2026-07-08
freeway 年末 調整,320,12.0,"Informational, Transactional",N/A,年末調整 2026-07-08
ふるさと 納税 会社 員 年末 調整,320,19.0,Informational,N/A,年末調整 2026-07-08
ふるさと納税 年末調整 ワンストップ いつまで,320,28.0,Informational,N/A,年末調整 2026-07-08
パート掛け持ち 年末調整 書き方,320,26.0,Informational,N/A,年末調整 2026-07-08
ペイロール 年末 調整 ログイン,320,22.0,"Informational, Transactional",N/A,年末調整 2026-07-08
ワンス トップ 特例 制度 年末 調整,320,20.0,Informational,N/A,年末調整 2026-07-08
丙 欄 年末 調整,320,27.0,Informational,N/A,年末調整 2026-07-08
主婦 パート 年末 調整,320,18.0,Informational,N/A,年末調整 2026-07-08
二 箇所 から 給与 年末 調整,320,28.0,Informational,N/A,年末調整 2026-07-08
令和5年度 年末調整,320,29.0,Informational,N/A,年末調整 2026-07-08
企業 型 dc 年末 調整,320,14.0,Informational,N/A,年末調整 2026-07-08
企業 年金 年末 調整,320,12.0,Informational,N/A,年末調整 2026-07-08
会社 で 年末 調整 しない 場合,320,17.0,Informational,N/A,年末調整 2026-07-08
全国 生協 連 年末 調整,320,25.0,Informational,N/A,年末調整 2026-07-08
共働き 年末 調整,320,15.0,Informational,N/A,年末調整 2026-07-08
再 年末 調整,320,27.0,Informational,N/A,年末調整 2026-07-08
前年より大幅に所得が減った場合 年末調整,320,28.0,Informational,N/A,年末調整 2026-07-08
地震 保険 料 控除 証明 書 年末 調整,320,15.0,Informational,N/A,年末調整 2026-07-08
太陽 生命 年末 調整,320,18.0,Navigational,N/A,年末調整 2026-07-08
奉行年末調整申告書クラウド ログイン画面,320,15.0,Informational,N/A,年末調整 2026-07-08
家財 保険 年末 調整,320,24.0,Informational,N/A,年末調整 2026-07-08
富国 生命 年末 調整 書き方,320,19.0,Navigational,N/A,年末調整 2026-07-08
年末 調整 3 月 退職,320,28.0,Informational,N/A,年末調整 2026-07-08
年末 調整 あなた の 個人 番号,320,19.0,Informational,N/A,年末調整 2026-07-08
年末 調整 いつの 給与,320,27.0,Informational,N/A,年末調整 2026-07-08
年末 調整 しない 人,320,24.0,Informational,N/A,年末調整 2026-07-08
年末 調整 できない 人,320,27.0,Informational,N/A,年末調整 2026-07-08
年末 調整 と 源泉 徴収 の 違い,320,27.0,Informational,N/A,年末調整 2026-07-08
年末 調整 どれくらい 戻る,320,26.0,Informational,N/A,年末調整 2026-07-08
年末 調整 の お金 は いつ 入る,320,24.0,Informational,N/A,年末調整 2026-07-08
年末 調整 の 戻り は いつ,320,24.0,Informational,N/A,年末調整 2026-07-08
年末 調整 の 提出 先,320,26.0,Informational,N/A,年末調整 2026-07-08
年末 調整 めんどくさい,320,18.0,Informational,N/A,年末調整 2026-07-08
年末 調整 やり方 バイト,320,29.0,Informational,N/A,年末調整 2026-07-08
年末 調整 やり直し,320,19.0,Informational,N/A,年末調整 2026-07-08
年末 調整 を しない と どうなる,320,16.0,Informational,N/A,年末調整 2026-07-08
年末 調整 を しない 人,320,21.0,Informational,N/A,年末調整 2026-07-08
年末 調整 アルバイト 掛け持ち,320,30.0,Informational,N/A,年末調整 2026-07-08
年末 調整 イデコ,320,23.0,Informational,N/A,年末調整 2026-07-08
年末 調整 システム,320,28.0,Informational,N/A,年末調整 2026-07-08
年末 調整 パート 主婦,320,18.0,Informational,N/A,年末調整 2026-07-08
年末 調整 主婦 パート,320,25.0,Informational,N/A,年末調整 2026-07-08
年末 調整 保険 料 控除 名義,320,23.0,Informational,N/A,年末調整 2026-07-08
年末 調整 保険 料 控除 計算 エクセル,320,16.0,Informational,N/A,年末調整 2026-07-08
年末 調整 修正 申告,320,25.0,Informational,N/A,年末調整 2026-07-08
年末 調整 個人 年金 収入,320,28.0,Informational,N/A,年末調整 2026-07-08
年末 調整 共働き,320,14.0,Informational,N/A,年末調整 2026-07-08
年末 調整 副業 書き方,320,29.0,Informational,N/A,年末調整 2026-07-08
年末 調整 勘定 科目,320,21.0,Informational,N/A,年末調整 2026-07-08
年末 調整 医療 費 控除 会社 員,320,14.0,Informational,N/A,年末調整 2026-07-08
年末 調整 国保,320,24.0,Informational,N/A,年末調整 2026-07-08
年末 調整 国民 年金 支払 先,320,22.0,Informational,N/A,年末調整 2026-07-08
年末 調整 失業 手当,320,21.0,Informational,N/A,年末調整 2026-07-08
年末 調整 妻 の 保険,320,26.0,Informational,N/A,年末調整 2026-07-08
年末 調整 妻 保険,320,23.0,Informational,N/A,年末調整 2026-07-08
年末 調整 子供 バイト,320,29.0,Informational,N/A,年末調整 2026-07-08
年末 調整 家財 保険,320,23.0,Informational,N/A,年末調整 2026-07-08
年末 調整 廃止,320,27.0,Informational,N/A,年末調整 2026-07-08
年末 調整 後期 高齢 者 医療 保険 料,320,19.0,Informational,N/A,年末調整 2026-07-08
年末 調整 戻っ て くる,320,27.0,Informational,N/A,年末調整 2026-07-08
年末 調整 戻っ て こない,320,21.0,Informational,N/A,年末調整 2026-07-08
年末 調整 戻り いつ,320,24.0,Informational,N/A,年末調整 2026-07-08
年末 調整 戻り 金,320,29.0,Informational,N/A,年末調整 2026-07-08
年末 調整 提出 先,320,22.0,Informational,N/A,年末調整 2026-07-08
年末 調整 損保 ジャパン,320,25.0,Navigational,N/A,年末調整 2026-07-08
年末 調整 損害 保険,320,27.0,Informational,N/A,年末調整 2026-07-08
年末 調整 書き 間違え,320,22.0,Informational,N/A,年末調整 2026-07-08
年末 調整 書き方 アルバイト,320,28.0,Informational,N/A,年末調整 2026-07-08
年末 調整 書き方 扶養 内,320,28.0,Informational,N/A,年末調整 2026-07-08
年末 調整 書き方 見本 パート,320,28.0,Informational,N/A,年末調整 2026-07-08
年末 調整 書類 保管 期間,320,22.0,Informational,N/A,年末調整 2026-07-08
年末 調整 済み 源泉 徴収 票,320,30.0,Informational,N/A,年末調整 2026-07-08
年末 調整 源泉 徴収 違い,320,30.0,Informational,N/A,年末調整 2026-07-08
年末 調整 独身,320,24.0,Informational,N/A,年末調整 2026-07-08
年末 調整 産休 中,320,16.0,Informational,N/A,年末調整 2026-07-08
年末 調整 相続,320,13.0,Informational,N/A,年末調整 2026-07-08
年末 調整 確定 年金,320,23.0,Informational,N/A,年末調整 2026-07-08
年末 調整 給与 明細,320,24.0,Informational,N/A,年末調整 2026-07-08
年末 調整 給料 明細,320,25.0,Informational,N/A,年末調整 2026-07-08
年末 調整 育休 手当,320,16.0,Informational,N/A,年末調整 2026-07-08
年末 調整 記入 ミス,320,23.0,Informational,N/A,年末調整 2026-07-08
年末 調整 返金,320,29.0,Informational,N/A,年末調整 2026-07-08
年末 調整 追加 徴収 原因,320,18.0,Informational,N/A,年末調整 2026-07-08
年末 調整 遅れ た 場合,320,18.0,Informational,N/A,年末調整 2026-07-08
年末 調整 過 不足 と は,320,23.0,Informational,N/A,年末調整 2026-07-08
年末 調整 還付 仕訳,320,25.0,Informational,N/A,年末調整 2026-07-08
年末 調整 還付 金 マイナス 表記,320,23.0,Informational,N/A,年末調整 2026-07-08
年末 調整 還付 金 多い,320,23.0,Informational,N/A,年末調整 2026-07-08
年末 調整 還付 額,320,25.0,Informational,N/A,年末調整 2026-07-08
年末 調整 離婚,320,28.0,Informational,N/A,年末調整 2026-07-08
年末 調整 青色 専従 者,320,22.0,Informational,N/A,年末調整 2026-07-08
年末調整 変更点 2023,320,29.0,Informational,N/A,年末調整 2026-07-08
年末調整 戻ってくる金額 いつ,320,20.0,Informational,N/A,年末調整 2026-07-08
年金 追 納 年末 調整 間に合わ ない,320,22.0,Informational,N/A,年末調整 2026-07-08
後期 高齢 者 医療 保険 料 年末 調整,320,20.0,Informational,N/A,年末調整 2026-07-08
損保 ジャパン 年末 調整,320,14.0,Navigational,N/A,年末調整 2026-07-08
損害 保険 年末 調整,320,19.0,Informational,N/A,年末調整 2026-07-08
日本 生命 年末 調整 ハガキ 見方,320,24.0,Informational,N/A,年末調整 2026-07-08
東京 海上 日動 あんしん 生命 年末 調整 書き方,320,18.0,Informational,N/A,年末調整 2026-07-08
東京 海上 日動 火災 保険 年末 調整,320,25.0,Navigational,N/A,年末調整 2026-07-08
派遣 社員 年末 調整,320,16.0,Informational,N/A,年末調整 2026-07-08
源泉 徴収 票 年末 調整 済み か どうか,320,28.0,Informational,N/A,年末調整 2026-07-08
生命 保険 年末 調整 いくら 戻る,320,12.0,Informational,N/A,年末調整 2026-07-08
相続 年末 調整,320,9.0,Informational,N/A,年末調整 2026-07-08
確定 年金 年末 調整,320,18.0,Informational,N/A,年末調整 2026-07-08
給料 明細 年末 調整,320,26.0,Informational,N/A,年末調整 2026-07-08
育休 中 年末 調整 保険 料 控除,320,15.0,Informational,N/A,年末調整 2026-07-08
自分 で 確定 申告 年末 調整,320,30.0,Informational,N/A,年末調整 2026-07-08
都民 共済 年末 調整 書き方,320,22.0,Informational,N/A,年末調整 2026-07-08
離婚 年末 調整,320,27.0,Informational,N/A,年末調整 2026-07-08
青色 専従 者 年末 調整,320,21.0,Informational,N/A,年末調整 2026-07-08
株 売却 益 税金 計算 方法,320,21.0,Informational,N/A,税金計算 2026-07-07
確定 申告 第 3 表 税金 の 計算,320,21.0,Informational,N/A,税金計算 2026-07-07
cfd 確定 申告,320,23.0,Informational,N/A,確定申告 2026-07-08
mac で 確定 申告,320,25.0,Informational,N/A,確定申告 2026-07-08
mac 確定 申告,320,26.0,Informational,N/A,確定申告 2026-07-08
xm 確定 申告,320,11.0,Informational,N/A,確定申告 2026-07-08
おむつ 代 確定 申告,320,17.0,Informational,N/A,確定申告 2026-07-08
かんぽ 満期 保険 金 確定 申告,320,28.0,Informational,N/A,確定申告 2026-07-08
さいたま市 確定申告 2024,320,28.0,Informational,N/A,確定申告 2026-07-08
ふるさと 納税 引っ越し 確定 申告,320,24.0,Informational,N/A,確定申告 2026-07-08
ふるさと 納税 確定 申告 ワンス トップ 違い,320,30.0,Informational,N/A,確定申告 2026-07-08
ふるさと 納税 確定 申告 記入 例,320,30.0,Informational,N/A,確定申告 2026-07-08
ふるさと 納税 確定 申告 還付 金,320,27.0,Informational,N/A,確定申告 2026-07-08
ふるさと 納税 確定 申告 還付 金 少ない,320,24.0,Informational,N/A,確定申告 2026-07-08
みなし 配当 確定 申告,320,13.0,Informational,N/A,確定申告 2026-07-08
アズテック ミュージアム 確定 申告,320,26.0,Informational,N/A,確定申告 2026-07-08
アフィリエイト 確定 申告,320,18.0,Informational,N/A,確定申告 2026-07-08
イオン 確定 申告,320,16.0,Informational,N/A,確定申告 2026-07-08
ウェルス ナビ 確定 申告,320,25.0,"Informational, Navigational",N/A,確定申告 2026-07-08
サラリーマン 家賃 収入 確定 申告,320,14.0,Informational,N/A,確定申告 2026-07-08
シロアリ 駆除 確定 申告,320,9.0,Informational,N/A,確定申告 2026-07-08
タブレット で 確定 申告,320,26.0,Informational,N/A,確定申告 2026-07-08
タブレット 確定 申告,320,26.0,"Informational, Transactional",N/A,確定申告 2026-07-08
ダブル ワーク 確定 申告 書き方,320,28.0,Informational,N/A,確定申告 2026-07-08
ニート 確定 申告,320,13.0,Informational,N/A,確定申告 2026-07-08
バイナリー オプション 確定 申告,320,23.0,Informational,N/A,確定申告 2026-07-08
フリマ アプリ 確定 申告,320,16.0,Informational,N/A,確定申告 2026-07-08
マイナンバーカード 確定申告 バレる,320,19.0,Informational,N/A,確定申告 2026-07-08
マネー フォワード 確定 申告 料金,320,30.0,Informational,N/A,確定申告 2026-07-08
マンション 売却 確定 申告 必要 書類,320,20.0,Informational,N/A,確定申告 2026-07-08
メルカリ 確定 申告 トレカ,320,18.0,Informational,N/A,確定申告 2026-07-08
メルカリ 確定 申告 バレ ない,320,19.0,Informational,N/A,確定申告 2026-07-08
メルカリ 確定 申告 不 用品,320,12.0,Informational,N/A,確定申告 2026-07-08
一宮 市 確定 申告,320,27.0,Informational,N/A,確定申告 2026-07-08
一時 所得 確定 申告 必要 書類,320,22.0,Informational,N/A,確定申告 2026-07-08
不労 所得 確定 申告,320,18.0,Informational,N/A,確定申告 2026-07-08
不動産 売却 税金 確定 申告,320,27.0,Informational,N/A,確定申告 2026-07-08
不動産 所得 確定 申告 必要 書類,320,21.0,Informational,N/A,確定申告 2026-07-08
不動産 購入 確定 申告,320,13.0,Informational,N/A,確定申告 2026-07-08
人間ドック 確定 申告 医療 費 控除,320,13.0,Informational,N/A,確定申告 2026-07-08
介護 保険 控除 確定 申告,320,24.0,Informational,N/A,確定申告 2026-07-08
介護 費用 確定 申告,320,22.0,Informational,N/A,確定申告 2026-07-08
令和3年確定申告期間,320,27.0,Informational,N/A,確定申告 2026-07-08
任意 継続 保険 料 確定 申告,320,16.0,Informational,N/A,確定申告 2026-07-08
住宅 用 家屋 証明 書 確定 申告,320,15.0,Informational,N/A,確定申告 2026-07-08
個人 事業 主 年金 受給 確定 申告,320,25.0,Informational,N/A,確定申告 2026-07-08
個人 向け 国債 確定 申告,320,23.0,Informational,N/A,確定申告 2026-07-08
個人 年金 受け取り 確定 申告,320,24.0,Informational,N/A,確定申告 2026-07-08
個人 年金 受取 確定 申告,320,26.0,Informational,N/A,確定申告 2026-07-08
健康 診断 確定 申告,320,17.0,Informational,N/A,確定申告 2026-07-08
副業 確定 申告 しない,320,28.0,Informational,N/A,確定申告 2026-07-08
区役所 確定 申告,320,28.0,Informational,N/A,確定申告 2026-07-08
医療 費 控除 確定 申告 いつから,320,29.0,Informational,N/A,確定申告 2026-07-08
医療 費 控除 確定 申告 シュミレーション,320,15.0,Informational,N/A,確定申告 2026-07-08
医療 費 控除 確定 申告 交通 費 書き方,320,17.0,Informational,N/A,確定申告 2026-07-08
医療 費 控除 確定 申告 還付 金,320,6.0,Informational,N/A,確定申告 2026-07-08
医療 費 控除 高額 療養 費 確定 申告,320,30.0,Informational,N/A,確定申告 2026-07-08
医療 費 確定 申告 いつから いつまで,320,30.0,Informational,N/A,確定申告 2026-07-08
医療 費 確定 申告 期間,320,28.0,Informational,N/A,確定申告 2026-07-08
医療費控除 確定申告 必要書類 2022,320,30.0,"Informational, Transactional",N/A,確定申告 2026-07-08
医療費控除確定申告 いつまで 2021,320,23.0,Informational,N/A,確定申告 2026-07-08
去年 の 確定 申告 忘れ た,320,25.0,Informational,N/A,確定申告 2026-07-08
国民 健康 保険 料 控除 確定 申告,320,16.0,Informational,N/A,確定申告 2026-07-08
国民 健康 保険 確定 申告 世帯 主 以外,320,14.0,Informational,N/A,確定申告 2026-07-08
国民 健康 保険 確定 申告 書き方,320,20.0,Informational,N/A,確定申告 2026-07-08
国民 年金 確定 申告 やり方,320,28.0,Informational,N/A,確定申告 2026-07-08
売 電 確定 申告,320,23.0,Informational,N/A,確定申告 2026-07-08
外国 人 確定 申告,320,28.0,Informational,N/A,確定申告 2026-07-08
大分 市 確定 申告,320,28.0,"Informational, Transactional",N/A,確定申告 2026-07-08
失業 中 の 確定 申告,320,22.0,Informational,N/A,確定申告 2026-07-08
失業 中 確定 申告,320,22.0,Informational,N/A,確定申告 2026-07-08
姫路 確定 申告,320,25.0,Informational,N/A,確定申告 2026-07-08
学生 確定 申告 バレ ない,320,28.0,Informational,N/A,確定申告 2026-07-08
定年 退職 後 の 確定 申告,320,26.0,Informational,N/A,確定申告 2026-07-08
定年 退職 後 確定 申告,320,28.0,Informational,N/A,確定申告 2026-07-08
家 を 売っ た 確定 申告,320,22.0,Informational,N/A,確定申告 2026-07-08
家賃 収入 確定 申告 不要,320,11.0,Informational,N/A,確定申告 2026-07-08
家賃 収入 確定 申告 必要 書類,320,22.0,Informational,N/A,確定申告 2026-07-08
寡婦 控除 確定 申告,320,28.0,Informational,N/A,確定申告 2026-07-08
専従 者 給与 を もらって いる 確定 申告,320,30.0,Informational,N/A,確定申告 2026-07-08
市 県民 税 確定 申告 控除,320,26.0,Informational,N/A,確定申告 2026-07-08
市民 税 県民 税 確定 申告,320,25.0,Informational,N/A,確定申告 2026-07-08
帳簿の種類 確定申告,320,22.0,Informational,N/A,確定申告 2026-07-08
年収 200 万 確定 申告,320,26.0,Informational,N/A,確定申告 2026-07-08
年末 調整 し て ない 確定 申告,320,27.0,Informational,N/A,確定申告 2026-07-08
年末 調整 し てい ない 確定 申告,320,24.0,Informational,N/A,確定申告 2026-07-08
年末 調整 した あと に 確定 申告,320,28.0,Informational,N/A,確定申告 2026-07-08
年金 から 引 かれる 介護 保険 料 確定 申告,320,24.0,Informational,N/A,確定申告 2026-07-08
年金 生活 確定 申告 必要 か,320,30.0,Informational,N/A,確定申告 2026-07-08
年金 追 納 確定 申告,320,29.0,Informational,N/A,確定申告 2026-07-08
必要 経費 確定 申告,320,25.0,Informational,N/A,確定申告 2026-07-08
所得税 0 円 確定 申告,320,21.0,Informational,N/A,確定申告 2026-07-08
手渡し 確定 申告,320,19.0,Informational,N/A,確定申告 2026-07-08
損害 保険 料 確定 申告,320,24.0,Informational,N/A,確定申告 2026-07-08
損益通算 確定申告 デメリット サラリーマン,320,25.0,Informational,N/A,確定申告 2026-07-08
日野 税務署 確定 申告,320,28.0,"Informational, Transactional",N/A,確定申告 2026-07-08
日雇い 確定 申告,320,13.0,Informational,N/A,確定申告 2026-07-08
明石 税務署 確定 申告,320,27.0,"Informational, Transactional",N/A,確定申告 2026-07-08
株 売却 税金 確定 申告,320,17.0,Informational,N/A,確定申告 2026-07-08
株 損失 確定 申告 やり方,320,29.0,Informational,N/A,確定申告 2026-07-08
株 確定 申告 必要 書類,320,28.0,Informational,N/A,確定申告 2026-07-08
業務 委託 確定 申告 ばれ ない,320,21.0,Informational,N/A,確定申告 2026-07-08
業務 委託 確定 申告 必要 書類,320,23.0,Informational,N/A,確定申告 2026-07-08
歯 列 矯正 確定 申告,320,7.0,Informational,N/A,確定申告 2026-07-08
死亡 後 の 確定 申告,320,11.0,Informational,N/A,確定申告 2026-07-08
死亡 後 確定 申告,320,20.0,Informational,N/A,確定申告 2026-07-08
求人 確定 申告,320,22.0,Informational,N/A,確定申告 2026-07-08
減価 償却 確定 申告 書き方,320,26.0,Informational,N/A,確定申告 2026-07-08
源泉 徴収 票 乙 欄 確定 申告,320,22.0,Informational,N/A,確定申告 2026-07-08
準 確定 申告 委任 状 書き方,320,28.0,Informational,N/A,確定申告 2026-07-08
準 確定 申告 納付 書 書き方,320,17.0,Informational,N/A,確定申告 2026-07-08
準 確定 申告 電子 申告,320,21.0,Informational,N/A,確定申告 2026-07-08
無 収入 確定 申告 やり方,320,27.0,Informational,N/A,確定申告 2026-07-08
無職 確定 申告 必要,320,28.0,Informational,N/A,確定申告 2026-07-08
特定 口座 年間 取引 報告 書 確定 申告 書き方,320,27.0,Informational,N/A,確定申告 2026-07-08
特定 口座 源泉 徴収 なし 確定 申告,320,27.0,Informational,N/A,確定申告 2026-07-08
生前 贈与 確定 申告 やり方,320,16.0,Informational,N/A,確定申告 2026-07-08
町田 市 確定 申告,320,26.0,Informational,N/A,確定申告 2026-07-08
県民 税 市民 税 確定 申告,320,26.0,Informational,N/A,確定申告 2026-07-08
確定 申告 103 万 以下 年末 調整 し て ない,320,19.0,Informational,N/A,確定申告 2026-07-08
確定 申告 2000 万 以上,320,23.0,Informational,N/A,確定申告 2026-07-08
確定 申告 mac,320,26.0,Informational,N/A,確定申告 2026-07-08
確定 申告 windows10,320,18.0,Informational,N/A,確定申告 2026-07-08
確定 申告 おむつ 代,320,17.0,Informational,N/A,確定申告 2026-07-08
確定 申告 お金 返っ て くる,320,30.0,Informational,N/A,確定申告 2026-07-08
確定 申告 さかのぼっ て 申告 必要 書類,320,30.0,Informational,N/A,確定申告 2026-07-08
確定 申告 でき なかっ た 場合,320,25.0,Informational,N/A,確定申告 2026-07-08
確定 申告 どこ の 税務署 でも いい の,320,28.0,Informational,N/A,確定申告 2026-07-08
確定 申告 の 必要 な 人,320,28.0,Informational,N/A,確定申告 2026-07-08
確定 申告 の 必要 な 人 年金 受給 者,320,29.0,Informational,N/A,確定申告 2026-07-08
確定 申告 ふるさと 納税 記入 例,320,26.0,Informational,N/A,確定申告 2026-07-08
確定 申告 クレジット カード 明細,320,21.0,Informational,N/A,確定申告 2026-07-08
確定 申告 シミュレーション 還付 金,320,19.0,Informational,N/A,確定申告 2026-07-08
確定 申告 タブレット,320,26.0,"Informational, Navigational",N/A,確定申告 2026-07-08
確定 申告 データ,320,30.0,"Informational, Navigational",N/A,確定申告 2026-07-08
確定 申告 ハガキ,320,17.0,Informational,N/A,確定申告 2026-07-08
確定 申告 バイト 税務署,320,23.0,Informational,N/A,確定申告 2026-07-08
確定 申告 マンション 売却 必要 書類,320,20.0,Informational,N/A,確定申告 2026-07-08
確定 申告 マーサ 21,320,14.0,Informational,N/A,確定申告 2026-07-08
確定 申告 不動産 所得 必要 書類,320,30.0,Informational,N/A,確定申告 2026-07-08
確定 申告 不動産 購入,320,13.0,Informational,N/A,確定申告 2026-07-08
確定 申告 世帯 主,320,30.0,Informational,N/A,確定申告 2026-07-08
確定 申告 交通 費 書き方,320,15.0,Informational,N/A,確定申告 2026-07-08
確定 申告 人間ドック 医療 費 控除,320,14.0,Informational,N/A,確定申告 2026-07-08
確定 申告 介護 保険 控除,320,26.0,"Informational, Transactional",N/A,確定申告 2026-07-08
確定 申告 介護 費用,320,23.0,Informational,N/A,確定申告 2026-07-08
確定 申告 何 年 前 まで さかのぼれ る,320,26.0,Informational,N/A,確定申告 2026-07-08
確定 申告 修正 申告 いつまで,320,25.0,Informational,N/A,確定申告 2026-07-08
確定 申告 修繕 費 と は,320,17.0,Informational,N/A,確定申告 2026-07-08
確定 申告 個人 番号 と は,320,30.0,Informational,N/A,確定申告 2026-07-08
確定 申告 健康 診断,320,16.0,Informational,N/A,確定申告 2026-07-08
確定 申告 分割払い,320,20.0,Informational,N/A,確定申告 2026-07-08
確定 申告 医療 費 いつから いつまで,320,27.0,Informational,N/A,確定申告 2026-07-08
確定 申告 医療 費 控除 おむつ 代,320,16.0,Informational,N/A,確定申告 2026-07-08
確定 申告 医療 費 控除 の 明細 書,320,15.0,Informational,N/A,確定申告 2026-07-08
確定 申告 医療 費 控除 シュミレーション,320,20.0,Informational,N/A,確定申告 2026-07-08
確定 申告 医療 費 控除 交通 費 書き方,320,16.0,Informational,N/A,確定申告 2026-07-08
確定 申告 医療 費 控除 人間ドック,320,14.0,Informational,N/A,確定申告 2026-07-08
確定 申告 医療 費 控除 還付 金,320,17.0,Informational,N/A,確定申告 2026-07-08
確定 申告 医療 費 期間,320,24.0,Informational,N/A,確定申告 2026-07-08
確定 申告 収入 金額 と は,320,28.0,Informational,N/A,確定申告 2026-07-08
確定 申告 国保 控除,320,18.0,Informational,N/A,確定申告 2026-07-08
確定 申告 国民 健康 保険 料 控除,320,16.0,Informational,N/A,確定申告 2026-07-08
確定 申告 国民 健康 保険 書き方,320,17.0,Informational,N/A,確定申告 2026-07-08
確定 申告 国民 健康 保険 金額 わからない,320,21.0,Informational,N/A,確定申告 2026-07-08
確定 申告 土曜日,320,28.0,Informational,N/A,確定申告 2026-07-08
確定 申告 報酬,320,21.0,Informational,N/A,確定申告 2026-07-08
確定 申告 大阪 市,320,29.0,Informational,N/A,確定申告 2026-07-08
確定 申告 失業 中,320,23.0,Informational,N/A,確定申告 2026-07-08
確定 申告 妻 代理,320,27.0,Informational,N/A,確定申告 2026-07-08
確定 申告 宇都宮,320,30.0,Informational,N/A,確定申告 2026-07-08
確定 申告 家賃 収入 必要 書類,320,21.0,Informational,N/A,確定申告 2026-07-08
確定 申告 寡婦 控除,320,25.0,Informational,N/A,確定申告 2026-07-08
確定 申告 市川 市,320,28.0,"Informational, Transactional",N/A,確定申告 2026-07-08
確定 申告 市民 税 県民 税,320,29.0,Informational,N/A,確定申告 2026-07-08
確定 申告 年末 調整 し て ない,320,22.0,Informational,N/A,確定申告 2026-07-08
確定 申告 必要 経費,320,24.0,Informational,N/A,確定申告 2026-07-08
確定 申告 忘れ て た,320,24.0,Informational,N/A,確定申告 2026-07-08
確定 申告 料金 表,320,3.0,Informational,N/A,確定申告 2026-07-08
確定 申告 日野 税務署,320,20.0,"Informational, Transactional",N/A,確定申告 2026-07-08
確定 申告 明石 税務署,320,26.0,Informational,N/A,確定申告 2026-07-08
確定 申告 期限 後 申告 やり方,320,27.0,Informational,N/A,確定申告 2026-07-08
確定 申告 株式 譲渡,320,25.0,"Informational, Transactional",N/A,確定申告 2026-07-08
確定 申告 求人,320,22.0,Commercial,N/A,確定申告 2026-07-08
確定 申告 源泉 徴収 票 ない フリー ランス,320,14.0,Informational,N/A,確定申告 2026-07-08
確定 申告 漏れ 個人,320,25.0,Informational,N/A,確定申告 2026-07-08
確定 申告 為替 差益,320,29.0,Informational,N/A,確定申告 2026-07-08
確定 申告 無 申告,320,12.0,Informational,N/A,確定申告 2026-07-08
確定 申告 無職 必要,320,29.0,Informational,N/A,確定申告 2026-07-08
確定 申告 生命 保険 料 控除 やり方,320,30.0,Informational,N/A,確定申告 2026-07-08
確定 申告 白色 申告 必要 書類,320,24.0,Informational,N/A,確定申告 2026-07-08
確定 申告 納付 方法 おすすめ,320,21.0,Informational,N/A,確定申告 2026-07-08
確定 申告 緑 税務署,320,22.0,"Informational, Transactional",N/A,確定申告 2026-07-08
確定 申告 育休 中,320,21.0,Informational,N/A,確定申告 2026-07-08
確定 申告 臨時 収入,320,16.0,Informational,N/A,確定申告 2026-07-08
確定 申告 車 の ローン,320,30.0,Informational,N/A,確定申告 2026-07-08
確定 申告 車検 代,320,15.0,Informational,N/A,確定申告 2026-07-08
確定 申告 転職 自分 で する,320,17.0,Informational,N/A,確定申告 2026-07-08
確定 申告 農業 収入,320,20.0,Informational,N/A,確定申告 2026-07-08
確定 申告 農業 経費,320,18.0,Informational,N/A,確定申告 2026-07-08
確定 申告 通信 費,320,19.0,Informational,N/A,確定申告 2026-07-08
確定 申告 遅れる,320,22.0,Informational,N/A,確定申告 2026-07-08
確定 申告 還付 金 シミュレーション,320,23.0,Commercial,N/A,確定申告 2026-07-08
確定 申告 郵送 控え いらない,320,17.0,Informational,N/A,確定申告 2026-07-08
確定 申告 長野 市,320,27.0,"Informational, Transactional",N/A,確定申告 2026-07-08
確定 申告 雑費,320,21.0,Informational,N/A,確定申告 2026-07-08
確定 申告 香椎 税務署,320,27.0,"Informational, Navigational",N/A,確定申告 2026-07-08
確定申告 2023 延長,320,28.0,Informational,N/A,確定申告 2026-07-08
確定申告 2023 郵送,320,23.0,Informational,N/A,確定申告 2026-07-08
確定申告 さいたまスーパーアリーナ 2023,320,26.0,Informational,N/A,確定申告 2026-07-08
確定申告 基礎控除 2020,320,25.0,Informational,N/A,確定申告 2026-07-08
確定申告 損失繰越 e-tax スマホ,320,17.0,Informational,N/A,確定申告 2026-07-08
確定申告 郵送 2021,320,27.0,Informational,N/A,確定申告 2026-07-08
社会 保険 確定 申告,320,26.0,Informational,N/A,確定申告 2026-07-08
社会保険 確定申告 自分で,320,26.0,Informational,N/A,確定申告 2026-07-08
税務署 お尋ね 確定 申告 個人,320,22.0,Informational,N/A,確定申告 2026-07-08
経費 確定 申告,320,23.0,Informational,N/A,確定申告 2026-07-08
給料 手渡し 確定 申告,320,15.0,Informational,N/A,確定申告 2026-07-08
脱退 一時 金 確定 申告,320,8.0,Informational,N/A,確定申告 2026-07-08
臨時 収入 確定 申告,320,26.0,Informational,N/A,確定申告 2026-07-08
補聴器 確定 申告,320,18.0,Informational,N/A,確定申告 2026-07-08
西陣 会館 確定 申告,320,25.0,Informational,N/A,確定申告 2026-07-08
西陣織 会館 確定 申告,320,30.0,Informational,N/A,確定申告 2026-07-08
賃貸 収入 確定 申告,320,24.0,Informational,N/A,確定申告 2026-07-08
賞金 確定 申告,320,18.0,Informational,N/A,確定申告 2026-07-08
農業 確定 申告 経費,320,18.0,Informational,N/A,確定申告 2026-07-08
退職 した 年 の 確定 申告,320,29.0,Informational,N/A,確定申告 2026-07-08
通信 費 確定 申告,320,24.0,Informational,N/A,確定申告 2026-07-08
遺産 確定 申告,320,22.0,Informational,N/A,確定申告 2026-07-08
長野 市 確定 申告,320,26.0,"Informational, Transactional",N/A,確定申告 2026-07-08
障害 者 確定 申告 不要,320,17.0,Informational,N/A,確定申告 2026-07-08
領収 書 確定 申告,320,24.0,Informational,N/A,確定申告 2026-07-08
香椎 税務署 確定 申告,320,22.0,"Informational, Navigational",N/A,確定申告 2026-07-08
駐 車場 収入 確定 申告,320,10.0,Informational,N/A,確定申告 2026-07-08
18 万 社会 保険 料,320,15.0,Informational,N/A,社会保険料 2026-07-08
20 万 社会 保険 料,320,28.0,Informational,N/A,社会保険料 2026-07-08
パート 社会 保険 料 計算,320,25.0,Informational,N/A,社会保険料 2026-07-08
会社 社会 保険 料,320,28.0,Informational,N/A,社会保険料 2026-07-08
埼玉 県 社会 保険 料,320,23.0,"Informational, Navigational",N/A,社会保険料 2026-07-08
年収 500 万 社会 保険 料,320,25.0,Informational,N/A,社会保険料 2026-07-08
年収 600 万 社会 保険 料,320,19.0,Informational,N/A,社会保険料 2026-07-08
後期 高齢 者 社会 保険 料,320,28.0,Informational,N/A,社会保険料 2026-07-08
月 中 退職 社会 保険 料,320,13.0,Informational,N/A,社会保険料 2026-07-08
月末 退職 社会 保険 料 2 か 月 分,320,18.0,Informational,N/A,社会保険料 2026-07-08
残業 代 社会 保険 料,320,13.0,Informational,N/A,社会保険料 2026-07-08
法人 社会 保険 料,320,19.0,Informational,N/A,社会保険料 2026-07-08
社会 保険 料 いつから 引 かれる,320,10.0,Informational,N/A,社会保険料 2026-07-08
社会 保険 料 と は 何 か,320,28.0,Informational,N/A,社会保険料 2026-07-08
社会 保険 料 と 健康 保険 料 の 違い,320,27.0,Informational,N/A,社会保険料 2026-07-08
社会 保険 料 と 国民 健康 保険 料,320,27.0,Informational,N/A,社会保険料 2026-07-08
社会 保険 料 クレジット カード 払い 法人,320,13.0,Informational,N/A,社会保険料 2026-07-08
社会 保険 料 パート いくら,320,25.0,Informational,N/A,社会保険料 2026-07-08
社会 保険 料 休職 中,320,13.0,Informational,N/A,社会保険料 2026-07-08
社会 保険 料 会社,320,28.0,Informational,N/A,社会保険料 2026-07-08
社会 保険 料 会社 負担 分,320,25.0,Informational,N/A,社会保険料 2026-07-08
社会 保険 料 何,320,30.0,Informational,N/A,社会保険料 2026-07-08
社会 保険 料 何 月,320,25.0,Informational,N/A,社会保険料 2026-07-08
社会 保険 料 何 月 から 変わる,320,15.0,Informational,N/A,社会保険料 2026-07-08
社会 保険 料 埼玉 県,320,24.0,"Informational, Navigational",N/A,社会保険料 2026-07-08
社会 保険 料 定時 改定,320,14.0,Informational,N/A,社会保険料 2026-07-08
社会 保険 料 平均,320,24.0,Informational,N/A,社会保険料 2026-07-08
社会 保険 料 引き落とし 残高 不足 法人,320,18.0,Informational,N/A,社会保険料 2026-07-08
社会 保険 料 当月 徴収 違法,320,12.0,Informational,N/A,社会保険料 2026-07-08
社会 保険 料 払わ ない と どうなる,320,14.0,Informational,N/A,社会保険料 2026-07-08
社会 保険 料 日割り,320,11.0,Informational,N/A,社会保険料 2026-07-08
社会 保険 料 月末 退職,320,15.0,Informational,N/A,社会保険料 2026-07-08
社会 保険 料 月額 変更 届,320,21.0,Informational,N/A,社会保険料 2026-07-08
社会 保険 料 残業 代,320,13.0,Informational,N/A,社会保険料 2026-07-08
社会 保険 料 決まり 方,320,27.0,Informational,N/A,社会保険料 2026-07-08
社会 保険 料 法人,320,27.0,Informational,N/A,社会保険料 2026-07-08
社会 保険 料 消費 税,320,12.0,Informational,N/A,社会保険料 2026-07-08
社会 保険 料 滞納,320,11.0,Informational,N/A,社会保険料 2026-07-08
社会 保険 料 算出 方法,320,26.0,Informational,N/A,社会保険料 2026-07-08
社会 保険 料 算定 表,320,29.0,"Informational, Transactional",N/A,社会保険料 2026-07-08
社会 保険 料 納付,320,28.0,Informational,N/A,社会保険料 2026-07-08
社会 保険 料 納付 仕組み,320,24.0,Informational,N/A,社会保険料 2026-07-08
社会 保険 料 給与,320,29.0,Informational,N/A,社会保険料 2026-07-08
社会 保険 料 給料 が 下がっ た 場合,320,18.0,Informational,N/A,社会保険料 2026-07-08
社会 保険 料 翌月 徴収,320,14.0,Informational,N/A,社会保険料 2026-07-08
社会 保険 料 育休,320,26.0,Informational,N/A,社会保険料 2026-07-08
社会 保険 料 見直し,320,26.0,Informational,N/A,社会保険料 2026-07-08
社会 保険 料 負担,320,26.0,Informational,N/A,社会保険料 2026-07-08
社会 保険 料 退職 時,320,16.0,Informational,N/A,社会保険料 2026-07-08
社会 保険 料 通知 書,320,16.0,Informational,N/A,社会保険料 2026-07-08
社会 保険 料 週 20 時間,320,25.0,Informational,N/A,社会保険料 2026-07-08
社会 保険 料 雇用 保険,320,30.0,Informational,N/A,社会保険料 2026-07-08
給与 社会 保険 料,320,30.0,Informational,N/A,社会保険料 2026-07-08
育休 ボーナス 社会 保険 料,320,19.0,Informational,N/A,社会保険料 2026-07-08
育児 休業 社会 保険 料,320,16.0,Informational,N/A,社会保険料 2026-07-08
賞与 の 社会 保険 料 計算 方法,320,15.0,Informational,N/A,社会保険料 2026-07-08
賞与 社会 保険 料 いつから,320,26.0,Informational,N/A,社会保険料 2026-07-08
賞与 社会 保険 料 計算 方法,320,14.0,Informational,N/A,社会保険料 2026-07-08
退職 時 社会 保険 料,320,15.0,Informational,N/A,社会保険料 2026-07-08
静岡 県 社会 保険 料,320,14.0,"Informational, Navigational",N/A,社会保険料 2026-07-08
高齢 者 社会 保険 料,320,30.0,Informational,N/A,社会保険料 2026-07-08
1 月 退職 年末 調整,260,16.0,Informational,N/A,年末調整 2026-07-08
12 月 の 給料 年末 調整,260,24.0,Informational,N/A,年末調整 2026-07-08
2023 年末調整,260,26.0,Informational,N/A,年末調整 2026-07-08
2023年末調整,260,15.0,"Informational, Transactional",N/A,年末調整 2026-07-08
ja 共済 年末 調整 記入 例,260,29.0,Informational,N/A,年末調整 2026-07-08
smarthr 年末 調整 マニュアル,260,25.0,"Navigational, Transactional",N/A,年末調整 2026-07-08
ふるさと 納税 年末 調整 書き方,260,25.0,Informational,N/A,年末調整 2026-07-08
クラウド 年末 調整,260,21.0,"Informational, Transactional",N/A,年末調整 2026-07-08
ジブラルタ 生命 年末 調整,260,18.0,Navigational,N/A,年末調整 2026-07-08
スタッフ サービス 年末 調整,260,22.0,"Informational, Transactional",N/A,年末調整 2026-07-08
テンプスタッフ 年末 調整,260,23.0,"Navigational, Transactional",N/A,年末調整 2026-07-08
バイト 年末 調整 掛け持ち,260,29.0,Informational,N/A,年末調整 2026-07-08
バイト 掛け持ち 年末 調整 ばれる,260,10.0,Informational,N/A,年末調整 2026-07-08
パート の 年末 調整,260,19.0,Informational,N/A,年末調整 2026-07-08
パート 年末 調整 しない 会社,260,15.0,Informational,N/A,年末調整 2026-07-08
プルデンシャル 年末 調整,260,24.0,"Informational, Navigational",N/A,年末調整 2026-07-08
ワンス トップ 特例 年末 調整,260,19.0,Informational,N/A,年末調整 2026-07-08
三井 住友 海上 火災 保険 年末 調整,260,21.0,Navigational,N/A,年末調整 2026-07-08
二 箇所 給与 年末 調整,260,28.0,Informational,N/A,年末調整 2026-07-08
介護 医療 保険 年末 調整,260,15.0,Informational,N/A,年末調整 2026-07-08
介護 医療 保険 料 年末 調整 書き方,260,16.0,Informational,N/A,年末調整 2026-07-08
介護医療保険とは 年末調整,260,17.0,Informational,N/A,年末調整 2026-07-08
休職 年末 調整,260,12.0,Informational,N/A,年末調整 2026-07-08
会社 年末 調整 いつ,260,29.0,Informational,N/A,年末調整 2026-07-08
住宅 ローン 年末 調整 必要 書類,260,30.0,Informational,N/A,年末調整 2026-07-08
住宅 ローン 控除 2 年 目 年末 調整 忘れ た,260,12.0,Informational,N/A,年末調整 2026-07-08
住宅 ローン 控除 年末 調整 忘れ た,260,12.0,Informational,N/A,年末調整 2026-07-08
住民 税 年末 調整 控除,260,23.0,Informational,N/A,年末調整 2026-07-08
住民 税 控除 年末 調整,260,23.0,Informational,N/A,年末調整 2026-07-08
保険 料 控除 証明 書 年末 調整,260,30.0,Informational,N/A,年末調整 2026-07-08
保険 解約 年末 調整,260,15.0,Informational,N/A,年末調整 2026-07-08
個人 型 確定 拠出 年金 年末 調整,260,28.0,Informational,N/A,年末調整 2026-07-08
個人 年金 控除 年末 調整,260,22.0,Informational,N/A,年末調整 2026-07-08
共済 年末 調整,260,26.0,Informational,N/A,年末調整 2026-07-08
共済 掛金 年末 調整,260,19.0,Informational,N/A,年末調整 2026-07-08
再 年末 調整 と は,260,27.0,Informational,N/A,年末調整 2026-07-08
副業 バレ ない 年末 調整,260,14.0,Informational,N/A,年末調整 2026-07-08
勤労 学生 控除 年末 調整,260,23.0,Informational,N/A,年末調整 2026-07-08
国保 年末 調整 証明 書,260,21.0,Informational,N/A,年末調整 2026-07-08
埼玉 県民 共済 年末 調整,260,18.0,Navigational,N/A,年末調整 2026-07-08
定額減税 年末調整 還付金減る,260,28.0,Informational,N/A,年末調整 2026-07-08
封筒 年末 調整,260,15.0,Informational,N/A,年末調整 2026-07-08
市 県民 税 年末 調整,260,16.0,Informational,N/A,年末調整 2026-07-08
年末 調整 12 月 給与,260,24.0,Informational,N/A,年末調整 2026-07-08
年末 調整 いつ かえって くる,260,24.0,Informational,N/A,年末調整 2026-07-08
年末 調整 いつ 還付,260,25.0,Informational,N/A,年末調整 2026-07-08
年末 調整 いつまで の 給与,260,30.0,Informational,N/A,年末調整 2026-07-08
年末 調整 お金 戻っ て くる いつ,260,22.0,Informational,N/A,年末調整 2026-07-08
年末 調整 した 後に 確定 申告,260,25.0,Informational,N/A,年末調整 2026-07-08
年末 調整 しない 確定 申告,260,18.0,Informational,N/A,年末調整 2026-07-08
年末 調整 せ ず に 確定 申告,260,23.0,Informational,N/A,年末調整 2026-07-08
年末 調整 なぜ 必要,260,16.0,Informational,N/A,年末調整 2026-07-08
年末 調整 セミナー,260,10.0,Informational,N/A,年末調整 2026-07-08
年末 調整 チェック シート,260,15.0,"Informational, Transactional",N/A,年末調整 2026-07-08
年末 調整 テンプスタッフ,260,17.0,"Informational, Transactional",N/A,年末調整 2026-07-08
年末 調整 ハンコ,260,15.0,Informational,N/A,年末調整 2026-07-08
年末 調整 パート 扶養 内 書き方,260,27.0,Informational,N/A,年末調整 2026-07-08
年末 調整 フリーター,260,18.0,Informational,N/A,年末調整 2026-07-08
年末 調整 マイ ナンバーカード,260,27.0,Informational,N/A,年末調整 2026-07-08
年末 調整 ワンス トップ 特例,260,28.0,Informational,N/A,年末調整 2026-07-08
年末 調整 不動産 所得,260,12.0,Informational,N/A,年末調整 2026-07-08
年末 調整 不要,260,26.0,Informational,N/A,年末調整 2026-07-08
年末 調整 交通 費 は,260,18.0,Informational,N/A,年末調整 2026-07-08
年末 調整 介護 医療 保険,260,16.0,Informational,N/A,年末調整 2026-07-08
年末 調整 介護 医療 保険 料 書き方,260,21.0,Informational,N/A,年末調整 2026-07-08
年末 調整 休職,260,12.0,Informational,N/A,年末調整 2026-07-08
年末 調整 休職 中,260,14.0,Informational,N/A,年末調整 2026-07-08
年末 調整 会社 の ミス 過年度,260,12.0,Informational,N/A,年末調整 2026-07-08
年末 調整 住民 税 控除,260,23.0,Informational,N/A,年末調整 2026-07-08
年末 調整 保険 受取 人,260,23.0,Informational,N/A,年末調整 2026-07-08
年末 調整 保険 料 控除 年金,260,28.0,Informational,N/A,年末調整 2026-07-08
年末 調整 保険 料 控除 忘れ た,260,11.0,Informational,N/A,年末調整 2026-07-08
年末 調整 保険 解約,260,15.0,Informational,N/A,年末調整 2026-07-08
年末 調整 個人 型 確定 拠出 年金,260,29.0,Informational,N/A,年末調整 2026-07-08
年末 調整 個人 年金 控除,260,19.0,Informational,N/A,年末調整 2026-07-08
年末 調整 共済,260,23.0,Informational,N/A,年末調整 2026-07-08
年末 調整 出し 忘れ,260,21.0,Informational,N/A,年末調整 2026-07-08
年末 調整 勤労 学生 控除,260,28.0,Informational,N/A,年末調整 2026-07-08
年末 調整 勤労 学生 書き方,260,18.0,Informational,N/A,年末調整 2026-07-08
年末 調整 原本 提出,260,23.0,Informational,N/A,年末調整 2026-07-08
年末 調整 固定 資産 税,260,15.0,Informational,N/A,年末調整 2026-07-08
年末 調整 地震 保険 料 控除 計算 ツール,260,19.0,Informational,N/A,年末調整 2026-07-08
年末 調整 妻 の 収入 証明,260,30.0,Informational,N/A,年末調整 2026-07-08
年末 調整 子供 の 年金 控除 書き方,260,28.0,Informational,N/A,年末調整 2026-07-08
年末 調整 寄付 金 控除,260,18.0,Informational,N/A,年末調整 2026-07-08
年末 調整 封筒,260,17.0,Informational,N/A,年末調整 2026-07-08
年末 調整 封筒 書き方,260,21.0,Informational,N/A,年末調整 2026-07-08
年末 調整 小 規模 企業 共済 等 掛金 控除,260,21.0,Informational,N/A,年末調整 2026-07-08
年末 調整 市 県民 税,260,16.0,Informational,N/A,年末調整 2026-07-08
年末 調整 弥生,260,24.0,Navigational,N/A,年末調整 2026-07-08
年末 調整 役員,260,19.0,Informational,N/A,年末調整 2026-07-08
年末 調整 忘れ た バイト,260,16.0,Informational,N/A,年末調整 2026-07-08
年末 調整 戻っ て くる 金額 計算,260,21.0,Informational,N/A,年末調整 2026-07-08
年末 調整 所得 の 見積 額,260,26.0,Informational,N/A,年末調整 2026-07-08
年末 調整 所得 の 見積 額 と は,260,27.0,Informational,N/A,年末調整 2026-07-08
年末 調整 扶養 年金,260,30.0,Informational,N/A,年末調整 2026-07-08
年末 調整 掛け持ち の 場合,260,26.0,Informational,N/A,年末調整 2026-07-08
年末 調整 控除 と は わかり やすく,260,28.0,Informational,N/A,年末調整 2026-07-08
年末 調整 控除 住民 税,260,26.0,Informational,N/A,年末調整 2026-07-08
年末 調整 控除 個人 年金,260,24.0,Informational,N/A,年末調整 2026-07-08
年末 調整 旧姓 の まま,260,14.0,Informational,N/A,年末調整 2026-07-08
年末 調整 書き方 転職,260,23.0,Informational,N/A,年末調整 2026-07-08
年末 調整 書類 在 中,260,18.0,Informational,N/A,年末調整 2026-07-08
年末 調整 源泉 徴収 票 コピー,260,16.0,Informational,N/A,年末調整 2026-07-08
年末 調整 源泉 徴収 票 書き方,260,28.0,Commercial,N/A,年末調整 2026-07-08
年末 調整 独身 書き方,260,27.0,Informational,N/A,年末調整 2026-07-08
年末 調整 病院 代,260,25.0,Informational,N/A,年末調整 2026-07-08
年末 調整 確定 申告 いつまで,260,27.0,Informational,N/A,年末調整 2026-07-08
年末 調整 確定 申告 しない,260,21.0,Informational,N/A,年末調整 2026-07-08
年末 調整 育児 休業 給付 金,260,14.0,Informational,N/A,年末調整 2026-07-08
年末 調整 自分 で やる 場合,260,23.0,Informational,N/A,年末調整 2026-07-08
年末 調整 見積 額,260,28.0,Informational,N/A,年末調整 2026-07-08
年末 調整 説明 会,260,16.0,Informational,N/A,年末調整 2026-07-08
年末 調整 過 不足 税額 と は,260,23.0,Informational,N/A,年末調整 2026-07-08
年末 調整 還付 金 増える,260,18.0,Informational,N/A,年末調整 2026-07-08
年末 調整 還付 金 給与 明細 書き方,260,15.0,Informational,N/A,年末調整 2026-07-08
年末 調整 障害 者 書き方,260,28.0,Informational,N/A,年末調整 2026-07-08
年末 調整 非 居住 者 と は,260,20.0,Informational,N/A,年末調整 2026-07-08
年末 調整 養老 保険,260,15.0,Informational,N/A,年末調整 2026-07-08
年末 調整 高校生 アルバイト,260,28.0,Informational,N/A,年末調整 2026-07-08
年末調整 いくら戻ってきた 独身,260,24.0,Informational,N/A,年末調整 2026-07-08
年末調整 アルバイト 103万以下 還付金,260,23.0,Informational,N/A,年末調整 2026-07-08
年末調整 収入金額とは いつからいつまで,260,27.0,Informational,N/A,年末調整 2026-07-08
年末調整 掛け持ち 20万以下,260,23.0,Informational,N/A,年末調整 2026-07-08
年末調整 退職金 含まれる,260,21.0,Informational,N/A,年末調整 2026-07-08
年金 年末 調整 ハガキ,260,30.0,Informational,N/A,年末調整 2026-07-08
年金 年末 調整 扶養,260,29.0,Informational,N/A,年末調整 2026-07-08
弥生 年末 調整,260,24.0,Navigational,N/A,年末調整 2026-07-08
朝日 生命 年末 調整,260,20.0,Navigational,N/A,年末調整 2026-07-08
標準 報酬 月額 年末 調整 還付,260,21.0,Informational,N/A,年末調整 2026-07-08
死亡 年末 調整,260,21.0,Informational,N/A,年末調整 2026-07-08
源泉 徴収 票 コピー 年末 調整,260,18.0,Informational,N/A,年末調整 2026-07-08
火災 保険 年末 調整 賃貸,260,14.0,Informational,N/A,年末調整 2026-07-08
特別支給の老齢厚生年金 年末調整 書き方,260,30.0,Informational,N/A,年末調整 2026-07-08
特定 扶養 親族 年末 調整,260,29.0,Informational,N/A,年末調整 2026-07-08
甲乙 年末 調整,260,27.0,Informational,N/A,年末調整 2026-07-08
確定 申告 年末 調整 しない,260,16.0,Informational,N/A,年末調整 2026-07-08
社会 保険 料 年末 調整 戻っ て くる,260,17.0,Informational,N/A,年末調整 2026-07-08
給与 支払 報告 書 年末 調整,260,30.0,Informational,N/A,年末調整 2026-07-08
給与 明細 年末 調整 計算,260,25.0,Informational,N/A,年末調整 2026-07-08
賃貸 火災 保険 年末 調整,260,15.0,Informational,N/A,年末調整 2026-07-08
転職 年末 調整 書き方,260,29.0,Informational,N/A,年末調整 2026-07-08
転職 後 年末 調整,260,21.0,Informational,N/A,年末調整 2026-07-08
通勤 手当 年末 調整,260,19.0,Informational,N/A,年末調整 2026-07-08
養老 保険 年末 調整,260,15.0,Informational,N/A,年末調整 2026-07-08
アルバイト 税金 計算,260,26.0,Informational,N/A,税金計算 2026-07-07
仮想 通貨 税金 計算 ツール,260,26.0,Informational,N/A,税金計算 2026-07-07
受取 利息 税金 計算,260,23.0,Informational,N/A,税金計算 2026-07-07
土地 売却 税金 計算,260,23.0,Informational,N/A,税金計算 2026-07-07
海外 fx 税金 計算,260,11.0,Informational,N/A,税金計算 2026-07-07
110 万 円 贈与 確定 申告,260,27.0,Informational,N/A,確定申告 2026-07-08
booth 確定 申告,260,11.0,Informational,N/A,確定申告 2026-07-08
espp 確定 申告,260,7.0,Informational,N/A,確定申告 2026-07-08
fx 確定 申告 経費,260,17.0,Informational,N/A,確定申告 2026-07-08
gmo コイン 確定 申告,260,23.0,Informational,N/A,確定申告 2026-07-08
nisa 確定 申告 控除,260,18.0,Informational,N/A,確定申告 2026-07-08
うるま 市 確定 申告,260,16.0,Informational,N/A,確定申告 2026-07-08
おむつ 確定 申告,260,17.0,Informational,N/A,確定申告 2026-07-08
さいたま 市 確定 申告 会場,260,30.0,Informational,N/A,確定申告 2026-07-08
ふるさと 納税 ワンス トップ 確定 申告 違い,260,28.0,Informational,N/A,確定申告 2026-07-08
ふるさと 納税 住宅 ローン 控除 確定 申告,260,16.0,Informational,N/A,確定申告 2026-07-08
ふるさと 納税 確定 申告 不要,260,25.0,Informational,N/A,確定申告 2026-07-08
ふるさと 納税 確定 申告 住宅 ローン 控除,260,16.0,Informational,N/A,確定申告 2026-07-08
ふるさと 納税 確定 申告 寄付 金 控除,260,29.0,Informational,N/A,確定申告 2026-07-08
インフルエンザ 予防 接種 確定 申告,260,17.0,Informational,N/A,確定申告 2026-07-08
ウーバー イーツ 確定 申告 やり方,260,12.0,Informational,N/A,確定申告 2026-07-08
シルバー 人材 センター 確定 申告,260,12.0,Informational,N/A,確定申告 2026-07-08
シルバー 人材 センター 配分 金 確定 申告,260,19.0,Informational,N/A,確定申告 2026-07-08
トリプル ワーク 確定 申告,260,16.0,Informational,N/A,確定申告 2026-07-08
バイト 代 確定 申告,260,25.0,Informational,N/A,確定申告 2026-07-08
バイト 確定 申告 しない,260,19.0,Informational,N/A,確定申告 2026-07-08
パート 主婦 確定 申告,260,28.0,Informational,N/A,確定申告 2026-07-08
パート 確定 申告 書き方,260,29.0,Informational,N/A,確定申告 2026-07-08
ビエント 高崎 確定 申告,260,14.0,Informational,N/A,確定申告 2026-07-08
フリマ 確定 申告,260,22.0,Informational,N/A,確定申告 2026-07-08
ホスト 確定 申告,260,9.0,Informational,N/A,確定申告 2026-07-08
マーサ 21 確定 申告,260,15.0,Informational,N/A,確定申告 2026-07-08
一般 口座 確定 申告 必要 書類,260,27.0,Informational,N/A,確定申告 2026-07-08
不動産 取得 確定 申告,260,21.0,Informational,N/A,確定申告 2026-07-08
中途 退職 の 確定 申告,260,26.0,Informational,N/A,確定申告 2026-07-08
中途 退職 確定 申告,260,20.0,Informational,N/A,確定申告 2026-07-08
予防 接種 確定 申告,260,25.0,Informational,N/A,確定申告 2026-07-08
亡くなっ た 親 の 確定 申告,260,23.0,Informational,N/A,確定申告 2026-07-08
介護 保険 確定 申告 控除,260,23.0,Informational,N/A,確定申告 2026-07-08
企業 年金 確定 申告 必要 か,260,13.0,Informational,N/A,確定申告 2026-07-08
住民 税 確定 申告 医療 費 控除,260,15.0,Informational,N/A,確定申告 2026-07-08
保険 外交 員 確定 申告,260,9.0,Informational,N/A,確定申告 2026-07-08
個人 事業 主 確定 申告 白色 申告,260,29.0,Informational,N/A,確定申告 2026-07-08
個人 事業 主 確定 申告 税理士,260,18.0,Informational,N/A,確定申告 2026-07-08
個人 事業 主 税理士 確定 申告,260,18.0,Informational,N/A,確定申告 2026-07-08
個人 年金 の 確定 申告,260,21.0,Informational,N/A,確定申告 2026-07-08
個人 年金 雑 所得 確定 申告,260,20.0,Informational,N/A,確定申告 2026-07-08
個人 確定 申告 代行,260,17.0,Informational,N/A,確定申告 2026-07-08
児童 手当 確定 申告,260,14.0,Informational,N/A,確定申告 2026-07-08
初めて の 確定 申告 個人 事業 主,260,29.0,Informational,N/A,確定申告 2026-07-08
利子 所得 確定 申告,260,24.0,Informational,N/A,確定申告 2026-07-08
利息 確定 申告,260,30.0,Informational,N/A,確定申告 2026-07-08
副業 確定 申告 経費,260,17.0,Informational,N/A,確定申告 2026-07-08
労災 保険 確定 申告,260,10.0,Informational,N/A,確定申告 2026-07-08
医療 費 控除 と ふるさと 納税 確定 申告,260,20.0,Informational,N/A,確定申告 2026-07-08
医療 費 控除 確定 申告 サラリーマン,260,18.0,Informational,N/A,確定申告 2026-07-08
医療 費 控除 確定 申告 保険 給付 金,260,17.0,Informational,N/A,確定申告 2026-07-08
同人 確定 申告,260,20.0,Informational,N/A,確定申告 2026-07-08
名古屋 市 確定 申告 相談,260,24.0,Navigational,N/A,確定申告 2026-07-08
国債 利子 確定 申告,260,20.0,Informational,N/A,確定申告 2026-07-08
国民 年金 確定 申告 いくら 戻る,260,27.0,Informational,N/A,確定申告 2026-07-08
国民 年金 確定 申告 書き方,260,24.0,Informational,N/A,確定申告 2026-07-08
土地 を 売っ た 時 の 確定 申告,260,19.0,Informational,N/A,確定申告 2026-07-08
土地 を 売っ た 確定 申告,260,28.0,Informational,N/A,確定申告 2026-07-08
地代 家賃 確定 申告,260,21.0,Informational,N/A,確定申告 2026-07-08
外貨 預金 確定 申告 やり方,260,27.0,Informational,N/A,確定申告 2026-07-08
大阪 確定 申告,260,29.0,Navigational,N/A,確定申告 2026-07-08
太陽 光 売 電 確定 申告,260,20.0,Informational,N/A,確定申告 2026-07-08
失業 保険 確定 申告 必要,260,17.0,Informational,N/A,確定申告 2026-07-08
失業 給付 確定 申告,260,14.0,Informational,N/A,確定申告 2026-07-08
失業 給付 金 確定 申告,260,13.0,Informational,N/A,確定申告 2026-07-08
委託 業務 確定 申告,260,17.0,Informational,N/A,確定申告 2026-07-08
実家 売却 確定 申告,260,16.0,Informational,N/A,確定申告 2026-07-08
宮崎 市 確定 申告,260,28.0,Informational,N/A,確定申告 2026-07-08
家 を 買っ た 確定 申告,260,27.0,Informational,N/A,確定申告 2026-07-08
専従 者 確定 申告 不要,260,16.0,Informational,N/A,確定申告 2026-07-08
山林 所得 確定 申告,260,27.0,Informational,N/A,確定申告 2026-07-08
年末 調整 した あと 確定 申告,260,24.0,Informational,N/A,確定申告 2026-07-08
年金 と パート 収入 確定 申告,260,23.0,Informational,N/A,確定申告 2026-07-08
年金 と 給与 所得 確定 申告,260,28.0,Informational,N/A,確定申告 2026-07-08
年金 パート 収入 確定 申告,260,26.0,Informational,N/A,確定申告 2026-07-08
年金 受給 者 確定 申告 医療 費 控除 書き方,260,14.0,Informational,N/A,確定申告 2026-07-08
慰謝 料 確定 申告,260,13.0,Informational,N/A,確定申告 2026-07-08
成田 税務署 確定 申告,260,24.0,Informational,N/A,確定申告 2026-07-08
所得税 の 準 確定 申告,260,15.0,Informational,N/A,確定申告 2026-07-08
所得税 準 確定 申告,260,26.0,Informational,N/A,確定申告 2026-07-08
投資 信託 特定 口座 確定 申告,260,28.0,Informational,N/A,確定申告 2026-07-08
投資 信託 確定 申告 やり方,260,25.0,Informational,N/A,確定申告 2026-07-08
故人 の 確定 申告,260,14.0,Informational,N/A,確定申告 2026-07-08
新潟 市 確定 申告 会場,260,22.0,Informational,N/A,確定申告 2026-07-08
新潟 市 確定 申告 朱鷺 メッセ,260,22.0,Informational,N/A,確定申告 2026-07-08
旭川 確定 申告,260,27.0,Navigational,N/A,確定申告 2026-07-08
春日井 市 確定 申告,260,22.0,Informational,N/A,確定申告 2026-07-08
春日部 税務署 確定 申告,260,27.0,"Informational, Transactional",N/A,確定申告 2026-07-08
未 成年 確定 申告,260,14.0,Informational,N/A,確定申告 2026-07-08
杉並 区 確定 申告,260,25.0,Navigational,N/A,確定申告 2026-07-08
東村山 税務署 確定 申告,260,25.0,"Informational, Transactional",N/A,確定申告 2026-07-08
株 売却 確定 申告 必要 書類,260,24.0,Informational,N/A,確定申告 2026-07-08
業務 委託 確定 申告 いくら から,260,18.0,Informational,N/A,確定申告 2026-07-08
水 商売 確定 申告,260,12.0,Informational,N/A,確定申告 2026-07-08
治験 確定 申告,260,6.0,Informational,N/A,確定申告 2026-07-08
源泉徴収 引かれていない場合 確定申告,260,25.0,Informational,N/A,確定申告 2026-07-08
為替 差益 確定 申告 バレる,260,16.0,Informational,N/A,確定申告 2026-07-08
生命 保険 入院 給付 金 確定 申告,260,15.0,Informational,N/A,確定申告 2026-07-08
生命 保険 年金 確定 申告,260,29.0,Informational,N/A,確定申告 2026-07-08
相模原 税務署 確定 申告,260,28.0,"Informational, Transactional",N/A,確定申告 2026-07-08
相続 確定 申告 不要,260,14.0,Informational,N/A,確定申告 2026-07-08
確定 申告 いつから 準備,260,25.0,Informational,N/A,確定申告 2026-07-08
確定 申告 うるま 市,260,19.0,Informational,N/A,確定申告 2026-07-08
確定 申告 おむつ,260,16.0,Informational,N/A,確定申告 2026-07-08
確定 申告 さいたま 市 会場,260,25.0,Informational,N/A,確定申告 2026-07-08
確定 申告 で 払う 税金,260,29.0,Informational,N/A,確定申告 2026-07-08
確定 申告 の お知らせ はがき,260,11.0,Informational,N/A,確定申告 2026-07-08
確定 申告 の 修正 申告,260,26.0,Informational,N/A,確定申告 2026-07-08
確定 申告 ふるさと 納税 忘れ た,260,17.0,Informational,N/A,確定申告 2026-07-08
確定 申告 ふるさと 納税 添付 書類,260,30.0,Informational,N/A,確定申告 2026-07-08
確定 申告 を し なけれ ば いけない 人,260,14.0,Informational,N/A,確定申告 2026-07-08
確定 申告 イラスト,260,22.0,Informational,N/A,確定申告 2026-07-08
確定 申告 インフルエンザ 予防 接種,260,17.0,Informational,N/A,確定申告 2026-07-08
確定 申告 ゲーム,260,16.0,Informational,N/A,確定申告 2026-07-08
確定 申告 コンビニ 印刷,260,26.0,"Informational, Transactional",N/A,確定申告 2026-07-08
確定 申告 バイト やり方,260,29.0,Informational,N/A,確定申告 2026-07-08
確定 申告 バイト 代,260,25.0,Informational,N/A,確定申告 2026-07-08
確定 申告 パソコン 経費,260,27.0,Informational,N/A,確定申告 2026-07-08
確定 申告 パート 書き方,260,29.0,Informational,N/A,確定申告 2026-07-08
確定 申告 ポスト 投函,260,26.0,Informational,N/A,確定申告 2026-07-08
確定 申告 リフォーム 控除,260,20.0,Informational,N/A,確定申告 2026-07-08
確定 申告 レシート ない,260,14.0,Informational,N/A,確定申告 2026-07-08
確定 申告 レター パック ライト,260,5.0,Informational,N/A,確定申告 2026-07-08
確定 申告 不動産 取得,260,17.0,Informational,N/A,確定申告 2026-07-08
確定 申告 不動産 売却 必要 書類,260,19.0,Informational,N/A,確定申告 2026-07-08
確定 申告 中古 住宅 購入,260,16.0,Informational,N/A,確定申告 2026-07-08
確定 申告 中途 退職,260,25.0,Informational,N/A,確定申告 2026-07-08
確定 申告 丸 投げ 税理士,260,11.0,Informational,N/A,確定申告 2026-07-08
確定 申告 乙 欄,260,28.0,Informational,N/A,確定申告 2026-07-08
確定 申告 予定 納税 額,260,21.0,Informational,N/A,確定申告 2026-07-08
確定 申告 予防 接種,260,21.0,Informational,N/A,確定申告 2026-07-08
確定 申告 代行 個人,260,19.0,Informational,N/A,確定申告 2026-07-08
確定 申告 企業 年金,260,19.0,Informational,N/A,確定申告 2026-07-08
確定 申告 住宅 ローン 控除 ふるさと 納税,260,21.0,Informational,N/A,確定申告 2026-07-08
確定 申告 住宅 ローン 控除 忘れ た,260,8.0,Informational,N/A,確定申告 2026-07-08
確定 申告 住所 住民 票 と 違う,260,17.0,Informational,N/A,確定申告 2026-07-08
確定 申告 住民 税 申告 不要,260,22.0,Informational,N/A,確定申告 2026-07-08
確定 申告 何 年 保管,260,19.0,Informational,N/A,確定申告 2026-07-08
確定 申告 何 月 から 何 月 まで の 収入,260,30.0,Informational,N/A,確定申告 2026-07-08
確定 申告 保険 解約 返戻 金,260,17.0,Informational,N/A,確定申告 2026-07-08
確定 申告 個人 事業 主 白色 申告,260,24.0,Informational,N/A,確定申告 2026-07-08
確定 申告 個人 事業 主 税理士,260,18.0,Informational,N/A,確定申告 2026-07-08
確定 申告 個人 年金 控除,260,29.0,Informational,N/A,確定申告 2026-07-08
確定 申告 借金 ばれる,260,16.0,Informational,N/A,確定申告 2026-07-08
確定 申告 健康 保険 料 控除,260,29.0,Informational,N/A,確定申告 2026-07-08
確定 申告 入院 中,260,23.0,Informational,N/A,確定申告 2026-07-08
確定 申告 利子 所得,260,28.0,Informational,N/A,確定申告 2026-07-08
確定 申告 労災 保険,260,14.0,Informational,N/A,確定申告 2026-07-08
確定 申告 北九州 市,260,23.0,Informational,N/A,確定申告 2026-07-08
確定 申告 医療 費 控除 いつ 戻る,260,20.0,Informational,N/A,確定申告 2026-07-08
確定 申告 医療 費 控除 サラリーマン,260,21.0,Informational,N/A,確定申告 2026-07-08
確定 申告 医療 費 控除 住民 税,260,23.0,Informational,N/A,確定申告 2026-07-08
確定 申告 医療 費 控除 還付 金 いつ,260,16.0,Informational,N/A,確定申告 2026-07-08
確定 申告 印鑑,260,12.0,Informational,N/A,確定申告 2026-07-08
確定 申告 国民 保険,260,27.0,Informational,N/A,確定申告 2026-07-08
確定 申告 国民 健康 保険 いつから いつまで,260,19.0,Informational,N/A,確定申告 2026-07-08
確定 申告 国民 健康 保険 控除 証明 書,260,17.0,Informational,N/A,確定申告 2026-07-08
確定 申告 地代 家賃,260,21.0,Informational,N/A,確定申告 2026-07-08
確定 申告 地震 保険 料 控除 書き方,260,16.0,Informational,N/A,確定申告 2026-07-08
確定 申告 失業 給付 金,260,13.0,Informational,N/A,確定申告 2026-07-08
確定 申告 姫路,260,28.0,Informational,N/A,確定申告 2026-07-08
確定 申告 家 購入,260,26.0,Informational,N/A,確定申告 2026-07-08
確定 申告 寄付 金 受領 証明 書,260,27.0,Informational,N/A,確定申告 2026-07-08
確定 申告 山林 所得,260,30.0,Informational,N/A,確定申告 2026-07-08
確定 申告 年収 どこ,260,28.0,Informational,N/A,確定申告 2026-07-08
確定 申告 必要 か どうか,260,28.0,Informational,N/A,確定申告 2026-07-08
確定 申告 必要 書類 株,260,28.0,Informational,N/A,確定申告 2026-07-08
確定 申告 必要 経費 と は,260,27.0,Informational,N/A,確定申告 2026-07-08
確定 申告 戻っ て くる 金額,260,30.0,Informational,N/A,確定申告 2026-07-08
確定 申告 所得税 0 円,260,23.0,Informational,N/A,確定申告 2026-07-08
確定 申告 携帯 代,260,17.0,Informational,N/A,確定申告 2026-07-08
確定 申告 整理 番号 わからない,260,23.0,Informational,N/A,確定申告 2026-07-08
確定 申告 新潟 市 会場,260,30.0,"Informational, Transactional",N/A,確定申告 2026-07-08
確定 申告 旭川,260,22.0,Informational,N/A,確定申告 2026-07-08
確定 申告 時間 外 収受 箱 封筒 記入,260,9.0,Informational,N/A,確定申告 2026-07-08
確定 申告 書類 保管 期間,260,19.0,Informational,N/A,確定申告 2026-07-08
確定 申告 期日 過ぎ たら,260,29.0,Informational,N/A,確定申告 2026-07-08
確定 申告 東村山 税務署,260,23.0,"Informational, Transactional",N/A,確定申告 2026-07-08
確定 申告 株 いくら から,260,28.0,Informational,N/A,確定申告 2026-07-08
確定 申告 株 必要 書類,260,23.0,Informational,N/A,確定申告 2026-07-08
確定 申告 株式 譲渡 益 書き方,260,30.0,Informational,N/A,確定申告 2026-07-08
確定 申告 添付 書類 貼り 方 複数,260,19.0,Informational,N/A,確定申告 2026-07-08
確定 申告 減価 償却 費 計算,260,25.0,Informational,N/A,確定申告 2026-07-08
確定 申告 申告 漏れ 時効,260,10.0,Informational,N/A,確定申告 2026-07-08
確定 申告 病院 領収 書,260,27.0,Informational,N/A,確定申告 2026-07-08
確定 申告 白色 申告 青色 申告 違い,260,28.0,Informational,N/A,確定申告 2026-07-08
確定 申告 福島 市,260,23.0,Informational,N/A,確定申告 2026-07-08
確定 申告 税理士 に 渡す もの,260,12.0,Informational,N/A,確定申告 2026-07-08
確定 申告 税理士 丸 投げ,260,14.0,Informational,N/A,確定申告 2026-07-08
確定 申告 税理士 個人 事業 主,260,23.0,Informational,N/A,確定申告 2026-07-08
確定 申告 税理士 相場,260,19.0,Informational,N/A,確定申告 2026-07-08
確定 申告 第 3 表,260,30.0,"Informational, Navigational",N/A,確定申告 2026-07-08
確定 申告 経費 いくら まで,260,19.0,Informational,N/A,確定申告 2026-07-08
確定 申告 経費 パソコン,260,27.0,Informational,N/A,確定申告 2026-07-08
確定 申告 職業 欄 アルバイト,260,12.0,Informational,N/A,確定申告 2026-07-08
確定 申告 費用,260,18.0,Informational,N/A,確定申告 2026-07-08
確定 申告 資料 保存 期間,260,17.0,Informational,N/A,確定申告 2026-07-08
確定 申告 赤字 書き方,260,25.0,Informational,N/A,確定申告 2026-07-08
確定 申告 車 ローン,260,26.0,Informational,N/A,確定申告 2026-07-08
確定 申告 車検,260,15.0,Informational,N/A,確定申告 2026-07-08
確定 申告 農業 所得,260,21.0,Informational,N/A,確定申告 2026-07-08
確定 申告 返信 用 封筒,260,19.0,Informational,N/A,確定申告 2026-07-08
確定 申告 追徴 課税,260,19.0,Informational,N/A,確定申告 2026-07-08
確定 申告 退職 後,260,30.0,Informational,N/A,確定申告 2026-07-08
確定 申告 退職 必要 書類,260,29.0,Informational,N/A,確定申告 2026-07-08
確定 申告 退職 金 書き方,260,28.0,Informational,N/A,確定申告 2026-07-08
確定 申告 送信 後 訂正,260,30.0,"Informational, Transactional",N/A,確定申告 2026-07-08
確定 申告 途中 保存,260,23.0,Informational,N/A,確定申告 2026-07-08
確定 申告 過ぎ た 場合,260,26.0,Informational,N/A,確定申告 2026-07-08
確定 申告 遺族 年金 雑 所得,260,20.0,Informational,N/A,確定申告 2026-07-08
確定 申告 還付 金 どれくらい,260,26.0,Informational,N/A,確定申告 2026-07-08
確定 申告 郵送 の 場合,260,23.0,Informational,N/A,確定申告 2026-07-08
確定 申告 郵送 控え,260,22.0,Informational,N/A,確定申告 2026-07-08
確定 申告 郵送 簡易 書留,260,27.0,Informational,N/A,確定申告 2026-07-08
確定 申告 配偶 者 の 年金 収入,260,25.0,Informational,N/A,確定申告 2026-07-08
確定 申告 銀行 利息,260,28.0,Informational,N/A,確定申告 2026-07-08
確定 申告 長崎 市,260,26.0,Informational,N/A,確定申告 2026-07-08
確定 申告 雑 収入 と は,260,21.0,Informational,N/A,確定申告 2026-07-08
確定 申告 青色 申告 白色 申告 違い,260,29.0,Informational,N/A,確定申告 2026-07-08
確定 申告 静岡 市,260,26.0,"Informational, Transactional",N/A,確定申告 2026-07-08
確定 申告 風俗,260,6.0,Informational,N/A,確定申告 2026-07-08
確定 申告 鹿児島,260,29.0,Informational,N/A,確定申告 2026-07-08
確定申告 令和 3年分 いつから,260,28.0,Informational,N/A,確定申告 2026-07-08
確定申告 土日 2021,260,26.0,Informational,N/A,確定申告 2026-07-08
確定申告 年収100万以下 フリーランス,260,25.0,Informational,N/A,確定申告 2026-07-08
確定申告 還付金 振り込まれない 2020,260,26.0,Informational,N/A,確定申告 2026-07-08
確定申告期限延長 2022,260,28.0,Informational,N/A,確定申告 2026-07-08
福島 市 確定 申告,260,30.0,Informational,N/A,確定申告 2026-07-08
私 的 年金 確定 申告,260,21.0,Informational,N/A,確定申告 2026-07-08
税務署 確定 申告 必要 な もの,260,30.0,Informational,N/A,確定申告 2026-07-08
税理士 相場 確定 申告,260,21.0,Informational,N/A,確定申告 2026-07-08
税理士 確定 申告 個人 事業 主,260,22.0,Informational,N/A,確定申告 2026-07-08
税理士 確定 申告 相場,260,18.0,Informational,N/A,確定申告 2026-07-08
端数 株式 処分 代金 確定 申告,260,20.0,Informational,N/A,確定申告 2026-07-08
第 3 表 確定 申告,260,29.0,Informational,N/A,確定申告 2026-07-08
給与 所得 年金 確定 申告,260,27.0,Informational,N/A,確定申告 2026-07-08
緑 税務署 確定 申告,260,26.0,"Informational, Transactional",N/A,確定申告 2026-07-08
育休 確定 申告,260,18.0,Informational,N/A,確定申告 2026-07-08
自由 診療 確定 申告,260,20.0,Informational,N/A,確定申告 2026-07-08
藤沢 税務署 確定 申告,260,26.0,Informational,N/A,確定申告 2026-07-08
詐欺 被害 確定 申告,260,16.0,Informational,N/A,確定申告 2026-07-08
謝金 確定 申告,260,20.0,Informational,N/A,確定申告 2026-07-08
譲渡 所得 確定 申告 不要,260,13.0,Informational,N/A,確定申告 2026-07-08
貸 株 金利 確定 申告,260,21.0,Informational,N/A,確定申告 2026-07-08
車 の ローン 確定 申告,260,22.0,Informational,N/A,確定申告 2026-07-08
車検 確定 申告,260,12.0,Informational,N/A,確定申告 2026-07-08
農家 確定 申告,260,24.0,Informational,N/A,確定申告 2026-07-08
農業 収入 確定 申告,260,23.0,Informational,N/A,確定申告 2026-07-08
農業 所得 確定 申告 不要,260,22.0,Informational,N/A,確定申告 2026-07-08
退職 金 確定 申告 書き方,260,24.0,Informational,N/A,確定申告 2026-07-08
過去 の 確定 申告 閲覧,260,28.0,Informational,N/A,確定申告 2026-07-08
配当 金 確定 申告 不要,260,29.0,Informational,N/A,確定申告 2026-07-08
障害 者 手帳 確定 申告,260,28.0,Informational,N/A,確定申告 2026-07-08
静岡 市 確定 申告,260,29.0,Informational,N/A,確定申告 2026-07-08
養老 保険 満期 確定 申告,260,24.0,Informational,N/A,確定申告 2026-07-08
鶴見 税務署 確定 申告,260,25.0,Informational,N/A,確定申告 2026-07-08
鹿児島 確定 申告,260,22.0,Informational,N/A,確定申告 2026-07-08
65 歳 社会 保険 料,260,23.0,Informational,N/A,社会保険料 2026-07-08
88000 円 社会 保険 料,260,12.0,Informational,N/A,社会保険料 2026-07-08
ボーナス 社会 保険 料 計算,260,24.0,Informational,N/A,社会保険料 2026-07-08
中途 入社 社会 保険 料 いつから,260,10.0,Informational,N/A,社会保険料 2026-07-08
会社 負担 社会 保険 料 計算,260,20.0,Informational,N/A,社会保険料 2026-07-08
傷病 手当 受給 中 社会 保険 料,260,11.0,Informational,N/A,社会保険料 2026-07-08
入社 月 社会 保険 料,260,14.0,Informational,N/A,社会保険料 2026-07-08
公務員 社会 保険 料 いくら,260,12.0,Informational,N/A,社会保険料 2026-07-08
国民 健康 保険 料 社会 保険 料,260,25.0,Informational,N/A,社会保険料 2026-07-08
年収 200 万 社会 保険 料,260,15.0,Informational,N/A,社会保険料 2026-07-08
年収 300 万 社会 保険 料,260,27.0,Informational,N/A,社会保険料 2026-07-08
役員 報酬 5 万 円 社会 保険 料,260,9.0,Informational,N/A,社会保険料 2026-07-08
月収 12 万 社会 保険 料,260,14.0,Informational,N/A,社会保険料 2026-07-08
月収 15 万 社会 保険 料,260,12.0,Informational,N/A,社会保険料 2026-07-08
標準 報酬 月額 社会 保険 料,260,27.0,Informational,N/A,社会保険料 2026-07-08
決算 賞与 社会 保険 料,260,22.0,Informational,N/A,社会保険料 2026-07-08
派遣 社会 保険 料 高い,260,15.0,Informational,N/A,社会保険料 2026-07-08
源泉 徴収 社会 保険 料,260,24.0,Informational,N/A,社会保険料 2026-07-08
源泉 徴収 票 社会 保険 料 等 の 金額 内,260,10.0,Informational,N/A,社会保険料 2026-07-08
源泉 徴収 票 社会 保険 料 等 の 金額 計算,260,26.0,Informational,N/A,社会保険料 2026-07-08
社会 保険 料 456 月,260,17.0,Informational,N/A,社会保険料 2026-07-08
社会 保険 料 パート 計算,260,18.0,Informational,N/A,社会保険料 2026-07-08
社会 保険 料 下げる,260,22.0,Informational,N/A,社会保険料 2026-07-08
社会 保険 料 事業 主 負担,260,26.0,Informational,N/A,社会保険料 2026-07-08
社会 保険 料 京都,260,16.0,Informational,N/A,社会保険料 2026-07-08
社会 保険 料 会社 負担 計算,260,29.0,Informational,N/A,社会保険料 2026-07-08
社会 保険 料 入社 月,260,12.0,Informational,N/A,社会保険料 2026-07-08
社会 保険 料 削減,260,10.0,Informational,N/A,社会保険料 2026-07-08
社会 保険 料 千葉 県,260,26.0,Informational,N/A,社会保険料 2026-07-08
社会 保険 料 変わる タイミング,260,15.0,Informational,N/A,社会保険料 2026-07-08
社会 保険 料 岡山,260,15.0,"Informational, Navigational",N/A,社会保険料 2026-07-08
社会 保険 料 延滞 金,260,8.0,Informational,N/A,社会保険料 2026-07-08
社会 保険 料 延滞 金 損金 算入,260,5.0,Informational,N/A,社会保険料 2026-07-08
社会 保険 料 引き落とし タイミング,260,15.0,Informational,N/A,社会保険料 2026-07-08
社会 保険 料 引き落とし 日,260,26.0,Informational,N/A,社会保険料 2026-07-08
社会 保険 料 支払 先,260,15.0,Informational,N/A,社会保険料 2026-07-08
社会 保険 料 支払 方法,260,14.0,Informational,N/A,社会保険料 2026-07-08
社会 保険 料 東急,260,28.0,"Informational, Transactional",N/A,社会保険料 2026-07-08
社会 保険 料 毎月 変わる,260,16.0,Informational,N/A,社会保険料 2026-07-08
社会 保険 料 決定 通知 書,260,14.0,Informational,N/A,社会保険料 2026-07-08
社会 保険 料 減額 申請,260,24.0,Informational,N/A,社会保険料 2026-07-08
社会 保険 料 無職,260,18.0,Informational,N/A,社会保険料 2026-07-08
社会 保険 料 石川 県,260,17.0,"Informational, Navigational",N/A,社会保険料 2026-07-08
社会 保険 料 算定 月,260,23.0,Informational,N/A,社会保険料 2026-07-08
社会 保険 料 納入 証明 申請 書,260,19.0,"Informational, Transactional",N/A,社会保険料 2026-07-08
社会 保険 料 給与 明細,260,18.0,Informational,N/A,社会保険料 2026-07-08
社会 保険 料 自 営業,260,25.0,Informational,N/A,社会保険料 2026-07-08
社会 保険 料 計算 会社 負担,260,27.0,Informational,N/A,社会保険料 2026-07-08
社会 保険 料 証明 書,260,28.0,Informational,N/A,社会保険料 2026-07-08
社会 保険 料 賞与 計算,260,20.0,Informational,N/A,社会保険料 2026-07-08
社会 保険 料 預り 金,260,25.0,Informational,N/A,社会保険料 2026-07-08
社会 保険 料率 変更,260,23.0,Informational,N/A,社会保険料 2026-07-08
育休 明け 社会 保険 料 徴収 いつから,260,14.0,Informational,N/A,社会保険料 2026-07-08
賞与 に かかる 社会 保険 料,260,16.0,Informational,N/A,社会保険料 2026-07-08
退職 後 賞与 社会 保険 料,260,10.0,Informational,N/A,社会保険料 2026-07-08
障害 者 社会 保険 料,260,17.0,Informational,N/A,社会保険料 2026-07-08
12 月 給与 年末 調整,210,25.0,Informational,N/A,年末調整 2026-07-08
12 月 転職 年末 調整,210,15.0,Informational,N/A,年末調整 2026-07-08
fx 年末 調整,210,17.0,Informational,N/A,年末調整 2026-07-08
ideco 控除 年末 調整,210,20.0,Informational,N/A,年末調整 2026-07-08
ja 共済 年末 調整 ハガキ いつ,210,26.0,"Informational, Navigational",N/A,年末調整 2026-07-08
obc 年末 調整,210,16.0,"Informational, Transactional",N/A,年末調整 2026-07-08
ふるさと 納税 いつまで 年末 調整,210,20.0,Informational,N/A,年末調整 2026-07-08
ふるさと 納税 ワンス トップ 年末 調整,210,20.0,Informational,N/A,年末調整 2026-07-08
アフラック 年末 調整 ハガキ 届か ない,210,22.0,Informational,N/A,年末調整 2026-07-08
アルバイト 年末 調整 確定 申告,210,26.0,Informational,N/A,年末調整 2026-07-08
エッジトラッカー 年末調整,210,16.0,Informational,N/A,年末調整 2026-07-08
バイト 年末 調整 しない,210,13.0,Informational,N/A,年末調整 2026-07-08
バイト 年末 調整 学生,210,27.0,Informational,N/A,年末調整 2026-07-08
パート ダブル ワーク 年末 調整,210,19.0,Informational,N/A,年末調整 2026-07-08
フルキャスト 年末 調整,210,22.0,Informational,N/A,年末調整 2026-07-08
メルカリ 年末 調整,210,22.0,Informational,N/A,年末調整 2026-07-08
世帯 主 年末 調整,210,20.0,Informational,N/A,年末調整 2026-07-08
住友 生命 年末 調整 いつ 届く,210,22.0,Informational,N/A,年末調整 2026-07-08
住宅 ローン 1 年 目 年末 調整,210,29.0,Informational,N/A,年末調整 2026-07-08
住宅 ローン 控除 忘れ た 年末 調整,210,11.0,Informational,N/A,年末調整 2026-07-08
保険 金 等 の 受取 人 年末 調整,210,22.0,Informational,N/A,年末調整 2026-07-08
個人 年金 保険 料 年末 調整,210,22.0,Informational,N/A,年末調整 2026-07-08
傷害 保険 年末 調整,210,15.0,Informational,N/A,年末調整 2026-07-08
全国 生協 連 年末 調整 書き方,210,19.0,Informational,N/A,年末調整 2026-07-08
全国 生活 協同 組合 連合 会 年末 調整 書き方,210,11.0,Informational,N/A,年末調整 2026-07-08
公務員 年末 調整 いつ,210,30.0,Informational,N/A,年末調整 2026-07-08
出国 時 年末 調整,210,22.0,Informational,N/A,年末調整 2026-07-08
副業 年末 調整 バレる,210,17.0,Informational,N/A,年末調整 2026-07-08
医療 費 控除 年末 調整 後,210,19.0,Informational,N/A,年末調整 2026-07-08
収入 保障 保険 年末 調整,210,21.0,Informational,N/A,年末調整 2026-07-08
団体 保険 年末 調整,210,16.0,Informational,N/A,年末調整 2026-07-08
国民 保険 年末 調整,210,26.0,Informational,N/A,年末調整 2026-07-08
国民 健康 保険 控除 証明 書 年末 調整,210,23.0,Informational,N/A,年末調整 2026-07-08
国民 健康 保険 税 年末 調整,210,15.0,Informational,N/A,年末調整 2026-07-08
地震 保険 控除 年末 調整,210,16.0,Informational,N/A,年末調整 2026-07-08
大学生 アルバイト 年末 調整,210,29.0,Informational,N/A,年末調整 2026-07-08
大樹 生命 年末 調整,210,11.0,Navigational,N/A,年末調整 2026-07-08
奉行 年末 調整,210,14.0,"Informational, Transactional",N/A,年末調整 2026-07-08
妻が個人事業主 夫の年末調整,210,22.0,Informational,N/A,年末調整 2026-07-08
専従 者 給与 年末 調整,210,18.0,Informational,N/A,年末調整 2026-07-08
山崎製パングループwebサービス 年末調整,210,17.0,Informational,N/A,年末調整 2026-07-08
年末 調整 2000 万,210,27.0,Informational,N/A,年末調整 2026-07-08
年末 調整 obc,210,23.0,"Informational, Transactional",N/A,年末調整 2026-07-08
年末 調整 w ワーク,210,23.0,Informational,N/A,年末調整 2026-07-08
年末 調整 いくら 帰っ て くる,210,21.0,Informational,N/A,年末調整 2026-07-08
年末 調整 し なかっ たら,210,16.0,Informational,N/A,年末調整 2026-07-08
年末 調整 しない バイト,210,13.0,Informational,N/A,年末調整 2026-07-08
年末 調整 しない 会社,210,16.0,Informational,N/A,年末調整 2026-07-08
年末 調整 でき なかっ た 確定 申告,210,25.0,Informational,N/A,年末調整 2026-07-08
年末 調整 どこに 出す,210,30.0,Informational,N/A,年末調整 2026-07-08
年末 調整 による 超過 税額,210,29.0,Informational,N/A,年末調整 2026-07-08
年末 調整 を し てい ない 源泉 徴収 票,210,29.0,Informational,N/A,年末調整 2026-07-08
年末 調整 を し なかっ たら,210,15.0,Informational,N/A,年末調整 2026-07-08
年末 調整 を しない 会社,210,16.0,Informational,N/A,年末調整 2026-07-08
年末 調整 オフィス ステーション,210,17.0,Navigational,N/A,年末調整 2026-07-08
年末 調整 ネット 申請,210,29.0,Informational,N/A,年末調整 2026-07-08
年末 調整 バイト 書き方,210,29.0,Informational,N/A,年末調整 2026-07-08
年末 調整 マイ ナンバー 記入 不要,210,14.0,Informational,N/A,年末調整 2026-07-08
年末 調整 一人暮らし 世帯 主,210,25.0,Informational,N/A,年末調整 2026-07-08
年末 調整 世帯 主 実家 暮らし,210,14.0,Informational,N/A,年末調整 2026-07-08
年末 調整 介護 保険 料 控除 上限,210,26.0,Informational,N/A,年末調整 2026-07-08
年末 調整 代行,210,15.0,Informational,N/A,年末調整 2026-07-08
年末 調整 何 月 の 給料,210,23.0,Informational,N/A,年末調整 2026-07-08
年末 調整 保険 ハガキ,210,15.0,Informational,N/A,年末調整 2026-07-08
年末 調整 保険 料 控除 家族 分,210,19.0,Informational,N/A,年末調整 2026-07-08
年末 調整 保険 料 控除 証明 書 間に合わ ない,210,15.0,Informational,N/A,年末調整 2026-07-08
年末 調整 保険 料 計算,210,30.0,Informational,N/A,年末調整 2026-07-08
年末 調整 保険 期間,210,19.0,Informational,N/A,年末調整 2026-07-08
年末 調整 保険 金 等 の 受取 人,210,18.0,Informational,N/A,年末調整 2026-07-08
年末 調整 修正 方法,210,20.0,Informational,N/A,年末調整 2026-07-08
年末 調整 個人 年金 保険 料,210,20.0,Informational,N/A,年末調整 2026-07-08
年末 調整 傷害 保険,210,20.0,Informational,N/A,年末調整 2026-07-08
年末 調整 単発 バイト,210,12.0,Informational,N/A,年末調整 2026-07-08
年末 調整 印鑑 押す 場所,210,14.0,Informational,N/A,年末調整 2026-07-08
年末 調整 収入 いつから いつまで,210,24.0,Informational,N/A,年末調整 2026-07-08
年末 調整 収入 交通 費,210,26.0,Informational,N/A,年末調整 2026-07-08
年末 調整 収入 保障 保険,210,22.0,Informational,N/A,年末調整 2026-07-08
年末 調整 収入 見込み,210,19.0,Informational,N/A,年末調整 2026-07-08
年末 調整 収入 金額 切り捨て,210,29.0,Informational,N/A,年末調整 2026-07-08
年末 調整 団体 保険,210,18.0,Informational,N/A,年末調整 2026-07-08
年末 調整 国民 保険,210,28.0,Informational,N/A,年末調整 2026-07-08
年末 調整 地震 保険 控除,210,27.0,Informational,N/A,年末調整 2026-07-08
年末 調整 変更,210,28.0,Informational,N/A,年末調整 2026-07-08
年末 調整 大学生 扶養 控除,210,27.0,Informational,N/A,年末調整 2026-07-08
年末 調整 奉行,210,12.0,Informational,N/A,年末調整 2026-07-08
年末 調整 子供 の 保険,210,19.0,Informational,N/A,年末調整 2026-07-08
年末 調整 対象 者 アルバイト,210,14.0,Informational,N/A,年末調整 2026-07-08
年末 調整 差引 保険 料,210,23.0,Informational,N/A,年末調整 2026-07-08
年末 調整 差引 保険 料 と は,210,24.0,Informational,N/A,年末調整 2026-07-08
年末 調整 帰っ て くる お金,210,19.0,Informational,N/A,年末調整 2026-07-08
年末 調整 年間 所得 見積 額,210,26.0,Informational,N/A,年末調整 2026-07-08
年末 調整 役員 報酬,210,15.0,Informational,N/A,年末調整 2026-07-08
年末 調整 後 医療 費 控除,210,11.0,Informational,N/A,年末調整 2026-07-08
年末 調整 後期 高齢 者 医療 保険 料 書き方,210,29.0,Informational,N/A,年末調整 2026-07-08
年末 調整 忘れ た 確定 申告,210,15.0,Informational,N/A,年末調整 2026-07-08
年末 調整 払い戻し,210,28.0,Informational,N/A,年末調整 2026-07-08
年末 調整 扶養 内 パート 書き方,210,29.0,Informational,N/A,年末調整 2026-07-08
年末 調整 支給 日,210,26.0,Informational,N/A,年末調整 2026-07-08
年末 調整 書き 間違え た,210,18.0,Informational,N/A,年末調整 2026-07-08
年末 調整 書き損じ,210,20.0,Informational,N/A,年末調整 2026-07-08
年末 調整 書き方 バイト,210,24.0,Informational,N/A,年末調整 2026-07-08
年末 調整 書き方 保険 控除,210,24.0,Informational,N/A,年末調整 2026-07-08
年末 調整 書き方 配偶 者,210,22.0,Informational,N/A,年末調整 2026-07-08
年末 調整 期日,210,24.0,Informational,N/A,年末調整 2026-07-08
年末 調整 求人,210,16.0,Commercial,N/A,年末調整 2026-07-08
年末 調整 源泉 徴収 票 間に合わ ない,210,19.0,Informational,N/A,年末調整 2026-07-08
年末 調整 火災 保険 地震 保険,210,15.0,Informational,N/A,年末調整 2026-07-08
年末 調整 生命 保険 控除 の 書き方,210,18.0,Informational,N/A,年末調整 2026-07-08
年末 調整 生年 月 日 書き方,210,29.0,Informational,N/A,年末調整 2026-07-08
年末 調整 生計 を 一 に する 事実,210,19.0,Informational,N/A,年末調整 2026-07-08
年末 調整 甲乙 と は,210,22.0,Informational,N/A,年末調整 2026-07-08
年末 調整 甲乙 違い,210,24.0,Informational,N/A,年末調整 2026-07-08
年末 調整 異動 月 日 及び 事由,210,26.0,Informational,N/A,年末調整 2026-07-08
年末 調整 確定 拠出 年金 書き方,210,16.0,Informational,N/A,年末調整 2026-07-08
年末 調整 確定 申告 アルバイト,210,17.0,Informational,N/A,年末調整 2026-07-08
年末 調整 確定 申告 忘れ た,210,18.0,Informational,N/A,年末調整 2026-07-08
年末 調整 総 支給 額 交通 費,210,19.0,Informational,N/A,年末調整 2026-07-08
年末 調整 複数 バイト,210,23.0,Informational,N/A,年末調整 2026-07-08
年末 調整 超過 額 と は,210,18.0,Informational,N/A,年末調整 2026-07-08
年末 調整 過 納 額 還付 請求 書,210,26.0,Informational,N/A,年末調整 2026-07-08
年末 調整 還付 金 いつ もらえる,210,23.0,Informational,N/A,年末調整 2026-07-08
年末 調整 還付 金 どこ を 見る,210,24.0,Informational,N/A,年末調整 2026-07-08
年末 調整 還付 金 会社 横領,210,16.0,Informational,N/A,年末調整 2026-07-08
年末 調整 還付 金 増え た,210,21.0,Informational,N/A,年末調整 2026-07-08
年末 調整 鉛筆,210,14.0,Informational,N/A,年末調整 2026-07-08
年末 調整 間違い 訂正,210,23.0,Informational,N/A,年末調整 2026-07-08
年末 調整 障害 者 控除 添付 書類,210,28.0,Informational,N/A,年末調整 2026-07-08
年末 調整 養育 費,210,9.0,Informational,N/A,年末調整 2026-07-08
年末 調整 高額 医療 費,210,25.0,Informational,N/A,年末調整 2026-07-08
年末調整 いくら戻ってくる シュミレーション,210,24.0,Informational,N/A,年末調整 2026-07-08
年末調整 ボーナス わからない,210,17.0,Informational,N/A,年末調整 2026-07-08
年末調整 会社がやってくれる場合 いつまで,210,23.0,Informational,N/A,年末調整 2026-07-08
年末調整 住所違う どうなる,210,15.0,Informational,N/A,年末調整 2026-07-08
年末調整 保険 切り替え 書き方,210,23.0,Informational,N/A,年末調整 2026-07-08
年末調整 前職 20万円以下,210,29.0,Informational,N/A,年末調整 2026-07-08
年末調整 少なく申告してしまった,210,29.0,Informational,N/A,年末調整 2026-07-08
年末調整 給与所得 何月から何月まで,210,28.0,Informational,N/A,年末調整 2026-07-08
府民 共済 年末 調整 書き方,210,21.0,Informational,N/A,年末調整 2026-07-08
役員 報酬 年末 調整,210,22.0,Informational,N/A,年末調整 2026-07-08
投資 信託 年末 調整,210,27.0,Informational,N/A,年末調整 2026-07-08
明治 安田 生命 年末 調整 記入 例,210,14.0,Navigational,N/A,年末調整 2026-07-08
東京 海上 日動 地震 保険 年末 調整 書き方,210,15.0,Informational,N/A,年末調整 2026-07-08
東京 海上 日動 年末 調整,210,21.0,Navigational,N/A,年末調整 2026-07-08
生活 保護 年末 調整,210,19.0,Informational,N/A,年末調整 2026-07-08
県民 共済 年末 調整 記入 例,210,20.0,Informational,N/A,年末調整 2026-07-08
確定 拠出 年金 年末 調整 書き方,210,13.0,Informational,N/A,年末調整 2026-07-08
確定 申告 年末 調整 アルバイト,210,18.0,Informational,N/A,年末調整 2026-07-08
給与明細 捨ててしまった 年末調整,210,22.0,Informational,N/A,年末調整 2026-07-08
育児 休業 中 年末 調整,210,17.0,Informational,N/A,年末調整 2026-07-08
自分 で 年末 調整,210,25.0,Informational,N/A,年末調整 2026-07-08
親 に 仕送り 年末 調整,210,17.0,Informational,N/A,年末調整 2026-07-08
車 の 保険 年末 調整,210,17.0,Informational,N/A,年末調整 2026-07-08
障害 者 年金 年末 調整,210,5.0,Informational,N/A,年末調整 2026-07-08
養育 費 年末 調整,210,12.0,Informational,N/A,年末調整 2026-07-08
高額 医療 費 年末 調整,210,15.0,Informational,N/A,年末調整 2026-07-08
高額 医療 費 控除 年末 調整,210,24.0,Informational,N/A,年末調整 2026-07-08
株式 税金 計算,210,21.0,Informational,N/A,税金計算 2026-07-07
生前 贈与 税金 計算,210,23.0,Informational,N/A,税金計算 2026-07-07
確定 拠出 年金 税金 計算,210,14.0,Informational,N/A,税金計算 2026-07-07
10 月 退職 確定 申告,210,30.0,Informational,N/A,確定申告 2026-07-08
amazon 領収 書 確定 申告,210,18.0,Informational,N/A,確定申告 2026-07-08
e tax 確定 申告 住宅 ローン,210,26.0,"Informational, Transactional",N/A,確定申告 2026-07-08
fx sbi 確定 申告,210,29.0,"Informational, Transactional",N/A,確定申告 2026-07-08
fx 確定 申告 sbi,210,29.0,Informational,N/A,確定申告 2026-07-08
icl 確定 申告,210,11.0,Informational,N/A,確定申告 2026-07-08
nisa 口座 確定 申告,210,17.0,Informational,N/A,確定申告 2026-07-08
nisa 売却 確定 申告,210,24.0,Informational,N/A,確定申告 2026-07-08
nisa 配当 金 確定 申告,210,28.0,Informational,N/A,確定申告 2026-07-08
xmtrading 確定 申告,210,17.0,Informational,N/A,確定申告 2026-07-08
youtube 確定 申告 やり方,210,22.0,Informational,N/A,確定申告 2026-07-08
youtuber 確定 申告,210,12.0,Informational,N/A,確定申告 2026-07-08
いわき 市 確定 申告,210,27.0,Informational,N/A,確定申告 2026-07-08
ふるさと 納税 個人 事業 主 確定 申告,210,30.0,Informational,N/A,確定申告 2026-07-08
ふるさと 納税 確定 申告 いつ,210,28.0,Informational,N/A,確定申告 2026-07-08
ふるさと 納税 確定 申告 サラリーマン,210,29.0,Informational,N/A,確定申告 2026-07-08
ふるさと 納税 確定 申告 個人 事業 主,210,26.0,Informational,N/A,確定申告 2026-07-08
ふるさと納税 確定申告 いつまで 2021,210,18.0,Informational,N/A,確定申告 2026-07-08
アルバイト 確定 申告 必要,210,18.0,Informational,N/A,確定申告 2026-07-08
アルバイト 確定 申告 必要 書類,210,18.0,Informational,N/A,確定申告 2026-07-08
イラストレーター 確定 申告,210,14.0,Informational,N/A,確定申告 2026-07-08
インプラント 医療 費 控除 確定 申告,210,12.0,Informational,N/A,確定申告 2026-07-08
インボイス 確定申告 やり方,210,29.0,Informational,N/A,確定申告 2026-07-08
エクセル 確定 申告 テンプレート,210,18.0,Informational,N/A,確定申告 2026-07-08
クラウド ファン ディング 確定 申告,210,14.0,Informational,N/A,確定申告 2026-07-08
サラリーマン ふるさと 納税 確定 申告,210,22.0,Informational,N/A,確定申告 2026-07-08
ハンドメイド 確定 申告 バレ ない,210,8.0,Informational,N/A,確定申告 2026-07-08
パート 主婦 の 確定 申告,210,28.0,Informational,N/A,確定申告 2026-07-08
フリーター 確定 申告 やり方,210,20.0,Informational,N/A,確定申告 2026-07-08
ベルサール 渋谷 確定 申告,210,25.0,"Informational, Transactional",N/A,確定申告 2026-07-08
マイ ナンバー なし 確定 申告,210,24.0,Informational,N/A,確定申告 2026-07-08
メルカリ ハンドメイド 確定 申告,210,21.0,Informational,N/A,確定申告 2026-07-08
メルカリ 副業 確定 申告,210,19.0,Informational,N/A,確定申告 2026-07-08
メルカリ 売上 金 確定 申告,210,18.0,Informational,N/A,確定申告 2026-07-08
メルカリ 確定 申告 月 20 万,210,18.0,Informational,N/A,確定申告 2026-07-08
リフォーム 補助 金 確定 申告,210,10.0,Informational,N/A,確定申告 2026-07-08
一時 所得 確定 申告 いくら から,210,29.0,Informational,N/A,確定申告 2026-07-08
一時 所得 確定 申告 不要,210,24.0,Informational,N/A,確定申告 2026-07-08
一般 口座 確定 申告 記入 例,210,29.0,Informational,N/A,確定申告 2026-07-08
不動産 所得 確定 申告 書き方,210,27.0,Informational,N/A,確定申告 2026-07-08
不動産売却 確定申告 e-tax スマホ,210,30.0,Informational,N/A,確定申告 2026-07-08
中古 住宅 購入 確定 申告,210,9.0,Informational,N/A,確定申告 2026-07-08
中野 区 確定 申告 会場,210,27.0,Informational,N/A,確定申告 2026-07-08
丸 投げ 確定 申告,210,14.0,Informational,N/A,確定申告 2026-07-08
主婦 パート 確定 申告,210,30.0,Informational,N/A,確定申告 2026-07-08
介護 医療 保険 料 控除 確定 申告,210,18.0,Informational,N/A,確定申告 2026-07-08
仕送り 確定 申告,210,13.0,Informational,N/A,確定申告 2026-07-08
仮想 通貨 確定 申告 バレ ない,210,12.0,Informational,N/A,確定申告 2026-07-08
会社 を 退職 確定 申告,210,30.0,Informational,N/A,確定申告 2026-07-08
会社 員 確定 申告 医療 費 控除,210,29.0,Informational,N/A,確定申告 2026-07-08
住宅 ローン 控除 確定 申告 忘れ た,210,9.0,Informational,N/A,確定申告 2026-07-08
住宅 ローン 控除 確定 申告 提出 書類,210,22.0,Informational,N/A,確定申告 2026-07-08
住宅 ローン 控除 確定 申告 書類,210,30.0,Informational,N/A,確定申告 2026-07-08
住宅 控除 確定 申告 必要 書類,210,26.0,Informational,N/A,確定申告 2026-07-08
住宅 確定 申告 必要 書類,210,25.0,Informational,N/A,確定申告 2026-07-08
住宅 補助 金 確定 申告,210,14.0,Informational,N/A,確定申告 2026-07-08
住宅 購入 確定 申告 いつ,210,30.0,Informational,N/A,確定申告 2026-07-08
住民 税 の 確定 申告,210,28.0,Informational,N/A,確定申告 2026-07-08
住民 税 医療 費 控除 確定 申告,210,20.0,Informational,N/A,確定申告 2026-07-08
住民 税 申告 確定 申告 違い,210,22.0,Informational,N/A,確定申告 2026-07-08
保険 外交 員 確定 申告 いくら 戻る,210,15.0,Informational,N/A,確定申告 2026-07-08
保険 金 受取 確定 申告,210,20.0,Informational,N/A,確定申告 2026-07-08
個人 事業 主 ふるさと 納税 確定 申告,210,30.0,Informational,N/A,確定申告 2026-07-08
個人 事業 主 廃業 確定 申告,210,14.0,Informational,N/A,確定申告 2026-07-08
個人 事業 主 確定 申告 ふるさと 納税,210,30.0,Informational,N/A,確定申告 2026-07-08
個人 向け 国債 確定 申告 不要,210,24.0,Informational,N/A,確定申告 2026-07-08
個人 年金 源泉 徴収 確定 申告 不要,210,24.0,Informational,N/A,確定申告 2026-07-08
個人 年金 確定 申告 忘れ た,210,17.0,Informational,N/A,確定申告 2026-07-08
個人 確定 申告 税理士 費用,210,18.0,Informational,N/A,確定申告 2026-07-08
借金 確定 申告,210,15.0,Informational,N/A,確定申告 2026-07-08
共済 金 確定 申告,210,22.0,Informational,N/A,確定申告 2026-07-08
前橋 市 確定 申告,210,27.0,"Informational, Transactional",N/A,確定申告 2026-07-08
前橋 市 確定 申告 会場,210,29.0,Informational,N/A,確定申告 2026-07-08
副業 赤字 確定 申告,210,13.0,Informational,N/A,確定申告 2026-07-08
医療 費 控除 確定 申告 住民 税,210,21.0,Informational,N/A,確定申告 2026-07-08
医療 費 控除 確定 申告 源泉 徴収 票,210,22.0,Informational,N/A,確定申告 2026-07-08
医療 費 控除 確定 申告 生命 保険,210,23.0,Informational,N/A,確定申告 2026-07-08
医療 費 確定 申告 エクセル,210,29.0,"Informational, Transactional",N/A,確定申告 2026-07-08
半田 税務署 確定 申告,210,25.0,"Informational, Transactional",N/A,確定申告 2026-07-08
司法 書士 確定 申告,210,10.0,Informational,N/A,確定申告 2026-07-08
合同 会社 確定 申告,210,11.0,Informational,N/A,確定申告 2026-07-08
吹田 市 確定 申告,210,26.0,"Informational, Transactional",N/A,確定申告 2026-07-08
商工 会議 所 確定 申告,210,8.0,Informational,N/A,確定申告 2026-07-08
国債 利息 確定 申告,210,22.0,Informational,N/A,確定申告 2026-07-08
国民 保険 確定 申告,210,16.0,Informational,N/A,確定申告 2026-07-08
国民 健康 保険 料 確定 申告 証明 書,210,24.0,Informational,N/A,確定申告 2026-07-08
国民 健康 保険 確定 申告 e tax,210,29.0,Informational,N/A,確定申告 2026-07-08
土地 の 売却 確定 申告,210,30.0,Informational,N/A,確定申告 2026-07-08
土地 を 売っ た 時 の 税金 確定 申告,210,29.0,Informational,N/A,確定申告 2026-07-08
在職 老齢 年金 確定 申告,210,24.0,Informational,N/A,確定申告 2026-07-08
売却 益 確定 申告,210,28.0,Informational,N/A,確定申告 2026-07-08
外注 費 確定 申告,210,14.0,Informational,N/A,確定申告 2026-07-08
大阪 市 確定 申告 スカイ ビル,210,24.0,Informational,N/A,確定申告 2026-07-08
太陽 光 確定 申告,210,23.0,Informational,N/A,確定申告 2026-07-08
夫婦 確定 申告,210,13.0,Informational,N/A,確定申告 2026-07-08
失業 保険 確定 申告 書き方,210,12.0,Informational,N/A,確定申告 2026-07-08
契約 社員 確定 申告,210,14.0,Informational,N/A,確定申告 2026-07-08
定年 後 の 確定 申告,210,26.0,Informational,N/A,確定申告 2026-07-08
定年 後 確定 申告,210,21.0,Informational,N/A,確定申告 2026-07-08
宝塚 確定 申告,210,19.0,Informational,N/A,確定申告 2026-07-08
家 の 売却 確定 申告 必要 書類,210,19.0,Informational,N/A,確定申告 2026-07-08
家 売却 確定 申告 必要 書類,210,21.0,Informational,N/A,確定申告 2026-07-08
小山 市 確定 申告,210,22.0,Informational,N/A,確定申告 2026-07-08
岡山 確定 申告,210,28.0,Informational,N/A,確定申告 2026-07-08
川口 市 確定 申告 スキップ シティ,210,24.0,Informational,N/A,確定申告 2026-07-08
市 県民 税 申告 と 確定 申告 の 違い,210,21.0,Informational,N/A,確定申告 2026-07-08
市川 市 確定 申告 コルトン プラザ,210,21.0,Informational,N/A,確定申告 2026-07-08
市川 市 確定 申告 無料 相談,210,24.0,Informational,N/A,確定申告 2026-07-08
平塚 市 確定 申告,210,26.0,"Informational, Transactional",N/A,確定申告 2026-07-08
年金 だけ の 確定 申告,210,29.0,Informational,N/A,確定申告 2026-07-08
年金 所得 と 給与 所得 確定 申告,210,25.0,Informational,N/A,確定申告 2026-07-08
年金 確定 申告 ハガキ,210,28.0,Informational,N/A,確定申告 2026-07-08
年金 確定 申告 必要,210,29.0,Informational,N/A,確定申告 2026-07-08
広島 市 確定 申告 会場,210,30.0,"Informational, Transactional",N/A,確定申告 2026-07-08
引っ越し 費用 確定 申告,210,15.0,Informational,N/A,確定申告 2026-07-08
弥生 会計 確定 申告 やり方,210,25.0,Informational,N/A,確定申告 2026-07-08
弥生 確定 申告 やり方,210,26.0,Informational,N/A,確定申告 2026-07-08
成田 イオン 確定 申告,210,18.0,Informational,N/A,確定申告 2026-07-08
所得 証明 書 確定 申告,210,28.0,Informational,N/A,確定申告 2026-07-08
手渡し バイト 確定 申告,210,18.0,Informational,N/A,確定申告 2026-07-08
扶養 内 パート 確定 申告,210,27.0,Informational,N/A,確定申告 2026-07-08
扶養 親族 等 申告 書 提出 忘れ 確定 申告,210,21.0,Informational,N/A,確定申告 2026-07-08
投資 信託 税金 確定 申告,210,17.0,Informational,N/A,確定申告 2026-07-08
投資 確定 申告 いくら から,210,19.0,Informational,N/A,確定申告 2026-07-08
持株 確定 申告,210,29.0,Informational,N/A,確定申告 2026-07-08
持続化給付金 確定申告 白色申告,210,8.0,Informational,N/A,確定申告 2026-07-08
接待 交際 費 確定 申告,210,28.0,Informational,N/A,確定申告 2026-07-08
書籍 確定 申告,210,22.0,Informational,N/A,確定申告 2026-07-08
朝霞 税務署 確定 申告,210,25.0,"Informational, Transactional",N/A,確定申告 2026-07-08
株 マイナス 確定 申告,210,27.0,Informational,N/A,確定申告 2026-07-08
株 一般 口座 確定 申告 20 万 以下,210,27.0,Informational,N/A,確定申告 2026-07-08
株 譲渡 益 確定 申告 20 万 円,210,27.0,Informational,N/A,確定申告 2026-07-08
株式 譲渡 益 確定 申告 20 万 円,210,24.0,Informational,N/A,確定申告 2026-07-08
楽天 fx 確定 申告,210,29.0,Informational,N/A,確定申告 2026-07-08
横浜 市 確定 申告 場所,210,27.0,Transactional,N/A,確定申告 2026-07-08
横浜 市 確定 申告 相談,210,25.0,Informational,N/A,確定申告 2026-07-08
歯 の 矯正 確定 申告,210,10.0,Informational,N/A,確定申告 2026-07-08
歯 列 矯正 確定 申告 やり方,210,12.0,Informational,N/A,確定申告 2026-07-08
歯 矯正 確定 申告,210,7.0,Informational,N/A,確定申告 2026-07-08
歯医者 確定 申告,210,13.0,Informational,N/A,確定申告 2026-07-08
死亡 保険 確定 申告,210,20.0,Informational,N/A,確定申告 2026-07-08
海外 fx 確定 申告 やり方,210,20.0,Informational,N/A,確定申告 2026-07-08
消防 団 報酬 確定 申告,210,23.0,Informational,N/A,確定申告 2026-07-08
消防 団 退職 金 確定 申告,210,16.0,Informational,N/A,確定申告 2026-07-08
源泉 徴収 ない 確定 申告,210,28.0,Informational,N/A,確定申告 2026-07-08
源泉 徴収 なし 確定 申告,210,28.0,Informational,N/A,確定申告 2026-07-08
準 確定 申告 年金 源泉 徴収 票 間に合わ ない,210,10.0,Informational,N/A,確定申告 2026-07-08
準 確定 申告 知ら なかっ た,210,11.0,Informational,N/A,確定申告 2026-07-08
準 確定 申告 納付 書,210,22.0,Informational,N/A,確定申告 2026-07-08
特定 口座 源泉 徴収 あり 確定 申告 還付,210,25.0,Informational,N/A,確定申告 2026-07-08
特定 口座 確定 申告 デメリット,210,19.0,Informational,N/A,確定申告 2026-07-08
王子 税務署 確定 申告,210,27.0,"Informational, Transactional",N/A,確定申告 2026-07-08
現金 手渡し 確定 申告,210,15.0,Informational,N/A,確定申告 2026-07-08
生前 贈与 確定 申告 必要 書類,210,12.0,Informational,N/A,確定申告 2026-07-08
生命 保険 満期 返戻 金 確定 申告,210,24.0,Informational,N/A,確定申告 2026-07-08
生命 保険 解約 金 確定 申告,210,22.0,Informational,N/A,確定申告 2026-07-08
白色 確定 申告 必要 書類,210,24.0,Informational,N/A,確定申告 2026-07-08
盛岡 確定 申告,210,25.0,Informational,N/A,確定申告 2026-07-08
相続 した お金 確定 申告,210,14.0,Informational,N/A,確定申告 2026-07-08
相続 時 精算 課税 制度 確定 申告,210,29.0,Informational,N/A,確定申告 2026-07-08
相続 確定 申告 必要,210,17.0,Informational,N/A,確定申告 2026-07-08
相続 確定 申告 必要 か,210,4.0,Informational,N/A,確定申告 2026-07-08
相続 税 確定 申告 不要,210,11.0,Informational,N/A,確定申告 2026-07-08
相続 金 確定 申告,210,15.0,Informational,N/A,確定申告 2026-07-08
確定 年金 確定 申告,210,29.0,Informational,N/A,確定申告 2026-07-08
確定 申告 0 円 申告,210,18.0,Informational,N/A,確定申告 2026-07-08
確定 申告 12 月 に 働い た 分,210,16.0,Informational,N/A,確定申告 2026-07-08
確定 申告 12 月 退職,210,23.0,Informational,N/A,確定申告 2026-07-08
確定 申告 amazon 領収 書,210,23.0,Informational,N/A,確定申告 2026-07-08
確定 申告 ideco 書き方,210,25.0,Informational,N/A,確定申告 2026-07-08
確定 申告 いつ 払う,210,28.0,Informational,N/A,確定申告 2026-07-08
確定 申告 いらない 人,210,26.0,Informational,N/A,確定申告 2026-07-08
確定 申告 し なかっ た 場合,210,30.0,Informational,N/A,確定申告 2026-07-08
確定 申告 し なく て いい,210,28.0,Informational,N/A,確定申告 2026-07-08
確定 申告 し なく て も いい 人,210,25.0,Informational,N/A,確定申告 2026-07-08
確定 申告 しない と どうなる アルバイト,210,16.0,Informational,N/A,確定申告 2026-07-08
確定 申告 と は パート,210,28.0,Informational,N/A,確定申告 2026-07-08
確定 申告 と 住民 税 申告 の 違い,210,22.0,Informational,N/A,確定申告 2026-07-08
確定 申告 を し なかっ た 場合,210,27.0,Informational,N/A,確定申告 2026-07-08
確定 申告 エクセル テンプレート,210,18.0,Informational,N/A,確定申告 2026-07-08
確定 申告 ガソリン 代 科目,210,18.0,Informational,N/A,確定申告 2026-07-08
確定 申告 シュミレーター,210,26.0,Informational,N/A,確定申告 2026-07-08
確定 申告 テンプレート エクセル,210,15.0,Informational,N/A,確定申告 2026-07-08
確定 申告 ニート,210,30.0,Informational,N/A,確定申告 2026-07-08
確定 申告 ハガキ 来 ない,210,24.0,Informational,N/A,確定申告 2026-07-08
確定 申告 パート 103 万 以下,210,30.0,Informational,N/A,確定申告 2026-07-08
確定 申告 パート 主婦,210,25.0,Informational,N/A,確定申告 2026-07-08
確定 申告 マイ ナンバーカード コピー,210,23.0,Informational,N/A,確定申告 2026-07-08
確定 申告 マンション 購入,210,22.0,Informational,N/A,確定申告 2026-07-08
確定 申告 レシート 保管 方法,210,12.0,Informational,N/A,確定申告 2026-07-08
確定 申告 ローン 控除 必要 書類,210,24.0,Informational,N/A,確定申告 2026-07-08
確定 申告 ワンス トップ 無効,210,14.0,Informational,N/A,確定申告 2026-07-08
確定 申告 丸 投げ,210,9.0,Informational,N/A,確定申告 2026-07-08
確定 申告 主婦 パート,210,28.0,Informational,N/A,確定申告 2026-07-08
確定 申告 二 か 所 給与,210,30.0,Informational,N/A,確定申告 2026-07-08
確定 申告 亡くなっ た 人,210,14.0,Informational,N/A,確定申告 2026-07-08
確定 申告 交通 費 領収 書 なし,210,12.0,Informational,N/A,確定申告 2026-07-08
確定 申告 住宅 必要 書類,210,27.0,Informational,N/A,確定申告 2026-07-08
確定 申告 住所 が 違う,210,23.0,Informational,N/A,確定申告 2026-07-08
確定 申告 住民 税 医療 費 控除,210,20.0,Informational,N/A,確定申告 2026-07-08
確定 申告 住民 税 申告,210,24.0,Informational,N/A,確定申告 2026-07-08
確定 申告 住民 税 申告 違い,210,22.0,Informational,N/A,確定申告 2026-07-08
確定 申告 保存 データ,210,25.0,Informational,N/A,確定申告 2026-07-08
確定 申告 保存 期間 個人,210,18.0,Informational,N/A,確定申告 2026-07-08
確定 申告 再 発行,210,18.0,Informational,N/A,確定申告 2026-07-08
確定 申告 出さ ない と どうなる,210,26.0,Informational,N/A,確定申告 2026-07-08
確定 申告 出産,210,16.0,Informational,N/A,確定申告 2026-07-08
確定 申告 切手 代,210,24.0,Informational,N/A,確定申告 2026-07-08
確定 申告 区役所 で できる,210,30.0,Informational,N/A,確定申告 2026-07-08
確定 申告 医療 保険,210,27.0,Informational,N/A,確定申告 2026-07-08
確定 申告 医療 費 控除 の 金額,210,25.0,Informational,N/A,確定申告 2026-07-08
確定 申告 医療 費 控除 インプラント,210,8.0,Informational,N/A,確定申告 2026-07-08
確定 申告 医療 費 控除 保険 給付 金,210,13.0,Informational,N/A,確定申告 2026-07-08
確定 申告 医療 費 控除 明細 書 書き方,210,29.0,Informational,N/A,確定申告 2026-07-08
確定 申告 医療 費 控除 源泉 徴収 票,210,22.0,Informational,N/A,確定申告 2026-07-08
確定 申告 医療 費 控除 生命 保険,210,21.0,Informational,N/A,確定申告 2026-07-08
確定 申告 医療 費 控除 領収 書 ない,210,15.0,Informational,N/A,確定申告 2026-07-08
確定 申告 単発 バイト,210,13.0,Informational,N/A,確定申告 2026-07-08
確定 申告 去年 の データ,210,28.0,Informational,N/A,確定申告 2026-07-08
確定 申告 取り下げ,210,11.0,Informational,N/A,確定申告 2026-07-08
確定 申告 受付 印,210,10.0,Informational,N/A,確定申告 2026-07-08
確定 申告 司法 書士,210,8.0,Informational,N/A,確定申告 2026-07-08
確定 申告 吹田 市,210,23.0,"Informational, Transactional",N/A,確定申告 2026-07-08
確定 申告 土地 売却 必要 書類,210,22.0,Informational,N/A,確定申告 2026-07-08
確定 申告 地代 家賃 書き方,210,24.0,Informational,N/A,確定申告 2026-07-08
確定 申告 報酬 税理士,210,11.0,Informational,N/A,確定申告 2026-07-08
確定 申告 売上,210,18.0,Informational,N/A,確定申告 2026-07-08
確定 申告 外注 費,210,14.0,Informational,N/A,確定申告 2026-07-08
確定 申告 太陽 光,210,23.0,Informational,N/A,確定申告 2026-07-08
確定 申告 夫婦,210,17.0,Informational,N/A,確定申告 2026-07-08
確定 申告 失業 保険 ばれる,210,10.0,Informational,N/A,確定申告 2026-07-08
確定 申告 失業 手当,210,12.0,Informational,N/A,確定申告 2026-07-08
確定 申告 失業 給付,210,12.0,Informational,N/A,確定申告 2026-07-08
確定 申告 妻 の 保険 料,210,24.0,Informational,N/A,確定申告 2026-07-08
確定 申告 家事 消費 と は,210,20.0,Informational,N/A,確定申告 2026-07-08
確定 申告 家族,210,25.0,Informational,N/A,確定申告 2026-07-08
確定 申告 富士 市,210,28.0,Informational,N/A,確定申告 2026-07-08
確定 申告 富山 市 会場,210,17.0,Informational,N/A,確定申告 2026-07-08
確定 申告 寝たきり 代理,210,27.0,Informational,N/A,確定申告 2026-07-08
確定 申告 小山 市,210,22.0,"Informational, Transactional",N/A,確定申告 2026-07-08
確定 申告 岡山,210,25.0,Informational,N/A,確定申告 2026-07-08
確定 申告 岡崎 市,210,27.0,"Informational, Transactional",N/A,確定申告 2026-07-08
確定 申告 帳簿 つけ て ない,210,11.0,Informational,N/A,確定申告 2026-07-08
確定 申告 帳簿 手書き,210,22.0,Informational,N/A,確定申告 2026-07-08
確定 申告 広島 市 会場,210,30.0,Informational,N/A,確定申告 2026-07-08
確定 申告 引っ越し 費用,210,15.0,Informational,N/A,確定申告 2026-07-08
確定 申告 必要 な 人 パート,210,24.0,Informational,N/A,確定申告 2026-07-08
確定 申告 必要 書類 白色,210,24.0,Informational,N/A,確定申告 2026-07-08
確定 申告 忘れ,210,28.0,Informational,N/A,確定申告 2026-07-08
確定 申告 接待 交際 費,210,25.0,Informational,N/A,確定申告 2026-07-08
確定 申告 控え 画像,210,22.0,Informational,N/A,確定申告 2026-07-08
確定 申告 提出 代理,210,27.0,Informational,N/A,確定申告 2026-07-08
確定 申告 提出 先 引っ越し,210,28.0,Informational,N/A,確定申告 2026-07-08
確定 申告 新築 初 年度,210,30.0,Informational,N/A,確定申告 2026-07-08
確定 申告 新築 必要 書類,210,24.0,Informational,N/A,確定申告 2026-07-08
確定 申告 新築 購入,210,30.0,Informational,N/A,確定申告 2026-07-08
確定 申告 朝霞 税務署,210,20.0,"Informational, Transactional",N/A,確定申告 2026-07-08
確定 申告 期限 後,210,21.0,Informational,N/A,確定申告 2026-07-08
確定 申告 未 成年,210,14.0,Informational,N/A,確定申告 2026-07-08
確定 申告 歯医者,210,17.0,Informational,N/A,確定申告 2026-07-08
確定 申告 死亡 保険 金,210,21.0,Informational,N/A,確定申告 2026-07-08
確定 申告 浜松,210,24.0,Informational,N/A,確定申告 2026-07-08
確定 申告 無職 の 場合,210,28.0,Informational,N/A,確定申告 2026-07-08
確定 申告 生命 保険 料,210,30.0,Informational,N/A,確定申告 2026-07-08
確定 申告 生年 月 日,210,26.0,Informational,N/A,確定申告 2026-07-08
確定 申告 白色 必要 書類,210,30.0,Informational,N/A,確定申告 2026-07-08
確定 申告 相続 時 精算 課税,210,29.0,Informational,N/A,確定申告 2026-07-08
確定 申告 相談 横浜 市,210,19.0,Informational,N/A,確定申告 2026-07-08
確定 申告 確定 拠出 年金,210,28.0,Informational,N/A,確定申告 2026-07-08
確定 申告 福利 厚生 費 と は,210,12.0,Informational,N/A,確定申告 2026-07-08
確定 申告 福岡 タワー,210,24.0,Informational,N/A,確定申告 2026-07-08
確定 申告 税理士 報酬,210,15.0,Informational,N/A,確定申告 2026-07-08
確定 申告 税理士 無料 相談,210,22.0,Informational,N/A,確定申告 2026-07-08
確定 申告 経費 どこまで,210,25.0,Informational,N/A,確定申告 2026-07-08
確定 申告 給料 明細,210,24.0,Informational,N/A,確定申告 2026-07-08
確定 申告 船橋 市,210,26.0,Informational,N/A,確定申告 2026-07-08
確定 申告 色 違い,210,30.0,Informational,N/A,確定申告 2026-07-08
確定 申告 行政 書士,210,7.0,Informational,N/A,確定申告 2026-07-08
確定 申告 補聴器 医療 費 控除,210,19.0,Informational,N/A,確定申告 2026-07-08
確定 申告 西鉄 ホール,210,26.0,Informational,N/A,確定申告 2026-07-08
確定 申告 資格,210,19.0,Informational,N/A,確定申告 2026-07-08
確定 申告 車,210,18.0,Informational,N/A,確定申告 2026-07-08
確定 申告 車 購入,210,29.0,Informational,N/A,確定申告 2026-07-08
確定 申告 車両 費 と は,210,22.0,Informational,N/A,確定申告 2026-07-08
確定 申告 退職 金 源泉 徴収 票,210,23.0,Informational,N/A,確定申告 2026-07-08
確定 申告 遅れ た,210,21.0,Informational,N/A,確定申告 2026-07-08
確定 申告 遡り 何 年,210,25.0,Informational,N/A,確定申告 2026-07-08
確定 申告 遺族 年金,210,19.0,Informational,N/A,確定申告 2026-07-08
確定 申告 遺産 相続,210,15.0,Informational,N/A,確定申告 2026-07-08
確定 申告 還付 いつまで,210,30.0,Informational,N/A,確定申告 2026-07-08
確定 申告 郵送 切手 代,210,19.0,Informational,N/A,確定申告 2026-07-08
確定 申告 郵送 書き方,210,25.0,Informational,N/A,確定申告 2026-07-08
確定 申告 配当,210,30.0,Informational,N/A,確定申告 2026-07-08
確定 申告 間違い,210,19.0,"Informational, Transactional",N/A,確定申告 2026-07-08
確定 申告 障害 者 控除 対象 者 認定 書,210,23.0,Informational,N/A,確定申告 2026-07-08
確定 申告 雇用 保険,210,24.0,Informational,N/A,確定申告 2026-07-08
確定 申告 領収 書 保存 期間,210,21.0,Informational,N/A,確定申告 2026-07-08
確定 申告 領収 書 保管 方法,210,18.0,Informational,N/A,確定申告 2026-07-08
確定 申告 高崎 市,210,26.0,"Informational, Transactional",N/A,確定申告 2026-07-08
確定 申告 高松 市,210,25.0,Commercial,N/A,確定申告 2026-07-08
確定申告 予定納税額 源泉徴収票 どこ,210,28.0,Informational,N/A,確定申告 2026-07-08
確定申告 医療費控除 いつまで 2021,210,25.0,Informational,N/A,確定申告 2026-07-08
神戸 確定 申告,210,29.0,Commercial,N/A,確定申告 2026-07-08
神栖 市 確定 申告,210,24.0,Informational,N/A,確定申告 2026-07-08
福岡 タワー 確定 申告,210,24.0,Informational,N/A,確定申告 2026-07-08
福岡 市 確定 申告 必要 な もの,210,28.0,Informational,N/A,確定申告 2026-07-08
税務署 確定 申告 バイト,210,23.0,Informational,N/A,確定申告 2026-07-08
税理士 報酬 確定 申告,210,11.0,Informational,N/A,確定申告 2026-07-08
税理士 無料 相談 確定 申告,210,28.0,Informational,N/A,確定申告 2026-07-08
税理士 確定 申告 報酬,210,17.0,Informational,N/A,確定申告 2026-07-08
立ち退き 料 確定 申告,210,8.0,Informational,N/A,確定申告 2026-07-08
給料 と 年金 確定 申告,210,26.0,Informational,N/A,確定申告 2026-07-08
給料 明細 で 確定 申告,210,17.0,Informational,N/A,確定申告 2026-07-08
給料 明細 確定 申告,210,24.0,Informational,N/A,確定申告 2026-07-08
育休 中 確定 申告 やり方,210,17.0,Informational,N/A,確定申告 2026-07-08
自 営業 確定 申告 いくら から,210,26.0,Informational,N/A,確定申告 2026-07-08
行政 書士 確定 申告,210,8.0,Informational,N/A,確定申告 2026-07-08
補聴器 医療 費 控除 確定 申告,210,19.0,Informational,N/A,確定申告 2026-07-08
親 の 確定 申告 代理,210,18.0,Informational,N/A,確定申告 2026-07-08
謝礼 確定 申告,210,17.0,Informational,N/A,確定申告 2026-07-08
譲渡 益 確定 申告,210,24.0,Informational,N/A,確定申告 2026-07-08
財形 年金 確定 申告,210,15.0,Informational,N/A,確定申告 2026-07-08
貴金属 売却 確定 申告,210,20.0,Informational,N/A,確定申告 2026-07-08
買取 確定 申告,210,16.0,Informational,N/A,確定申告 2026-07-08
車 確定 申告,210,18.0,Informational,N/A,確定申告 2026-07-08
車 購入 確定 申告,210,27.0,Informational,N/A,確定申告 2026-07-08
退職 後 の 確定 申告 必要 書類,210,28.0,Informational,N/A,確定申告 2026-07-08
退職 所得 確定 申告 必要 な 場合,210,24.0,Informational,N/A,確定申告 2026-07-08
退職 金 確定 申告 源泉 徴収 票,210,30.0,Informational,N/A,確定申告 2026-07-08
郡山 市 確定 申告,210,25.0,Informational,N/A,確定申告 2026-07-08
郡山 市 確定 申告 会場,210,22.0,Informational,N/A,確定申告 2026-07-08
配偶 者 年金 確定 申告,210,26.0,"Informational, Transactional",N/A,確定申告 2026-07-08
長期 優良 住宅 確定 申告 必要 書類,210,27.0,Informational,N/A,確定申告 2026-07-08
障害 者 控除 対象 者 認定 書 確定 申告,210,27.0,Informational,N/A,確定申告 2026-07-08
障害 者 控除 確定 申告 必要 書類,210,16.0,Informational,N/A,確定申告 2026-07-08
青梅 税務署 確定 申告,210,17.0,"Informational, Transactional",N/A,確定申告 2026-07-08
高崎 市 確定 申告,210,21.0,"Informational, Transactional",N/A,確定申告 2026-07-08
高松 市 確定 申告,210,25.0,"Informational, Transactional",N/A,確定申告 2026-07-08
高槻 市 確定 申告,210,24.0,"Informational, Transactional",N/A,確定申告 2026-07-08
高額 介護 サービス 費 確定 申告,210,14.0,Informational,N/A,確定申告 2026-07-08
高額 療養 費 制度 確定 申告,210,23.0,Informational,N/A,確定申告 2026-07-08
高齢 者 医療 費 控除 確定 申告,210,27.0,Informational,N/A,確定申告 2026-07-08
高齢 者 確定 申告 医療 費 控除,210,19.0,Informational,N/A,確定申告 2026-07-08
25 万 社会 保険 料,210,14.0,Informational,N/A,社会保険料 2026-07-08
30 万 社会 保険 料,210,16.0,Informational,N/A,社会保険料 2026-07-08
60 歳 以上 の 社会 保険 料,210,12.0,Informational,N/A,社会保険料 2026-07-08
フリーター 社会 保険 料,210,17.0,Informational,N/A,社会保険料 2026-07-08
年収 1000 万 社会 保険 料,210,26.0,Informational,N/A,社会保険料 2026-07-08
年収 150 万 社会 保険 料,210,28.0,Informational,N/A,社会保険料 2026-07-08
年収 400 万 社会 保険 料,210,26.0,Informational,N/A,社会保険料 2026-07-08
時短 勤務 社会 保険 料,210,12.0,Informational,N/A,社会保険料 2026-07-08
月額 報酬 社会 保険 料,210,28.0,Informational,N/A,社会保険料 2026-07-08
残業 社会 保険 料,210,23.0,Informational,N/A,社会保険料 2026-07-08
源泉 徴収 社会 保険 料 等 の 金額,210,24.0,Informational,N/A,社会保険料 2026-07-08
源泉 徴収 票 社会 保険 料,210,14.0,Informational,N/A,社会保険料 2026-07-08
社会 保険 料 4 月,210,14.0,Informational,N/A,社会保険料 2026-07-08
社会 保険 料 から 国民 健康 保険,210,25.0,Informational,N/A,社会保険料 2026-07-08
社会 保険 料 が かからない 手当,210,14.0,Informational,N/A,社会保険料 2026-07-08
社会 保険 料 と 国民 保険 料 の 違い,210,24.0,Informational,N/A,社会保険料 2026-07-08
社会 保険 料 に 含ま れる もの,210,30.0,Informational,N/A,社会保険料 2026-07-08
社会 保険 料 二 重 払い,210,9.0,Informational,N/A,社会保険料 2026-07-08
社会 保険 料 交通 費 含む,210,13.0,Informational,N/A,社会保険料 2026-07-08
社会 保険 料 介護 保険 料,210,23.0,Informational,N/A,社会保険料 2026-07-08
社会 保険 料 何 歳 まで,210,18.0,Informational,N/A,社会保険料 2026-07-08
社会 保険 料 内容,210,29.0,Informational,N/A,社会保険料 2026-07-08
社会 保険 料 労使 折半,210,30.0,Informational,N/A,社会保険料 2026-07-08
社会 保険 料 収入,210,28.0,Informational,N/A,社会保険料 2026-07-08
社会 保険 料 広島,210,17.0,Informational,N/A,社会保険料 2026-07-08
社会 保険 料 引き上げ,210,18.0,Informational,N/A,社会保険料 2026-07-08
社会 保険 料 引き落とし,210,22.0,Informational,N/A,社会保険料 2026-07-08
社会 保険 料 当月 徴収,210,11.0,Informational,N/A,社会保険料 2026-07-08
社会 保険 料 当月 徴収 翌月 徴収 見分け 方,210,11.0,Informational,N/A,社会保険料 2026-07-08
社会 保険 料 所得,210,28.0,Informational,N/A,社会保険料 2026-07-08
社会 保険 料 払え ない 場合,210,10.0,Informational,N/A,社会保険料 2026-07-08
社会 保険 料 改定 時期,210,15.0,Informational,N/A,社会保険料 2026-07-08
社会 保険 料 月額 変更,210,19.0,Informational,N/A,社会保険料 2026-07-08
社会 保険 料 決定 月,210,24.0,Informational,N/A,社会保険料 2026-07-08
社会 保険 料 沖縄,210,20.0,Informational,N/A,社会保険料 2026-07-08
社会 保険 料 熊本,210,16.0,Informational,N/A,社会保険料 2026-07-08
社会 保険 料 目安,210,26.0,Informational,N/A,社会保険料 2026-07-08
社会 保険 料 神奈川,210,11.0,Informational,N/A,社会保険料 2026-07-08
社会 保険 料 科目,210,25.0,Informational,N/A,社会保険料 2026-07-08
社会 保険 料 税金 違い,210,15.0,Informational,N/A,社会保険料 2026-07-08
社会 保険 料 端数,210,13.0,Informational,N/A,社会保険料 2026-07-08
社会 保険 料 端数 処理,210,13.0,Informational,N/A,社会保険料 2026-07-08
社会 保険 料 等 の 控除 額 と は,210,28.0,Informational,N/A,社会保険料 2026-07-08
社会 保険 料 等 の 金額 計算,210,25.0,Informational,N/A,社会保険料 2026-07-08
社会 保険 料 等級 決め方,210,17.0,Informational,N/A,社会保険料 2026-07-08
社会 保険 料 節税,210,15.0,Informational,N/A,社会保険料 2026-07-08
社会 保険 料 納入 証明 書 見本,210,13.0,Informational,N/A,社会保険料 2026-07-08
社会 保険 料 自動 計算,210,22.0,Informational,N/A,社会保険料 2026-07-08
社会 保険 料 計算 式,210,28.0,Informational,N/A,社会保険料 2026-07-08
社会 保険 料 過払い 返還,210,21.0,Informational,N/A,社会保険料 2026-07-08
社会 保険 料 鹿児島,210,21.0,Informational,N/A,社会保険料 2026-07-08
給料 20 万 社会 保険 料,210,23.0,Informational,N/A,社会保険料 2026-07-08
雑 所得 社会 保険 料,210,28.0,Informational,N/A,社会保険料 2026-07-08
香川 県 社会 保険 料,210,20.0,Informational,N/A,社会保険料 2026-07-08
12 月 15 日 退職 年末 調整,170,14.0,Informational,N/A,年末調整 2026-07-08
12 月 に 退職 年末 調整,170,15.0,Informational,N/A,年末調整 2026-07-08
12 月 給料 年末 調整,170,28.0,Informational,N/A,年末調整 2026-07-08
2 箇所 年末 調整,170,22.0,Informational,N/A,年末調整 2026-07-08
ideco 年末 調整 証明 書 再 発行,170,12.0,Informational,N/A,年末調整 2026-07-08
ja 年末 調整,170,30.0,Navigational,N/A,年末調整 2026-07-08
sompo ひまわり 生命 年末 調整,170,29.0,Navigational,N/A,年末調整 2026-07-08
あいおい ニッセイ 地震 保険 年末 調整 書き方,170,16.0,Informational,N/A,年末調整 2026-07-08
あなた と の 続柄 年末 調整,170,17.0,Informational,N/A,年末調整 2026-07-08
すき家 年末 調整,170,30.0,Informational,N/A,年末調整 2026-07-08
は な さく 生命 年末 調整,170,20.0,Navigational,N/A,年末調整 2026-07-08
アフラック 年末 調整 ハガキ,170,23.0,"Informational, Transactional",N/A,年末調整 2026-07-08
アフラック 年末 調整 控除 証明 書,170,26.0,"Informational, Transactional",N/A,年末調整 2026-07-08
コープ 年末 調整,170,24.0,Informational,N/A,年末調整 2026-07-08
ジブラルタ 生命 年末 調整 書き方,170,17.0,Navigational,N/A,年末調整 2026-07-08
ジブラルタル 生命 年末 調整 書き方,170,18.0,Informational,N/A,年末調整 2026-07-08
セルフ メディ ケーション 税制 年末 調整,170,22.0,Informational,N/A,年末調整 2026-07-08
ダブル ワーク 年末 調整 確定 申告,170,25.0,Informational,N/A,年末調整 2026-07-08
ネオ ファースト 生命 年末 調整,170,13.0,Navigational,N/A,年末調整 2026-07-08
バイト 年末 調整 しない と どうなる,170,10.0,Informational,N/A,年末調整 2026-07-08
ペイロール 年末 調整 問い合わせ 電話,170,17.0,Informational,N/A,年末調整 2026-07-08
マッチング 拠出 年末 調整,170,12.0,Informational,N/A,年末調整 2026-07-08
マニュライフ 生命 年末 調整,170,15.0,Navigational,N/A,年末調整 2026-07-08
メット ライフ 生命 年末 調整 記入 例,170,21.0,Informational,N/A,年末調整 2026-07-08
メディケア 生命 年末 調整 書き方,170,19.0,Informational,N/A,年末調整 2026-07-08
ライフ ネット 生命 年末 調整,170,21.0,Navigational,N/A,年末調整 2026-07-08
三井 住友 海上 あいおい 生命 年末 調整 書き方,170,22.0,Informational,N/A,年末調整 2026-07-08
三井 住友 海上 火災 保険 年末 調整 書き方,170,28.0,Navigational,N/A,年末調整 2026-07-08
不動産 売却 年末 調整,170,12.0,Informational,N/A,年末調整 2026-07-08
交通 費 非課税 年末 調整,170,25.0,Informational,N/A,年末調整 2026-07-08
介護 保険 料 年金 天引き 年末 調整,170,14.0,Informational,N/A,年末調整 2026-07-08
介護 医療 保険 料 年末 調整,170,16.0,Informational,N/A,年末調整 2026-07-08
介護医療保険 受取人 だれ 年末調整,170,22.0,Informational,N/A,年末調整 2026-07-08
仕事 辞め た 年末 調整,170,22.0,Informational,N/A,年末調整 2026-07-08
会社 員 確定 申告 自分 で 年末 調整,170,17.0,Informational,N/A,年末調整 2026-07-08
住民 票 年末 調整,170,22.0,Informational,N/A,年末調整 2026-07-08
全労済 年末 調整,170,22.0,Navigational,N/A,年末調整 2026-07-08
共済 掛金 払込 証明 書 年末 調整,170,23.0,Informational,N/A,年末調整 2026-07-08
副業 の 年末 調整,170,26.0,Informational,N/A,年末調整 2026-07-08
医療 費 控除 年末 調整 会社 員,170,16.0,Informational,N/A,年末調整 2026-07-08
国民 健康 保険 控除 年末 調整,170,20.0,Informational,N/A,年末調整 2026-07-08
国民 健康 保険 支払 先 年末 調整,170,14.0,Informational,N/A,年末調整 2026-07-08
国民 健康 保険 料 年末 調整 書き方,170,23.0,Informational,N/A,年末調整 2026-07-08
国民 年金 基金 年末 調整,170,28.0,Informational,N/A,年末調整 2026-07-08
地震 保険 年末 調整 いくら 戻る,170,13.0,Informational,N/A,年末調整 2026-07-08
奉行 クラウド 年末 調整,170,17.0,"Informational, Transactional",N/A,年末調整 2026-07-08
年末 調整 130 万 超え た,170,25.0,Informational,N/A,年末調整 2026-07-08
年末 調整 2 箇所,170,26.0,Informational,N/A,年末調整 2026-07-08
年末 調整 いつ やる,170,25.0,Informational,N/A,年末調整 2026-07-08
年末 調整 いつまで に 出す,170,25.0,Informational,N/A,年末調整 2026-07-08
年末 調整 いつまで 在籍,170,16.0,Informational,N/A,年末調整 2026-07-08
年末 調整 し なかっ た 場合,170,24.0,Informational,N/A,年末調整 2026-07-08
年末 調整 し なく て も いい,170,17.0,Informational,N/A,年末調整 2026-07-08
年末 調整 しない と,170,16.0,Informational,N/A,年末調整 2026-07-08
年末 調整 と 確定 申告 違い,170,25.0,Informational,N/A,年末調整 2026-07-08
年末 調整 どれくらい,170,29.0,Informational,N/A,年末調整 2026-07-08
年末 調整 ない 会社,170,17.0,Informational,N/A,年末調整 2026-07-08
年末 調整 の あと に 確定 申告,170,24.0,Informational,N/A,年末調整 2026-07-08
年末 調整 の 個人 番号 と は,170,15.0,Informational,N/A,年末調整 2026-07-08
年末 調整 の 書き方 記入 例,170,29.0,Informational,N/A,年末調整 2026-07-08
年末 調整 もらえ ない,170,14.0,Informational,N/A,年末調整 2026-07-08
年末 調整 を しない と,170,16.0,Informational,N/A,年末調整 2026-07-08
年末 調整 スケジュール,170,20.0,Informational,N/A,年末調整 2026-07-08
年末 調整 タイミング,170,25.0,Informational,N/A,年末調整 2026-07-08
年末 調整 チェック リスト,170,24.0,Informational,N/A,年末調整 2026-07-08
年末 調整 ハガキ 貼り 方,170,12.0,Informational,N/A,年末調整 2026-07-08
年末 調整 バイト やり方,170,25.0,Informational,N/A,年末調整 2026-07-08
年末 調整 メット ライフ,170,18.0,Navigational,N/A,年末調整 2026-07-08
年末 調整 メリット,170,29.0,Informational,N/A,年末調整 2026-07-08
年末 調整 不動産 売却,170,12.0,Informational,N/A,年末調整 2026-07-08
年末 調整 交通 費 非課税,170,13.0,Informational,N/A,年末調整 2026-07-08
年末 調整 介護 保険 料 控除 書き方,170,18.0,Informational,N/A,年末調整 2026-07-08
年末 調整 介護 保険 料 書き方,170,22.0,Informational,N/A,年末調整 2026-07-08
年末 調整 介護 医療 保険 料,170,16.0,Informational,N/A,年末調整 2026-07-08
年末 調整 住宅 ローン 控除 2 年 目 書き方,170,18.0,Informational,N/A,年末調整 2026-07-08
年末 調整 住所 住民 票,170,17.0,Informational,N/A,年末調整 2026-07-08
年末 調整 住所 同上,170,24.0,Informational,N/A,年末調整 2026-07-08
年末 調整 住民 票,170,19.0,Informational,N/A,年末調整 2026-07-08
年末 調整 保険 入っ て ない,170,16.0,Informational,N/A,年末調整 2026-07-08
年末 調整 保険 料 控除 欄 が 足り ない,170,23.0,Informational,N/A,年末調整 2026-07-08
年末 調整 保険 料 控除 申告 書 書き方,170,22.0,Informational,N/A,年末調整 2026-07-08
年末 調整 保険 期間 書き方,170,12.0,Informational,N/A,年末調整 2026-07-08
年末 調整 個人 年金 保険 料 と は,170,25.0,Informational,N/A,年末調整 2026-07-08
年末 調整 全労済,170,16.0,Navigational,N/A,年末調整 2026-07-08
年末 調整 共働き 妻 書き方,170,23.0,Informational,N/A,年末調整 2026-07-08
年末 調整 再 発行,170,16.0,Informational,N/A,年末調整 2026-07-08
年末 調整 再 調整,170,26.0,Informational,N/A,年末調整 2026-07-08
年末 調整 出さ ない 社員,170,14.0,Informational,N/A,年末調整 2026-07-08
年末 調整 印刷,170,23.0,Informational,N/A,年末調整 2026-07-08
年末 調整 原本 貼り 方,170,14.0,Informational,N/A,年末調整 2026-07-08
年末 調整 台紙,170,15.0,Informational,N/A,年末調整 2026-07-08
年末 調整 国保 証明 書,170,16.0,Informational,N/A,年末調整 2026-07-08
年末 調整 国民 健康 保険 控除,170,25.0,Informational,N/A,年末調整 2026-07-08
年末 調整 国民 健康 保険 料 書き方,170,28.0,Informational,N/A,年末調整 2026-07-08
年末 調整 国民 年金 基金,170,25.0,Informational,N/A,年末調整 2026-07-08
年末 調整 国民 年金 支払 先 の 名称,170,17.0,Informational,N/A,年末調整 2026-07-08
年末 調整 対象 者 12 月 退職,170,16.0,Informational,N/A,年末調整 2026-07-08
年末 調整 少ない,170,20.0,Informational,N/A,年末調整 2026-07-08
年末 調整 年収 いつから いつまで,170,23.0,Informational,N/A,年末調整 2026-07-08
年末 調整 年収 交通 費,170,28.0,Informational,N/A,年末調整 2026-07-08
年末 調整 引 かれる,170,26.0,Informational,N/A,年末調整 2026-07-08
年末 調整 後 確定 申告 医療 費 控除,170,26.0,Informational,N/A,年末調整 2026-07-08
年末 調整 必要 書類 一覧,170,17.0,Informational,N/A,年末調整 2026-07-08
年末 調整 所得 見積 額 と は,170,26.0,Informational,N/A,年末調整 2026-07-08
年末 調整 扶養 パート 書き方,170,30.0,Informational,N/A,年末調整 2026-07-08
年末 調整 扶養 控除 申告 書 書き方,170,30.0,Informational,N/A,年末調整 2026-07-08
年末 調整 旦那 の 扶養,170,30.0,Informational,N/A,年末調整 2026-07-08
年末 調整 書き 間違え たら,170,20.0,Informational,N/A,年末調整 2026-07-08
年末 調整 書き損じ た 場合,170,22.0,Informational,N/A,年末調整 2026-07-08
年末 調整 書き方 世帯 主,170,18.0,Informational,N/A,年末調整 2026-07-08
年末 調整 書き方 個人 番号,170,20.0,Informational,N/A,年末調整 2026-07-08
年末 調整 母子 家庭,170,22.0,Informational,N/A,年末調整 2026-07-08
年末 調整 異動 と は,170,25.0,Informational,N/A,年末調整 2026-07-08
年末 調整 短期 バイト,170,18.0,Informational,N/A,年末調整 2026-07-08
年末 調整 確定 申告 どっち,170,21.0,Informational,N/A,年末調整 2026-07-08
年末 調整 税務署 長,170,22.0,Informational,N/A,年末調整 2026-07-08
年末 調整 結婚 共働き,170,13.0,Informational,N/A,年末調整 2026-07-08
年末 調整 給与 収入 交通 費,170,28.0,Informational,N/A,年末調整 2026-07-08
年末 調整 育休,170,15.0,Informational,N/A,年末調整 2026-07-08
年末 調整 自分 で する 場合,170,23.0,Informational,N/A,年末調整 2026-07-08
年末 調整 訂正 二 重 線,170,14.0,Informational,N/A,年末調整 2026-07-08
年末 調整 証明 書 原本,170,19.0,Informational,N/A,年末調整 2026-07-08
年末 調整 説明 会 税務署,170,16.0,Informational,N/A,年末調整 2026-07-08
年末 調整 返っ て こない 会社,170,13.0,Informational,N/A,年末調整 2026-07-08
年末 調整 過 不足 額 マイナス,170,23.0,Informational,N/A,年末調整 2026-07-08
年末 調整 過 納 額 還付 請求 書 記入 例,170,24.0,Informational,N/A,年末調整 2026-07-08
年末 調整 還付 未済 額,170,15.0,Informational,N/A,年末調整 2026-07-08
年末 調整 還付 請求,170,25.0,Informational,N/A,年末調整 2026-07-08
年末 調整 還付 金 最高 額,170,28.0,Informational,N/A,年末調整 2026-07-08
年末 調整 還付 金 給与 明細,170,24.0,Informational,N/A,年末調整 2026-07-08
年末 調整 郵送 封筒 書き方,170,18.0,Informational,N/A,年末調整 2026-07-08
年末 調整 配偶 者 年金,170,28.0,Informational,N/A,年末調整 2026-07-08
年末 調整 間に合わ なかっ た 場合,170,15.0,Informational,N/A,年末調整 2026-07-08
年末 調整 難しい,170,24.0,Informational,N/A,年末調整 2026-07-08
年末調整 収入金額 ボーナス,170,21.0,Informational,N/A,年末調整 2026-07-08
年末調整 差し引き保険料とは,170,25.0,Informational,N/A,年末調整 2026-07-08
年末調整 期間 計算,170,26.0,Informational,N/A,年末調整 2026-07-08
年末調整 追加徴収 いくら,170,25.0,Informational,N/A,年末調整 2026-07-08
年末調整 還付金 計算 2020,170,22.0,Informational,N/A,年末調整 2026-07-08
年金 介護 保険 料 年末 調整,170,15.0,Informational,N/A,年末調整 2026-07-08
年金 天引き 介護 保険 料 年末 調整,170,14.0,Informational,N/A,年末調整 2026-07-08
年金 定期 便 年末 調整,170,25.0,Informational,N/A,年末調整 2026-07-08
所得 と 収入 の 違い 年末 調整,170,30.0,Informational,N/A,年末調整 2026-07-08
所得税 徴収 高 計算 書 年末 調整,170,26.0,Informational,N/A,年末調整 2026-07-08
扶養 内 年末 調整 保険 料 控除,170,21.0,Informational,N/A,年末調整 2026-07-08
損保 ひまわり 生命 年末 調整,170,19.0,Navigational,N/A,年末調整 2026-07-08
日本 生命 年末 調整 ハガキ,170,23.0,Navigational,N/A,年末調整 2026-07-08
旦那 の 扶養 年末 調整,170,28.0,Informational,N/A,年末調整 2026-07-08
朝日 生命 年末 調整 書き方,170,26.0,Informational,N/A,年末調整 2026-07-08
東京 海上 地震 保険 年末 調整,170,21.0,Informational,N/A,年末調整 2026-07-08
東京 海上 日動 年末 調整 書き方,170,11.0,Informational,N/A,年末調整 2026-07-08
東京 海上 日動 火災 保険 年末 調整 書き方,170,13.0,Informational,N/A,年末調整 2026-07-08
死亡 退職 年末 調整 やり方,170,16.0,Informational,N/A,年末調整 2026-07-08
源泉 徴収 票 と 年末 調整 の 違い,170,25.0,Informational,N/A,年末調整 2026-07-08
源泉 徴収 票 ない 年末 調整,170,25.0,Informational,N/A,年末調整 2026-07-08
源泉 徴収 票 年末 調整 見方,170,26.0,Informational,N/A,年末調整 2026-07-08
火災 保険 は 年末 調整 の 対象 か,170,14.0,Informational,N/A,年末調整 2026-07-08
生命 保険 年末 調整 ハガキ,170,26.0,Informational,N/A,年末調整 2026-07-08
社会 保険 料 年末 調整 書き方,170,24.0,Informational,N/A,年末調整 2026-07-08
追 納 年末 調整,170,28.0,Informational,N/A,年末調整 2026-07-08
達人 年末 調整,170,18.0,Informational,N/A,年末調整 2026-07-08
配偶 者 年金 年末 調整,170,16.0,Informational,N/A,年末調整 2026-07-08
青色 申告 年末 調整,170,24.0,Informational,N/A,年末調整 2026-07-08
パート 税金 計算,170,30.0,Informational,N/A,税金計算 2026-07-07
フリーター 税金 計算,170,13.0,Informational,N/A,税金計算 2026-07-07
一般 財形 貯蓄 税金 計算,170,23.0,Informational,N/A,税金計算 2026-07-07
個人 年金 一括 受取 税金 計算,170,11.0,Informational,N/A,税金計算 2026-07-07
年金 税金 計算 エクセル,170,19.0,Informational,N/A,税金計算 2026-07-07
株 税金 計算 特定 口座,170,25.0,Informational,N/A,税金計算 2026-07-07
税金 給料 差し押さえ 計算,170,20.0,Informational,N/A,税金計算 2026-07-07
#確定申告ボイコット,170,23.0,Informational,N/A,確定申告 2026-07-08
1 月 退職 確定 申告,170,27.0,Informational,N/A,確定申告 2026-07-08
fx の 確定 申告 の 仕方,170,24.0,Informational,N/A,確定申告 2026-07-08
fx 確定 申告 楽天,170,23.0,Informational,N/A,確定申告 2026-07-08
ideco 確定 申告 証明 書,170,24.0,Informational,N/A,確定申告 2026-07-08
ig 証券 確定 申告,170,29.0,"Informational, Navigational",N/A,確定申告 2026-07-08
nisa 確定 申告 必要,170,18.0,Informational,N/A,確定申告 2026-07-08
uber eats 確定 申告 やり方,170,10.0,Informational,N/A,確定申告 2026-07-08
かんぽ 生命 生存 保険 金 確定 申告,170,22.0,Informational,N/A,確定申告 2026-07-08
が ん 保険 一時 金 確定 申告,170,13.0,Informational,N/A,確定申告 2026-07-08
ふるさと 納税 住所 変更 確定 申告,170,24.0,Informational,N/A,確定申告 2026-07-08
ふるさと 納税 医療 費 控除 確定 申告,170,19.0,Informational,N/A,確定申告 2026-07-08
ふるさと 納税 確定 申告 住所 変更,170,14.0,Informational,N/A,確定申告 2026-07-08
ふるさと 納税 確定 申告 医療 費 控除,170,21.0,Informational,N/A,確定申告 2026-07-08
ふるさと 納税 限度 額 超え た 確定 申告,170,18.0,Informational,N/A,確定申告 2026-07-08
アパート 経営 の 確定 申告,170,13.0,Informational,N/A,確定申告 2026-07-08
アパート 経営 確定 申告,170,15.0,Informational,N/A,確定申告 2026-07-08
アメリカ の 年金 確定 申告,170,9.0,Informational,N/A,確定申告 2026-07-08
アメリカ 年金 確定 申告,170,8.0,Informational,N/A,確定申告 2026-07-08
アルバイト の 確定 申告,170,18.0,Informational,N/A,確定申告 2026-07-08
アルバイト 収入 確定 申告,170,18.0,Informational,N/A,確定申告 2026-07-08
イオン 倉敷 確定 申告,170,24.0,Informational,N/A,確定申告 2026-07-08
ウインク あいち 確定 申告,170,27.0,Informational,N/A,確定申告 2026-07-08
キャッシュ バック 確定 申告,170,20.0,Informational,N/A,確定申告 2026-07-08
クラウド ワークス 確定 申告 やり方,170,22.0,Informational,N/A,確定申告 2026-07-08
スーツ 代 確定 申告,170,14.0,Informational,N/A,確定申告 2026-07-08
ダブル ワーク 確定 申告 しない,170,23.0,Informational,N/A,確定申告 2026-07-08
トラリピ 確定 申告,170,12.0,Navigational,N/A,確定申告 2026-07-08
ニッセイ 確定 申告,170,30.0,Navigational,N/A,確定申告 2026-07-08
ハンドメイド 作家 確定 申告,170,10.0,Informational,N/A,確定申告 2026-07-08
ハンドメイド 確定 申告 いくら から,170,8.0,Informational,N/A,確定申告 2026-07-08
バイト 確定 申告 掛け持ち,170,27.0,Informational,N/A,確定申告 2026-07-08
バイナリー 確定 申告,170,17.0,Informational,N/A,確定申告 2026-07-08
パート ダブル ワーク 確定 申告 しない,170,26.0,Informational,N/A,確定申告 2026-07-08
パート 内職 掛け持ち 確定 申告,170,23.0,Informational,N/A,確定申告 2026-07-08
フリーター 掛け持ち 確定 申告,170,25.0,Informational,N/A,確定申告 2026-07-08
フリーター 確定 申告 いくら から,170,17.0,Informational,N/A,確定申告 2026-07-08
フリーター 確定 申告 掛け持ち,170,25.0,Informational,N/A,確定申告 2026-07-08
フルキャスト 確定 申告,170,14.0,Informational,N/A,確定申告 2026-07-08
ホステス 確定 申告,170,11.0,Informational,N/A,確定申告 2026-07-08
マンション 購入 確定 申告 初 年度,170,27.0,Informational,N/A,確定申告 2026-07-08
メルカリ の 売上 確定 申告,170,15.0,Informational,N/A,確定申告 2026-07-08
ライカム 確定 申告,170,23.0,Informational,N/A,確定申告 2026-07-08
ライバー 確定 申告,170,13.0,Informational,N/A,確定申告 2026-07-08
リフォーム 控除 確定 申告,170,11.0,Informational,N/A,確定申告 2026-07-08
リフォーム 減税 確定 申告,170,11.0,Informational,N/A,確定申告 2026-07-08
一宮 市 確定 申告 会場,170,26.0,Informational,N/A,確定申告 2026-07-08
不動産 収入 確定 申告 不要,170,18.0,Informational,N/A,確定申告 2026-07-08
不動産 取得 税 確定 申告 控除,170,20.0,Informational,N/A,確定申告 2026-07-08
不動産 投資 確定 申告 サラリーマン,170,13.0,Informational,N/A,確定申告 2026-07-08
不動産 相続 確定 申告,170,18.0,Informational,N/A,確定申告 2026-07-08
不妊 治療 費 確定 申告,170,16.0,Informational,N/A,確定申告 2026-07-08
中古 マンション 購入 確定 申告,170,21.0,Informational,N/A,確定申告 2026-07-08
中退 共 退職 金 確定 申告,170,22.0,Informational,N/A,確定申告 2026-07-08
仕事 を 辞め た 確定 申告,170,30.0,Informational,N/A,確定申告 2026-07-08
仮想 通貨 損失 確定 申告,170,27.0,Informational,N/A,確定申告 2026-07-08
企業 型 確定 拠出 年金 確定 申告,170,18.0,Informational,N/A,確定申告 2026-07-08
企業 年金 確定 申告 還付,170,8.0,Informational,N/A,確定申告 2026-07-08
会社 に バレ ず に 副業 確定 申告,170,13.0,Informational,N/A,確定申告 2026-07-08
会社 員 確定 申告 ふるさと 納税,170,23.0,Informational,N/A,確定申告 2026-07-08
会社 員 確定 申告 必要 な 場合,170,25.0,Informational,N/A,確定申告 2026-07-08
会社 員 経費 確定 申告,170,15.0,Informational,N/A,確定申告 2026-07-08
会社 役員 の 確定 申告,170,8.0,Informational,N/A,確定申告 2026-07-08
会社 役員 確定 申告,170,10.0,Informational,N/A,確定申告 2026-07-08
住宅 ローン 確定 申告 いつ,170,27.0,Informational,N/A,確定申告 2026-07-08
住宅 ローン 確定 申告 書類,170,30.0,Informational,N/A,確定申告 2026-07-08
住民 税 は 確定 申告 できる か,170,22.0,Informational,N/A,確定申告 2026-07-08
保険 外交 員 確定 申告 経費 率,170,8.0,Informational,N/A,確定申告 2026-07-08
保険 料 控除 申告 書 確定 申告,170,29.0,Informational,N/A,確定申告 2026-07-08
個人 事業 主 源泉 徴収 確定 申告,170,20.0,Informational,N/A,確定申告 2026-07-08
個人 年金 一括 受取 確定 申告,170,18.0,Informational,N/A,確定申告 2026-07-08
個人 年金 確定 申告 不要,170,26.0,Informational,N/A,確定申告 2026-07-08
個人 年金 解約 確定 申告,170,25.0,Informational,N/A,確定申告 2026-07-08
個人 確定 申告 税理士,170,12.0,Informational,N/A,確定申告 2026-07-08
傷病 手当 確定 申告 ばれる,170,21.0,Informational,N/A,確定申告 2026-07-08
先物 取引 確定 申告 書き方,170,26.0,Informational,N/A,確定申告 2026-07-08
入院 確定 申告,170,27.0,Informational,N/A,確定申告 2026-07-08
公 的 年金 確定 申告 不要,170,29.0,Informational,N/A,確定申告 2026-07-08
再 就職 確定 申告,170,28.0,Informational,N/A,確定申告 2026-07-08
分配 金 確定 申告,170,27.0,Informational,N/A,確定申告 2026-07-08
副業 個人 事業 主 確定 申告,170,27.0,Informational,N/A,確定申告 2026-07-08
副業 業務 委託 確定 申告,170,13.0,Informational,N/A,確定申告 2026-07-08
加古川 市 確定 申告 会場,170,16.0,Informational,N/A,確定申告 2026-07-08
助成 金 確定 申告,170,17.0,Informational,N/A,確定申告 2026-07-08
労働 保険 料 確定 申告,170,17.0,Informational,N/A,確定申告 2026-07-08
労災 確定 申告,170,11.0,Informational,N/A,確定申告 2026-07-08
医療 保険 給付 金 確定 申告,170,23.0,Informational,N/A,確定申告 2026-07-08
医療 費 10 万 円 確定 申告,170,23.0,Informational,N/A,確定申告 2026-07-08
医療 費 控除 確定 申告 いくら 戻る,170,29.0,Informational,N/A,確定申告 2026-07-08
医療 費 控除 確定 申告 期限,170,29.0,Informational,N/A,確定申告 2026-07-08
医療 費 控除 確定 申告 計算 方法,170,26.0,Informational,N/A,確定申告 2026-07-08
医療 費 控除 確定 申告 領収 書 なし,170,13.0,Informational,N/A,確定申告 2026-07-08
医療 費 確定 申告 10 万 円,170,26.0,Informational,N/A,確定申告 2026-07-08
医療 費 確定 申告 保険 金,170,15.0,Informational,N/A,確定申告 2026-07-08
医療 費 確定 申告 領収 書,170,16.0,Informational,N/A,確定申告 2026-07-08
印税 確定 申告,170,17.0,Informational,N/A,確定申告 2026-07-08
台東 区 確定 申告,170,29.0,Commercial,N/A,確定申告 2026-07-08
国民 保険 料 確定 申告,170,18.0,Informational,N/A,確定申告 2026-07-08
国民 健康 保険 料 確定 申告 書き方,170,21.0,Informational,N/A,確定申告 2026-07-08
国民 年金 2 年 前納 確定 申告,170,29.0,Informational,N/A,確定申告 2026-07-08
国民 年金 基金 確定 申告,170,18.0,Informational,N/A,確定申告 2026-07-08
奥州 市 確定 申告 日程,170,25.0,Informational,N/A,確定申告 2026-07-08
委託 確定 申告,170,15.0,Informational,N/A,確定申告 2026-07-08
学生 確定 申告 掛け持ち,170,25.0,Informational,N/A,確定申告 2026-07-08
学資 保険 受け取り 確定 申告,170,16.0,Informational,N/A,確定申告 2026-07-08
家 の リフォーム 確定 申告,170,19.0,Informational,N/A,確定申告 2026-07-08
家 の 売却 確定 申告,170,20.0,Informational,N/A,確定申告 2026-07-08
家 を 購入 確定 申告,170,28.0,Informational,N/A,確定申告 2026-07-08
家 リフォーム 確定 申告,170,20.0,Informational,N/A,確定申告 2026-07-08
家 買っ た 確定 申告,170,25.0,Informational,N/A,確定申告 2026-07-08
富国 生命 確定 申告,170,21.0,Navigational,N/A,確定申告 2026-07-08
富山 確定 申告 会場,170,20.0,Informational,N/A,確定申告 2026-07-08
専業 主婦 確定 申告 必要,170,11.0,Informational,N/A,確定申告 2026-07-08
小 作料 確定 申告,170,11.0,Informational,N/A,確定申告 2026-07-08
山形 市 確定 申告,170,29.0,Informational,N/A,確定申告 2026-07-08
市役所 確定 申告 相談,170,18.0,Informational,N/A,確定申告 2026-07-08
市販 薬 確定 申告,170,26.0,Informational,N/A,確定申告 2026-07-08
年金 受給 者 の アルバイト 確定 申告,170,23.0,Informational,N/A,確定申告 2026-07-08
年金 受給 者 の 確定 申告 不要 制度,170,27.0,Informational,N/A,確定申告 2026-07-08
年金 受給 者 確定 申告 が 必要 な 人,170,26.0,Informational,N/A,確定申告 2026-07-08
年金 受給 者 確定 申告 不要 制度,170,28.0,Informational,N/A,確定申告 2026-07-08
年金 支払 証明 書 確定 申告,170,19.0,Informational,N/A,確定申告 2026-07-08
年金 支払い 確定 申告,170,30.0,Informational,N/A,確定申告 2026-07-08
年金 生活 者 の 医療 費 控除 確定 申告,170,12.0,Informational,N/A,確定申告 2026-07-08
年金 生活 者 確定 申告 医療 費 控除,170,15.0,Informational,N/A,確定申告 2026-07-08
年金 生活 者 確定 申告 必要 か,170,24.0,Informational,N/A,確定申告 2026-07-08
年金 確定 申告 証明 書,170,25.0,Informational,N/A,確定申告 2026-07-08
年間 20 万 確定 申告,170,28.0,Informational,N/A,確定申告 2026-07-08
廃業 確定 申告,170,16.0,Informational,N/A,確定申告 2026-07-08
所得税 ゼロ 確定 申告,170,29.0,Informational,N/A,確定申告 2026-07-08
扶養 家族 の 年金 確定 申告,170,24.0,Informational,N/A,確定申告 2026-07-08
投資 信託 の 配当 金 確定 申告,170,19.0,Informational,N/A,確定申告 2026-07-08
投資 信託 分配 金 確定 申告,170,20.0,Informational,N/A,確定申告 2026-07-08
投資 信託 売却 確定 申告,170,24.0,Informational,N/A,確定申告 2026-07-08
投資 信託 確定 申告 損失,170,16.0,Informational,N/A,確定申告 2026-07-08
投資 信託 確定 申告 特定 口座,170,29.0,Informational,N/A,確定申告 2026-07-08
投資 信託 配当 金 確定 申告,170,20.0,Informational,N/A,確定申告 2026-07-08
持ち株 売却 確定 申告,170,27.0,Informational,N/A,確定申告 2026-07-08
支払 調書 確定 申告 添付,170,27.0,Informational,N/A,確定申告 2026-07-08
故人 確定 申告,170,14.0,Informational,N/A,確定申告 2026-07-08
整体 確定 申告,170,9.0,Informational,N/A,確定申告 2026-07-08
整骨 院 確定 申告,170,8.0,Informational,N/A,確定申告 2026-07-08
日本 生命 確定 申告,170,29.0,Navigational,N/A,確定申告 2026-07-08
日雇い 確定 申告 やり方,170,17.0,Informational,N/A,確定申告 2026-07-08
明細 書 確定 申告,170,20.0,Informational,N/A,確定申告 2026-07-08
杉並 区 確定 申告 無料 相談,170,23.0,Informational,N/A,確定申告 2026-07-08
株 確定 申告 住民 税 増える,170,26.0,Informational,N/A,確定申告 2026-07-08
株 確定 申告 損失,170,26.0,Informational,N/A,確定申告 2026-07-08
業務 委託 契約 確定 申告,170,16.0,Informational,N/A,確定申告 2026-07-08
業務 委託 確定 申告 雑 所得,170,16.0,Informational,N/A,確定申告 2026-07-08
楽天 ポイント 確定 申告,170,11.0,Informational,N/A,確定申告 2026-07-08
死ん だ 人 の 確定 申告,170,16.0,Informational,N/A,確定申告 2026-07-08
死亡 保険 金 確定 申告 必要 書類,170,14.0,Informational,N/A,確定申告 2026-07-08
清算 確定 申告,170,16.0,Informational,N/A,確定申告 2026-07-08
源泉 徴収 0 円 確定 申告,170,20.0,Informational,N/A,確定申告 2026-07-08
源泉 徴収 票 アルバイト 確定 申告,170,29.0,Informational,N/A,確定申告 2026-07-08
源泉 徴収 票 確定 申告 不要,170,30.0,Informational,N/A,確定申告 2026-07-08
準 確定 申告 添付 書類 戸籍 謄本,170,22.0,Informational,N/A,確定申告 2026-07-08
準 確定 申告 記載 例,170,19.0,Informational,N/A,確定申告 2026-07-08
無職 確定 申告 必要 書類,170,25.0,Informational,N/A,確定申告 2026-07-08
無職 確定 申告 書き方,170,30.0,Informational,N/A,確定申告 2026-07-08
熊本 市 確定 申告 相談,170,23.0,Informational,N/A,確定申告 2026-07-08
特別 支給 の 老齢 厚生 年金 確定 申告,170,26.0,Informational,N/A,確定申告 2026-07-08
生命 保険 払戻金 確定 申告,170,25.0,Informational,N/A,確定申告 2026-07-08
生命 保険 料 確定 申告,170,27.0,Informational,N/A,確定申告 2026-07-08
生活 保護 確定 申告 不要,170,12.0,Informational,N/A,確定申告 2026-07-08
申告 分離 課税 確定 申告,170,30.0,Informational,N/A,確定申告 2026-07-08
盛岡 確定 申告 アイーナ,170,21.0,Informational,N/A,確定申告 2026-07-08
目黒 区 確定 申告,170,30.0,Informational,N/A,確定申告 2026-07-08
相続 した 土地 売却 確定 申告 必要 書類,170,16.0,Informational,N/A,確定申告 2026-07-08
相続 不動産 売却 確定 申告,170,19.0,Informational,N/A,確定申告 2026-07-08
相続 不動産 確定 申告,170,10.0,Informational,N/A,確定申告 2026-07-08
相続 後 の 確定 申告,170,13.0,Informational,N/A,確定申告 2026-07-08
確定 申告 5 年 以上 前,170,24.0,Informational,N/A,確定申告 2026-07-08
確定 申告 ideco 控除,170,27.0,Informational,N/A,確定申告 2026-07-08
確定 申告 safari,170,26.0,"Informational, Navigational",N/A,確定申告 2026-07-08
確定 申告 w ワーク,170,28.0,Informational,N/A,確定申告 2026-07-08
確定 申告 あと から,170,27.0,Informational,N/A,確定申告 2026-07-08
確定 申告 いつまで 医療 費 控除,170,29.0,Informational,N/A,確定申告 2026-07-08
確定 申告 お知らせ ハガキ,170,22.0,Informational,N/A,確定申告 2026-07-08
確定 申告 しない と どうなる 会社 員,170,24.0,Informational,N/A,確定申告 2026-07-08
確定 申告 しない 住民 税,170,20.0,Informational,N/A,確定申告 2026-07-08
確定 申告 どこで する の,170,30.0,Informational,N/A,確定申告 2026-07-08
確定 申告 なし 副業,170,27.0,Informational,N/A,確定申告 2026-07-08
確定 申告 なん の ため に する,170,29.0,Informational,N/A,確定申告 2026-07-08
確定 申告 の お知らせ ハガキ 届か ない,170,28.0,Informational,N/A,確定申告 2026-07-08
確定 申告 の 一時 所得 と は,170,27.0,Informational,N/A,確定申告 2026-07-08
確定 申告 の 提出 場所,170,26.0,Informational,N/A,確定申告 2026-07-08
確定 申告 の 経費 と は,170,30.0,Informational,N/A,確定申告 2026-07-08
確定 申告 ふるさと 納税 と 医療 費 控除,170,22.0,Informational,N/A,確定申告 2026-07-08
確定 申告 やら なかっ たら どうなる,170,29.0,Informational,N/A,確定申告 2026-07-08
確定 申告 を 税理士 に 頼む と いくら,170,15.0,Informational,N/A,確定申告 2026-07-08
確定 申告 アパート 経営,170,14.0,Informational,N/A,確定申告 2026-07-08
確定 申告 アルバイト 求人,170,21.0,Informational,N/A,確定申告 2026-07-08
確定 申告 エクセル テンプレート 無料,170,18.0,Informational,N/A,確定申告 2026-07-08
確定 申告 シュミレーション 無料,170,29.0,Informational,N/A,確定申告 2026-07-08
確定 申告 ダブル ワーク やり方,170,26.0,Informational,N/A,確定申告 2026-07-08
確定 申告 ダブル ワーク パート,170,29.0,Informational,N/A,確定申告 2026-07-08
確定 申告 データ 確認,170,28.0,Informational,N/A,確定申告 2026-07-08
確定 申告 バイト いくら から,170,23.0,Informational,N/A,確定申告 2026-07-08
確定 申告 パート 130 万,170,28.0,Informational,N/A,確定申告 2026-07-08
確定 申告 ポイント,170,30.0,Informational,N/A,確定申告 2026-07-08
確定 申告 リフォーム 減税,170,20.0,Informational,N/A,確定申告 2026-07-08
確定 申告 レイク タウン,170,14.0,Informational,N/A,確定申告 2026-07-08
確定 申告 ワンス トップ 特例 併用,170,22.0,Informational,N/A,確定申告 2026-07-08
確定 申告 一時 所得 と は,170,21.0,Informational,N/A,確定申告 2026-07-08
確定 申告 不動産 投資,170,10.0,Informational,N/A,確定申告 2026-07-08
確定 申告 不動産 相続,170,14.0,Informational,N/A,確定申告 2026-07-08
確定 申告 中古 マンション 購入,170,10.0,Informational,N/A,確定申告 2026-07-08
確定 申告 中古 住宅,170,19.0,Informational,N/A,確定申告 2026-07-08
確定 申告 事業 所得 と は,170,22.0,Informational,N/A,確定申告 2026-07-08
確定 申告 交通 費 アルバイト,170,17.0,Informational,N/A,確定申告 2026-07-08
確定 申告 仕事 辞め た,170,30.0,Informational,N/A,確定申告 2026-07-08
確定 申告 伊勢原 市,170,21.0,Informational,N/A,確定申告 2026-07-08
確定 申告 会社 が やる,170,25.0,Informational,N/A,確定申告 2026-07-08
確定 申告 会社 に ばれ ない,170,12.0,Informational,N/A,確定申告 2026-07-08
確定 申告 会社 ばれる,170,24.0,Informational,N/A,確定申告 2026-07-08
確定 申告 住宅 ローン 控除 初 年度 必要 書類,170,21.0,Informational,N/A,確定申告 2026-07-08
確定 申告 住宅 ローン 控除 還付 金,170,17.0,Informational,N/A,確定申告 2026-07-08
確定 申告 住宅 ローン 連帯 債務,170,13.0,Informational,N/A,確定申告 2026-07-08
確定 申告 住宅 購入 初 年度,170,25.0,Informational,N/A,確定申告 2026-07-08
確定 申告 住民 票 移し て ない,170,15.0,Informational,N/A,確定申告 2026-07-08
確定 申告 何 年 さかのぼれ る,170,24.0,Informational,N/A,確定申告 2026-07-08
確定 申告 依頼 相場,170,16.0,Informational,N/A,確定申告 2026-07-08
確定 申告 保管 期間 個人,170,16.0,Informational,N/A,確定申告 2026-07-08
確定 申告 保険 料 控除 いくら 戻る,170,16.0,Informational,N/A,確定申告 2026-07-08
確定 申告 修正 いつまで,170,29.0,Informational,N/A,確定申告 2026-07-08
確定 申告 個人 番号,170,30.0,Informational,N/A,確定申告 2026-07-08
確定 申告 借入金,170,18.0,Informational,N/A,確定申告 2026-07-08
確定 申告 借金,170,18.0,Informational,N/A,確定申告 2026-07-08
確定 申告 値段,170,16.0,Informational,N/A,確定申告 2026-07-08
確定 申告 出し 直し,170,28.0,"Informational, Transactional",N/A,確定申告 2026-07-08
確定 申告 分配 金,170,26.0,Informational,N/A,確定申告 2026-07-08
確定 申告 副業 バレ ない よう に,170,11.0,Informational,N/A,確定申告 2026-07-08
確定 申告 助成 金,170,27.0,Informational,N/A,確定申告 2026-07-08
確定 申告 労災,170,13.0,Informational,N/A,確定申告 2026-07-08
確定 申告 医療 保険 料 控除,170,25.0,Informational,N/A,確定申告 2026-07-08
確定 申告 医療 費 10 万,170,12.0,Informational,N/A,確定申告 2026-07-08
確定 申告 医療 費 10 万 円,170,11.0,Informational,N/A,確定申告 2026-07-08
確定 申告 医療 費 いくら から,170,25.0,Informational,N/A,確定申告 2026-07-08
確定 申告 医療 費 の お知らせ,170,19.0,Informational,N/A,確定申告 2026-07-08
確定 申告 医療 費 保険 金,170,21.0,Informational,N/A,確定申告 2026-07-08
確定 申告 医療 費 控除 上限,170,19.0,Informational,N/A,確定申告 2026-07-08
確定 申告 医療 費 控除 年金 受給 者,170,18.0,Informational,N/A,確定申告 2026-07-08
確定 申告 医療 費 控除 年金 生活 者,170,18.0,Informational,N/A,確定申告 2026-07-08
確定 申告 医療 費 控除 期限,170,25.0,Informational,N/A,確定申告 2026-07-08
確定 申告 医療 費 控除 薬代,170,30.0,Informational,N/A,確定申告 2026-07-08
確定 申告 医療 費 控除 高額 療養 費,170,26.0,Informational,N/A,確定申告 2026-07-08
確定 申告 医療 費 領収 書 保管 期間,170,17.0,Informational,N/A,確定申告 2026-07-08
確定 申告 印刷 コンビニ,170,26.0,Informational,N/A,確定申告 2026-07-08
確定 申告 商工 会議 所,170,6.0,Informational,N/A,確定申告 2026-07-08
確定 申告 大変,170,24.0,Informational,N/A,確定申告 2026-07-08
確定 申告 奨学 金,170,28.0,Informational,N/A,確定申告 2026-07-08
確定 申告 委託,170,23.0,Informational,N/A,確定申告 2026-07-08
確定 申告 子供 扶養,170,30.0,Informational,N/A,確定申告 2026-07-08
確定 申告 安来 市,170,16.0,"Informational, Transactional",N/A,確定申告 2026-07-08
確定 申告 封筒 サイズ,170,14.0,Informational,N/A,確定申告 2026-07-08
確定 申告 専従 者 控除,170,29.0,Informational,N/A,確定申告 2026-07-08
確定 申告 山形 テルサ,170,20.0,Informational,N/A,確定申告 2026-07-08
確定 申告 市販 薬,170,22.0,Informational,N/A,確定申告 2026-07-08
確定 申告 年金 ハガキ,170,29.0,Informational,N/A,確定申告 2026-07-08
確定 申告 延滞 税 いくら,170,29.0,Informational,N/A,確定申告 2026-07-08
確定 申告 延納,170,25.0,Informational,N/A,確定申告 2026-07-08
確定 申告 弁護士,170,13.0,Informational,N/A,確定申告 2026-07-08
確定 申告 後 修正 申告,170,27.0,Informational,N/A,確定申告 2026-07-08
確定 申告 必要 書類 住宅 ローン 控除,170,30.0,Informational,N/A,確定申告 2026-07-08
確定 申告 必要 書類 無職,170,25.0,Informational,N/A,確定申告 2026-07-08
確定 申告 必要 書類 郵送,170,30.0,Informational,N/A,確定申告 2026-07-08
確定 申告 忘れる と どうなる,170,29.0,Informational,N/A,確定申告 2026-07-08
確定 申告 所得税 納付 期限,170,30.0,Informational,N/A,確定申告 2026-07-08
確定 申告 所得税 計算 シュミレーション,170,27.0,Informational,N/A,確定申告 2026-07-08
確定 申告 振替 納税 手続き,170,28.0,Informational,N/A,確定申告 2026-07-08
確定 申告 振込 手数料,170,27.0,Informational,N/A,確定申告 2026-07-08
確定 申告 控え 郵送,170,28.0,Informational,N/A,確定申告 2026-07-08
確定 申告 整骨 院,170,8.0,Informational,N/A,確定申告 2026-07-08
確定 申告 料金,170,12.0,Informational,N/A,確定申告 2026-07-08
確定 申告 普通 徴収 やり方,170,25.0,Informational,N/A,確定申告 2026-07-08
確定 申告 更正 の 請求 書き方,170,30.0,"Informational, Transactional",N/A,確定申告 2026-07-08
確定 申告 歯科 矯正,170,7.0,Informational,N/A,確定申告 2026-07-08
確定 申告 消費 税 期限,170,30.0,Informational,N/A,確定申告 2026-07-08
確定 申告 消費 税 経費,170,19.0,Informational,N/A,確定申告 2026-07-08
確定 申告 源泉 徴収 ない,170,26.0,Informational,N/A,確定申告 2026-07-08
確定 申告 源泉 徴収 票 いつの,170,26.0,Informational,N/A,確定申告 2026-07-08
確定 申告 漏れ 時効,170,12.0,Informational,N/A,確定申告 2026-07-08
確定 申告 無職 必要 書類,170,25.0,Informational,N/A,確定申告 2026-07-08
確定 申告 白色 申告 経費,170,16.0,Informational,N/A,確定申告 2026-07-08
確定 申告 盛岡 アイーナ,170,18.0,Informational,N/A,確定申告 2026-07-08
確定 申告 相続 不動産,170,20.0,Informational,N/A,確定申告 2026-07-08
確定 申告 相談 神戸 市,170,15.0,Informational,N/A,確定申告 2026-07-08
確定 申告 県民 税,170,21.0,Informational,N/A,確定申告 2026-07-08
確定 申告 短期 バイト,170,13.0,Informational,N/A,確定申告 2026-07-08
確定 申告 社会 保険,170,26.0,Informational,N/A,確定申告 2026-07-08
確定 申告 税理士 料金,170,11.0,Informational,N/A,確定申告 2026-07-08
確定 申告 税理士 費用 相場,170,20.0,Informational,N/A,確定申告 2026-07-08
確定 申告 経費 レシート,170,13.0,Informational,N/A,確定申告 2026-07-08
確定 申告 給与 区分,170,30.0,Informational,N/A,確定申告 2026-07-08
確定 申告 給与 明細 ない,170,16.0,Informational,N/A,確定申告 2026-07-08
確定 申告 職業 欄 無職,170,9.0,Informational,N/A,確定申告 2026-07-08
確定 申告 自己 破産,170,10.0,Informational,N/A,確定申告 2026-07-08
確定 申告 葬儀 費用,170,11.0,Informational,N/A,確定申告 2026-07-08
確定 申告 行け ない 場合,170,28.0,Informational,N/A,確定申告 2026-07-08
確定 申告 講演 料,170,16.0,Informational,N/A,確定申告 2026-07-08
確定 申告 貸借 対照 表 書き方,170,22.0,Informational,N/A,確定申告 2026-07-08
確定 申告 転職 源泉 徴収 票 2 枚 書き方,170,13.0,Informational,N/A,確定申告 2026-07-08
確定 申告 農業 所得 20 万 円 以下,170,15.0,Informational,N/A,確定申告 2026-07-08
確定 申告 退職 所得 書き方,170,29.0,Informational,N/A,確定申告 2026-07-08
確定 申告 送付 封筒,170,18.0,Informational,N/A,確定申告 2026-07-08
確定 申告 通信 費 と は,170,18.0,Informational,N/A,確定申告 2026-07-08
確定 申告 通知 くる,170,28.0,Informational,N/A,確定申告 2026-07-08
確定 申告 適当,170,14.0,Informational,N/A,確定申告 2026-07-08
確定 申告 還付 期限,170,29.0,Informational,N/A,確定申告 2026-07-08
確定 申告 還付 金 どのくらい,170,26.0,Informational,N/A,確定申告 2026-07-08
確定 申告 還付 金 勘定 科目,170,19.0,Informational,N/A,確定申告 2026-07-08
確定 申告 間違い 少額,170,19.0,Informational,N/A,確定申告 2026-07-08
確定 申告 雑 所得 経費 書き方,170,24.0,Informational,N/A,確定申告 2026-07-08
確定 申告 青色 と 白色 の 違い,170,23.0,Informational,N/A,確定申告 2026-07-08
確定 申告 領収 書 個人,170,23.0,Informational,N/A,確定申告 2026-07-08
確定 申告 頼む と いくら,170,18.0,Informational,N/A,確定申告 2026-07-08
確定 申告 養育 費,170,14.0,Informational,N/A,確定申告 2026-07-08
確定 給付 企業 年金 確定 申告,170,19.0,Informational,N/A,確定申告 2026-07-08
確定申告 不備 連絡 いつ,170,6.0,Informational,N/A,確定申告 2026-07-08
確定申告 添付書類 貼り方 2021,170,21.0,Informational,N/A,確定申告 2026-07-08
確定申告 納付期限 2021,170,27.0,Informational,N/A,確定申告 2026-07-08
確定申告 計算 シミュレーション 個人事業主,170,19.0,Commercial,N/A,確定申告 2026-07-08
確定申告いつから 2021,170,29.0,Informational,N/A,確定申告 2026-07-08
確定申告マイナンバーカードなし 2022,170,20.0,Informational,N/A,確定申告 2026-07-08
秋田 市 確定 申告,170,27.0,Informational,N/A,確定申告 2026-07-08
税務署 バイト 確定 申告,170,22.0,Informational,N/A,確定申告 2026-07-08
税理士 料金 確定 申告,170,10.0,Informational,N/A,確定申告 2026-07-08
税理士 確定 申告 料金,170,16.0,Informational,N/A,確定申告 2026-07-08
空き家 売却 確定 申告,170,9.0,Informational,N/A,確定申告 2026-07-08
線 下 補償 料 確定 申告,170,10.0,Informational,N/A,確定申告 2026-07-08
育休 中 確定 申告 医療 費 控除,170,8.0,"Informational, Commercial",N/A,確定申告 2026-07-08
被 相続 人 確定 申告,170,25.0,Informational,N/A,確定申告 2026-07-08
証券 口座 複数 確定 申告,170,21.0,Informational,N/A,確定申告 2026-07-08
認知 症 確定 申告,170,13.0,Informational,N/A,確定申告 2026-07-08
貸借 対照 表 確定 申告 書き方,170,26.0,Informational,N/A,確定申告 2026-07-08
贈与 した 側 確定 申告,170,21.0,Informational,N/A,確定申告 2026-07-08
越谷 確定 申告 レイク タウン,170,15.0,Informational,N/A,確定申告 2026-07-08
農業 収入 保険 確定 申告,170,9.0,Informational,N/A,確定申告 2026-07-08
退職 一時 金 確定 申告,170,17.0,Informational,N/A,確定申告 2026-07-08
退職 所得 確定 申告 書き方,170,26.0,"Informational, Transactional",N/A,確定申告 2026-07-08
退職 金 確定 申告 必要,170,23.0,Informational,N/A,確定申告 2026-07-08
還付 確定 申告 期限,170,23.0,Informational,N/A,確定申告 2026-07-08
那覇 市 確定 申告 場所,170,24.0,Informational,N/A,確定申告 2026-07-08
都民 税 確定 申告 控除,170,18.0,Informational,N/A,確定申告 2026-07-08
鎌倉 税務署 確定 申告,170,29.0,Informational,N/A,確定申告 2026-07-08
障害 年金 確定 申告 必要 か,170,4.0,Informational,N/A,確定申告 2026-07-08
障害 者 控除 確定 申告 書き方,170,17.0,Informational,N/A,確定申告 2026-07-08
雑 所得 確定 申告 経費,170,16.0,Informational,N/A,確定申告 2026-07-08
預金 利息 確定 申告,170,29.0,Informational,N/A,確定申告 2026-07-08
香典 確定 申告,170,16.0,Informational,N/A,確定申告 2026-07-08
高 年齢 雇用 継続 給付 金 確定 申告,170,13.0,Informational,N/A,確定申告 2026-07-08
高齢 者 確定 申告 必要,170,29.0,Informational,N/A,確定申告 2026-07-08
鶴岡 市 確定 申告,170,30.0,"Informational, Transactional",N/A,確定申告 2026-07-08
150 万 社会 保険 料,170,20.0,Informational,N/A,社会保険料 2026-07-08
4 5 6 月 社会 保険 料,170,18.0,Informational,N/A,社会保険料 2026-07-08
4 月 6 月 社会 保険 料,170,17.0,Informational,N/A,社会保険料 2026-07-08
パート の 社会 保険 料,170,20.0,Informational,N/A,社会保険料 2026-07-08
休職 中 社会 保険 料 いくら,170,8.0,Informational,N/A,社会保険料 2026-07-08
休職 期間 社会 保険 料,170,12.0,Informational,N/A,社会保険料 2026-07-08
会社 が 負担 する 社会 保険 料,170,28.0,Informational,N/A,社会保険料 2026-07-08
住民 税 は 社会 保険 料 か,170,24.0,Informational,N/A,社会保険料 2026-07-08
国民 健康 保険 料 と 社会 保険 料 の 違い,170,23.0,Informational,N/A,社会保険料 2026-07-08
外国 人 社会 保険 料,170,15.0,Informational,N/A,社会保険料 2026-07-08
年収 120 万 社会 保険 料,170,30.0,Informational,N/A,社会保険料 2026-07-08
年収 140 万 社会 保険 料,170,15.0,Informational,N/A,社会保険料 2026-07-08
年収 700 万 社会 保険 料,170,18.0,Informational,N/A,社会保険料 2026-07-08
役員 賞与 社会 保険 料 計算 シュミレーション,170,17.0,Informational,N/A,社会保険料 2026-07-08
所得税 社会 保険 料 計算,170,30.0,Informational,N/A,社会保険料 2026-07-08
月 の 途中 入社 社会 保険 料,170,10.0,Informational,N/A,社会保険料 2026-07-08
月 の 途中 退職 社会 保険 料,170,13.0,Informational,N/A,社会保険料 2026-07-08
月末 入社 社会 保険 料,170,14.0,Informational,N/A,社会保険料 2026-07-08
東京 社会 保険 料,170,24.0,Navigational,N/A,社会保険料 2026-07-08
派遣 の 社会 保険 料,170,12.0,Informational,N/A,社会保険料 2026-07-08
派遣 社会 保険 料,170,15.0,Informational,N/A,社会保険料 2026-07-08
源泉 徴収 票 社会 保険 料 2 段,170,12.0,Informational,N/A,社会保険料 2026-07-08
特定 口座 社会 保険 料,170,23.0,Informational,N/A,社会保険料 2026-07-08
産前 産後 休暇 社会 保険 料,170,11.0,Informational,N/A,社会保険料 2026-07-08
社会 保険 料 10 月 から,170,18.0,Informational,N/A,社会保険料 2026-07-08
社会 保険 料 15 万,170,24.0,Informational,N/A,社会保険料 2026-07-08
社会 保険 料 4 5 6 月,170,20.0,Informational,N/A,社会保険料 2026-07-08
社会 保険 料 と 国民 健康 保険 料 の 違い,170,28.0,Informational,N/A,社会保険料 2026-07-08
社会 保険 料 は 何 歳 まで 払う,170,19.0,Informational,N/A,社会保険料 2026-07-08
社会 保険 料 ダブル ワーク,170,10.0,Informational,N/A,社会保険料 2026-07-08
社会 保険 料 メリット,170,26.0,Informational,N/A,社会保険料 2026-07-08
社会 保険 料 上がる 理由,170,13.0,Informational,N/A,社会保険料 2026-07-08
社会 保険 料 中途 入社 標準 報酬 月額,170,10.0,Informational,N/A,社会保険料 2026-07-08
社会 保険 料 企業 負担,170,19.0,Informational,N/A,社会保険料 2026-07-08
社会 保険 料 何 割 負担,170,16.0,Informational,N/A,社会保険料 2026-07-08
社会 保険 料 値上がり,170,21.0,Informational,N/A,社会保険料 2026-07-08
社会 保険 料 勘定 科目 個人 事業 主,170,12.0,Informational,N/A,社会保険料 2026-07-08
社会 保険 料 口座 振替 依頼 書,170,22.0,Informational,N/A,社会保険料 2026-07-08
社会 保険 料 国民 年金 保険 料 違い,170,28.0,Informational,N/A,社会保険料 2026-07-08
社会 保険 料 基準 月,170,20.0,Informational,N/A,社会保険料 2026-07-08
社会 保険 料 安く なる,170,18.0,Informational,N/A,社会保険料 2026-07-08
社会 保険 料 山口 県,170,23.0,Navigational,N/A,社会保険料 2026-07-08
社会 保険 料 引き落とし 口座 変更,170,17.0,Informational,N/A,社会保険料 2026-07-08
社会 保険 料 所得税 計算,170,28.0,Informational,N/A,社会保険料 2026-07-08
社会 保険 料 支払 タイミング,170,21.0,Informational,N/A,社会保険料 2026-07-08
社会 保険 料 改正,170,26.0,Informational,N/A,社会保険料 2026-07-08
社会 保険 料 月 の 途中 で 退職,170,14.0,Informational,N/A,社会保険料 2026-07-08
社会 保険 料 未納,170,8.0,Informational,N/A,社会保険料 2026-07-08
社会 保険 料 源泉 徴収 票,170,16.0,Informational,N/A,社会保険料 2026-07-08
社会 保険 料 算定 基準,170,25.0,Informational,N/A,社会保険料 2026-07-08
社会 保険 料 算定 基礎,170,24.0,Informational,N/A,社会保険料 2026-07-08
社会 保険 料 算定 基礎 届,170,18.0,Informational,N/A,社会保険料 2026-07-08
社会 保険 料 納入 告知 書,170,22.0,Informational,N/A,社会保険料 2026-07-08
社会 保険 料 給料 の 何 割,170,25.0,Informational,N/A,社会保険料 2026-07-08
社会 保険 料 給料 計算,170,24.0,Informational,N/A,社会保険料 2026-07-08
社会 保険 料 見直し 時期,170,15.0,Informational,N/A,社会保険料 2026-07-08
社会 保険 料 計算 パート,170,17.0,Informational,N/A,社会保険料 2026-07-08
社会 保険 料 試算,170,29.0,Informational,N/A,社会保険料 2026-07-08
社会 保険 料 負担 割合,170,29.0,Informational,N/A,社会保険料 2026-07-08
社会 保険 料 返っ て くる,170,14.0,Informational,N/A,社会保険料 2026-07-08
社会 保険 料 逆 進 性,170,21.0,Informational,N/A,社会保険料 2026-07-08
社会 保険 料 随時 改定 いつから,170,15.0,Informational,N/A,社会保険料 2026-07-08
社会 保険 料 非課税,170,15.0,Informational,N/A,社会保険料 2026-07-08
福岡 県 社会 保険 料,170,30.0,"Informational, Navigational",N/A,社会保険料 2026-07-08
給与 明細 社会 保険 料,170,20.0,Informational,N/A,社会保険料 2026-07-08
給料 30 万 社会 保険 料,170,19.0,Informational,N/A,社会保険料 2026-07-08
給料 社会 保険 料 計算,170,30.0,Informational,N/A,社会保険料 2026-07-08
給料 計算 社会 保険 料,170,28.0,Informational,N/A,社会保険料 2026-07-08
老後 社会 保険 料 シミュレーション,170,24.0,Informational,N/A,社会保険料 2026-07-08
育休 中 賞与 社会 保険 料,170,4.0,Informational,N/A,社会保険料 2026-07-08
転職 社会 保険 料 変わる,170,17.0,Informational,N/A,社会保険料 2026-07-08
12 月 年末 調整,140,25.0,Informational,N/A,年末調整 2026-07-08
9 月 退職 年末 調整,140,28.0,Informational,N/A,年末調整 2026-07-08
aig 損害 保険 年末 調整 書き方,140,16.0,Informational,N/A,年末調整 2026-07-08
ideco 年末 調整 忘れ た,140,19.0,Informational,N/A,年末調整 2026-07-08
ideco 年末 調整 確定 申告,140,20.0,Informational,N/A,年末調整 2026-07-08
ideco 年末 調整 確定 申告 どっち,140,17.0,Informational,N/A,年末調整 2026-07-08
ひまわり 生命 年末 調整,140,21.0,Navigational,N/A,年末調整 2026-07-08
アイシン 年末 調整,140,21.0,"Informational, Transactional",N/A,年末調整 2026-07-08
アクサ 生命 年末 調整 書き方,140,17.0,Navigational,N/A,年末調整 2026-07-08
セコム 年末 調整,140,15.0,Commercial,N/A,年末調整 2026-07-08
バイク 保険 年末 調整,140,17.0,Informational,N/A,年末調整 2026-07-08
バイト 辞め た 年末 調整,140,21.0,Informational,N/A,年末調整 2026-07-08
パソナ 年末 調整,140,23.0,Navigational,N/A,年末調整 2026-07-08
パート 所得税 年末 調整,140,20.0,Informational,N/A,年末調整 2026-07-08
ホット スタッフ 年末 調整,140,20.0,Informational,N/A,年末調整 2026-07-08
三井 住友 海上 年末 調整,140,19.0,Navigational,N/A,年末調整 2026-07-08
不動産 所得 年末 調整,140,11.0,Informational,N/A,年末調整 2026-07-08
中途 退職 年末 調整,140,29.0,Informational,N/A,年末調整 2026-07-08
介護 保険 控除 年末 調整,140,16.0,Informational,N/A,年末調整 2026-07-08
仕事 掛け持ち 年末 調整,140,26.0,Informational,N/A,年末調整 2026-07-08
任意 継続 保険 料 年末 調整,140,12.0,Informational,N/A,年末調整 2026-07-08
休職 中 の 年末 調整,140,11.0,Informational,N/A,年末調整 2026-07-08
会社 の 年末 調整 と 確定 申告,140,29.0,Informational,N/A,年末調整 2026-07-08
会社 員 ふるさと 納税 年末 調整,140,19.0,Informational,N/A,年末調整 2026-07-08
会社 年末 調整 いつまで,140,20.0,Informational,N/A,年末調整 2026-07-08
会社 役員 年末 調整,140,21.0,Informational,N/A,年末調整 2026-07-08
住宅 ローン 2 年 目 年末 調整,140,23.0,Informational,N/A,年末調整 2026-07-08
住宅 ローン 借り換え 年末 調整,140,25.0,Informational,N/A,年末調整 2026-07-08
住宅 ローン 控除 借り換え 年末 調整,140,24.0,Informational,N/A,年末調整 2026-07-08
住宅 ローン 控除 年末 調整 還付 金 いつ,140,9.0,Informational,N/A,年末調整 2026-07-08
個人 事業 主 年末 調整 やり方,140,16.0,Informational,N/A,年末調整 2026-07-08
個人 事業 主 年末 調整 専従 者 給与,140,15.0,Informational,N/A,年末調整 2026-07-08
共働き 年末 調整 書き方,140,14.0,Informational,N/A,年末調整 2026-07-08
共済 年末 調整 書き方,140,15.0,Informational,N/A,年末調整 2026-07-08
内職 年末 調整,140,24.0,Informational,N/A,年末調整 2026-07-08
副業 年末 調整 しない,140,22.0,Informational,N/A,年末調整 2026-07-08
団 信 年末 調整,140,18.0,Informational,N/A,年末調整 2026-07-08
地震 保険 料 年末 調整,140,22.0,Informational,N/A,年末調整 2026-07-08
太陽 生命 年末 調整 書き方,140,25.0,Informational,N/A,年末調整 2026-07-08
夫 の 扶養 年末 調整,140,30.0,Informational,N/A,年末調整 2026-07-08
夫 無職 妻 パート 年末 調整,140,20.0,Informational,N/A,年末調整 2026-07-08
失業 保険 年末 調整 ばれる,140,15.0,Informational,N/A,年末調整 2026-07-08
家賃 収入 年末 調整,140,12.0,Informational,N/A,年末調整 2026-07-08
専従 者 年末 調整,140,20.0,Informational,N/A,年末調整 2026-07-08
年 の 途中 で 退職 年末 調整,140,21.0,Informational,N/A,年末調整 2026-07-08
年 の 途中 退職 年末 調整,140,28.0,Informational,N/A,年末調整 2026-07-08
年末 調整 10 月,140,28.0,Informational,N/A,年末調整 2026-07-08
年末 調整 2 月,140,30.0,Informational,N/A,年末調整 2026-07-08
年末 調整 いつ 来る,140,26.0,Informational,N/A,年末調整 2026-07-08
年末 調整 いつ 頃,140,28.0,Informational,N/A,年末調整 2026-07-08
年末 調整 どのくらい 返っ て くる,140,21.0,Informational,N/A,年末調整 2026-07-08
年末 調整 の 達人 マニュアル,140,12.0,Informational,N/A,年末調整 2026-07-08
年末 調整 の 還付 金,140,25.0,Informational,N/A,年末調整 2026-07-08
年末 調整 は いつ 入る,140,20.0,Informational,N/A,年末調整 2026-07-08
年末 調整 やら ない,140,18.0,Informational,N/A,年末調整 2026-07-08
年末 調整 やり直し 税務署,140,23.0,Informational,N/A,年末調整 2026-07-08
年末 調整 やり直し 過年度,140,22.0,Informational,N/A,年末調整 2026-07-08
年末 調整 アウトソーシング,140,14.0,Informational,N/A,年末調整 2026-07-08
年末 調整 ソフト フリー,140,27.0,Informational,N/A,年末調整 2026-07-08
年末 調整 バレる,140,15.0,Informational,N/A,年末調整 2026-07-08
年末 調整 パソコン,140,25.0,"Informational, Transactional",N/A,年末調整 2026-07-08
年末 調整 パソナ,140,23.0,Informational,N/A,年末調整 2026-07-08
年末 調整 パート 103 万 以上 書き方,140,24.0,Informational,N/A,年末調整 2026-07-08
年末 調整 パート 所得税,140,29.0,Informational,N/A,年末調整 2026-07-08
年末 調整 パート 確定 申告,140,30.0,Informational,N/A,年末調整 2026-07-08
年末 調整 一般 生命 保険 介護 医療 保険 両方,140,15.0,Informational,N/A,年末調整 2026-07-08
年末 調整 世帯 主 共働き,140,15.0,Informational,N/A,年末調整 2026-07-08
年末 調整 世帯 主 同棲,140,19.0,Informational,N/A,年末調整 2026-07-08
年末 調整 中途 入社 源泉 徴収 票 書き方,140,17.0,Informational,N/A,年末調整 2026-07-08
年末 調整 介護 保険 控除,140,20.0,Informational,N/A,年末調整 2026-07-08
年末 調整 企業 年金,140,12.0,Informational,N/A,年末調整 2026-07-08
年末 調整 住宅 ローン 借り換え,140,25.0,Informational,N/A,年末調整 2026-07-08
年末 調整 住宅 ローン 控除 いつ 戻っ て くる,140,18.0,Informational,N/A,年末調整 2026-07-08
年末 調整 住民 税 還付,140,18.0,Informational,N/A,年末調整 2026-07-08
年末 調整 保存 期間,140,21.0,Informational,N/A,年末調整 2026-07-08
年末 調整 保管 期間,140,25.0,Informational,N/A,年末調整 2026-07-08
年末 調整 保険 の 種類 と は,140,19.0,Informational,N/A,年末調整 2026-07-08
年末 調整 保険 料 上限,140,28.0,Informational,N/A,年末調整 2026-07-08
年末 調整 保険 料 控除 受取 人,140,22.0,Informational,N/A,年末調整 2026-07-08
年末 調整 保険 料 控除 国民 健康 保険,140,21.0,Informational,N/A,年末調整 2026-07-08
年末 調整 保険 料 控除 契約 者 子供,140,21.0,Informational,N/A,年末調整 2026-07-08
年末 調整 保険 料 控除 忘れ た 確定 申告,140,12.0,Informational,N/A,年末調整 2026-07-08
年末 調整 保険 料 控除 証明 書 貼り 方,140,13.0,Informational,N/A,年末調整 2026-07-08
年末 調整 保険 新旧,140,27.0,Informational,N/A,年末調整 2026-07-08
年末 調整 保険 等 の 種類 長い,140,26.0,Informational,N/A,年末調整 2026-07-08
年末 調整 保険 金 受取 人,140,26.0,Informational,N/A,年末調整 2026-07-08
年末 調整 共済 掛金 払込 証明 書,140,17.0,Informational,N/A,年末調整 2026-07-08
年末 調整 内職,140,20.0,Informational,N/A,年末調整 2026-07-08
年末 調整 再 計算,140,20.0,Informational,N/A,年末調整 2026-07-08
年末 調整 前 職 源泉 徴収 票 間に合わ ない,140,23.0,Informational,N/A,年末調整 2026-07-08
年末 調整 印鑑 不要,140,11.0,Informational,N/A,年末調整 2026-07-08
年末 調整 収入 手取り,140,26.0,Informational,N/A,年末調整 2026-07-08
年末 調整 受取 人,140,17.0,Informational,N/A,年末調整 2026-07-08
年末 調整 団体 保険 書き方,140,23.0,Informational,N/A,年末調整 2026-07-08
年末 調整 夫 の 扶養,140,26.0,Informational,N/A,年末調整 2026-07-08
年末 調整 夫婦 共働き,140,13.0,Informational,N/A,年末調整 2026-07-08
年末 調整 子供,140,27.0,Informational,N/A,年末調整 2026-07-08
年末 調整 学生 証,140,18.0,Informational,N/A,年末調整 2026-07-08
年末 調整 専従 者,140,20.0,Informational,N/A,年末調整 2026-07-08
年末 調整 専従 者 給与,140,20.0,Informational,N/A,年末調整 2026-07-08
年末 調整 市 区 町村 長,140,17.0,Informational,N/A,年末調整 2026-07-08
年末 調整 年収 2000 万,140,19.0,Informational,N/A,年末調整 2026-07-08
年末 調整 年収 と は,140,30.0,Informational,N/A,年末調整 2026-07-08
年末 調整 引っ越し 住所,140,14.0,Informational,N/A,年末調整 2026-07-08
年末 調整 従 たる 給与,140,11.0,Informational,N/A,年末調整 2026-07-08
年末 調整 戻っ て くる いつ,140,22.0,Informational,N/A,年末調整 2026-07-08
年末 調整 戻り 金 いつ,140,25.0,Informational,N/A,年末調整 2026-07-08
年末 調整 所得 手取り,140,29.0,Informational,N/A,年末調整 2026-07-08
年末 調整 所得 見積 額 計算,140,30.0,Informational,N/A,年末調整 2026-07-08
年末 調整 所轄 税務署,140,22.0,Informational,N/A,年末調整 2026-07-08
年末 調整 扶養 保険 料 控除,140,27.0,Informational,N/A,年末調整 2026-07-08
年末 調整 扶養 控除 いくら 戻る,140,26.0,Informational,N/A,年末調整 2026-07-08
年末 調整 控除 保険,140,26.0,Informational,N/A,年末調整 2026-07-08
年末 調整 控除 証明 書 貼り 方,140,12.0,Informational,N/A,年末調整 2026-07-08
年末 調整 損害 保険 料,140,22.0,Informational,N/A,年末調整 2026-07-08
年末 調整 新卒 バイト,140,14.0,Informational,N/A,年末調整 2026-07-08
年末 調整 新旧 区分,140,22.0,Informational,N/A,年末調整 2026-07-08
年末 調整 明治 安田 生命,140,17.0,Navigational,N/A,年末調整 2026-07-08
年末 調整 明細 書,140,30.0,Informational,N/A,年末調整 2026-07-08
年末 調整 書か ない と どうなる,140,15.0,Informational,N/A,年末調整 2026-07-08
年末 調整 書き方 わかり やすく,140,26.0,Informational,N/A,年末調整 2026-07-08
年末 調整 書き方 アルバイト 学生,140,30.0,Informational,N/A,年末調整 2026-07-08
年末 調整 書き方 県民 共済,140,13.0,Informational,N/A,年末調整 2026-07-08
年末 調整 書き方 第 一 生命,140,22.0,Navigational,N/A,年末調整 2026-07-08
年末 調整 書類 出し 忘れ,140,15.0,Informational,N/A,年末調整 2026-07-08
年末 調整 書類 訂正 方法,140,18.0,Informational,N/A,年末調整 2026-07-08
年末 調整 残業 代,140,14.0,Informational,N/A,年末調整 2026-07-08
年末 調整 源泉 徴収 票 コピー でも いい,140,15.0,Informational,N/A,年末調整 2026-07-08
年末 調整 源泉 控除 対象 配偶 者 と は,140,26.0,Informational,N/A,年末調整 2026-07-08
年末 調整 甲 欄 乙 欄,140,23.0,Informational,N/A,年末調整 2026-07-08
年末 調整 確定 申告 自分 で,140,26.0,Informational,N/A,年末調整 2026-07-08
年末 調整 確定 申告 転職,140,23.0,Informational,N/A,年末調整 2026-07-08
年末 調整 社会 保険 料 控除 国民 健康 保険 書き方,140,29.0,Informational,N/A,年末調整 2026-07-08
年末 調整 社会 保険 料 書き方,140,21.0,Informational,N/A,年末調整 2026-07-08
年末 調整 神 ツール,140,20.0,Informational,N/A,年末調整 2026-07-08
年末 調整 税理士 費用,140,4.0,Informational,N/A,年末調整 2026-07-08
年末 調整 終身 保険,140,19.0,Informational,N/A,年末調整 2026-07-08
年末 調整 給与 所得 ボーナス,140,19.0,Informational,N/A,年末調整 2026-07-08
年末 調整 続柄 夫,140,24.0,Informational,N/A,年末調整 2026-07-08
年末 調整 訂正 方法,140,23.0,Informational,N/A,年末調整 2026-07-08
年末 調整 訂正 赤 ペン,140,15.0,Informational,N/A,年末調整 2026-07-08
年末 調整 返っ て くる いつ,140,22.0,Informational,N/A,年末調整 2026-07-08
年末 調整 返っ て くる 人,140,24.0,Informational,N/A,年末調整 2026-07-08
年末 調整 返還,140,26.0,Informational,N/A,年末調整 2026-07-08
年末 調整 通勤 費,140,19.0,Informational,N/A,年末調整 2026-07-08
年末 調整 過 不足 マイナス,140,23.0,Informational,N/A,年末調整 2026-07-08
年末 調整 還付 勘定 科目,140,19.0,Informational,N/A,年末調整 2026-07-08
年末 調整 還付 未済 額 仕訳,140,13.0,Informational,N/A,年末調整 2026-07-08
年末 調整 還付 金 どのくらい,140,23.0,Informational,N/A,年末調整 2026-07-08
年末 調整 郵送,140,22.0,Informational,N/A,年末調整 2026-07-08
年末 調整 配偶 者 情報,140,20.0,Informational,N/A,年末調整 2026-07-08
年末 調整 配偶 者 控除 いくら 戻る,140,30.0,Informational,N/A,年末調整 2026-07-08
年末 調整 間違い 確定 申告,140,29.0,Informational,N/A,年末調整 2026-07-08
年末 退職 年末 調整,140,20.0,Informational,N/A,年末調整 2026-07-08
年末調整 12月給与 増える,140,30.0,Informational,N/A,年末調整 2026-07-08
年末調整 ideco 記入欄,140,17.0,Informational,N/A,年末調整 2026-07-08
年末調整 ひとり親 寡婦,140,29.0,Informational,N/A,年末調整 2026-07-08
年末調整 ダブルワーク どっち,140,27.0,Informational,N/A,年末調整 2026-07-08
年末調整 医療費控除 いくら戻る,140,26.0,Informational,N/A,年末調整 2026-07-08
年末調整 収入金額と所得金額の違い,140,30.0,Informational,N/A,年末調整 2026-07-08
年末調整 確定申告するなら不要,140,24.0,Informational,N/A,年末調整 2026-07-08
年末調整申告書クラウド ログイン画面,140,11.0,Informational,N/A,年末調整 2026-07-08
年末調整給与所得以外の所得とは,140,14.0,Informational,N/A,年末調整 2026-07-08
年末調整過不足額 マイナス表記,140,21.0,Informational,N/A,年末調整 2026-07-08
弥生 会計 年末 調整,140,25.0,Navigational,N/A,年末調整 2026-07-08
所轄 税務署 長 年末 調整,140,24.0,Informational,N/A,年末調整 2026-07-08
掛け持ち パート 年末 調整,140,15.0,Informational,N/A,年末調整 2026-07-08
損保 ジャパン 火災 保険 年末 調整,140,26.0,Navigational,N/A,年末調整 2026-07-08
損害 保険 料 年末 調整,140,29.0,Informational,N/A,年末調整 2026-07-08
日本 生命 個人 年金 年末 調整,140,28.0,Navigational,N/A,年末調整 2026-07-08
本業 年末 調整 副業 確定 申告,140,29.0,Informational,N/A,年末調整 2026-07-08
東京 海上 日動 あんしん 生命 年末 調整,140,20.0,"Informational, Transactional",N/A,年末調整 2026-07-08
法人 年末 調整 提出 書類,140,19.0,Informational,N/A,年末調整 2026-07-08
派遣 会社 年末 調整,140,15.0,Informational,N/A,年末調整 2026-07-08
源泉 徴収 税額 0 円 年末 調整,140,23.0,Informational,N/A,年末調整 2026-07-08
火災 保険 料 年末 調整,140,15.0,Informational,N/A,年末調整 2026-07-08
独身 年末 調整,140,21.0,Informational,N/A,年末調整 2026-07-08
生命 保険 料 年末 調整,140,23.0,Informational,N/A,年末調整 2026-07-08
甲 欄 年末 調整 しない,140,18.0,Informational,N/A,年末調整 2026-07-08
相続 税 年末 調整,140,7.0,Informational,N/A,年末調整 2026-07-08
確定 年金 年末 調整 書き方,140,28.0,Informational,N/A,年末調整 2026-07-08
確定 拠出 年金 年末 調整 いくら 戻る,140,13.0,Informational,N/A,年末調整 2026-07-08
社会 保険 の 種類 と は 年末 調整,140,22.0,Informational,N/A,年末調整 2026-07-08
社労士 年末 調整,140,7.0,Informational,N/A,年末調整 2026-07-08
税務署 年末 調整 説明 会,140,20.0,Informational,N/A,年末調整 2026-07-08
税理士 年末 調整,140,13.0,Informational,N/A,年末調整 2026-07-08
第 一 生命 年末 調整 ハガキ,140,26.0,Navigational,N/A,年末調整 2026-07-08
給与 明細 年末 調整,140,23.0,Informational,N/A,年末調整 2026-07-08
給料 王 年末 調整,140,16.0,"Informational, Navigational",N/A,年末調整 2026-07-08
育休 明け 年末 調整,140,15.0,Informational,N/A,年末調整 2026-07-08
賃貸 地震 保険 年末 調整,140,15.0,Informational,N/A,年末調整 2026-07-08
車 保険 年末 調整,140,16.0,Informational,N/A,年末調整 2026-07-08
転職 年末 調整 前 職 分,140,24.0,Informational,N/A,年末調整 2026-07-08
転職 年末 調整 確定 申告,140,25.0,Informational,N/A,年末調整 2026-07-08
辞め た バイト 年末 調整,140,20.0,Informational,N/A,年末調整 2026-07-08
退職 所得 年末 調整 書き方,140,23.0,Informational,N/A,年末調整 2026-07-08
退職 時 年末 調整,140,28.0,Informational,N/A,年末調整 2026-07-08
退職 金 は 年末 調整 の 対象 か,140,24.0,Informational,N/A,年末調整 2026-07-08
還付 金 年末 調整,140,30.0,Informational,N/A,年末調整 2026-07-08
都 道府県 民 共済 年末 調整,140,18.0,Informational,N/A,年末調整 2026-07-08
障害年金 年末調整 書き方,140,29.0,Informational,N/A,年末調整 2026-07-08
青色 事業 専従 者 年末 調整,140,16.0,Informational,N/A,年末調整 2026-07-08
高額 医療 費 制度 年末 調整,140,23.0,Informational,N/A,年末調整 2026-07-08
ボーナス 税金 計算 方法,140,25.0,Informational,N/A,税金計算 2026-07-07
仮想 通貨 税金 計算 アプリ,140,24.0,Informational,N/A,税金計算 2026-07-07
個人 年金 の 税金 計算,140,20.0,Informational,N/A,税金計算 2026-07-07
個人 年金 税金 計算,140,20.0,Informational,N/A,税金計算 2026-07-07
為替 差益 税金 計算 方法,140,29.0,Informational,N/A,税金計算 2026-07-07
確定 拠出 年金 一時 金 税金 計算,140,11.0,Informational,N/A,税金計算 2026-07-07
税金 延滞 金 計算,140,28.0,Informational,N/A,税金計算 2026-07-07
賞与 税金 計算 方法,140,26.0,Informational,N/A,税金計算 2026-07-07
預金 利息 税金 計算,140,24.0,Informational,N/A,税金計算 2026-07-07
預金 利息 計算 税金,140,25.0,Informational,N/A,税金計算 2026-07-07
12 月 31 日 退職 確定 申告,140,23.0,Informational,N/A,確定申告 2026-07-08
12 月末 退職 確定 申告,140,13.0,Informational,N/A,確定申告 2026-07-08
3 月 に 退職 確定 申告,140,30.0,Informational,N/A,確定申告 2026-07-08
bybit 確定 申告,140,20.0,"Informational, Transactional",N/A,確定申告 2026-07-08
excel 確定 申告 テンプレート,140,22.0,Informational,N/A,確定申告 2026-07-08
fx 取引 確定 申告,140,30.0,Informational,N/A,確定申告 2026-07-08
fx 損失 確定 申告 忘れ,140,19.0,Informational,N/A,確定申告 2026-07-08
fx 確定 申告 しない と どうなる,140,19.0,Informational,N/A,確定申告 2026-07-08
fx 確定 申告 スワップ,140,14.0,Informational,N/A,確定申告 2026-07-08
ja 共済 確定 申告,140,22.0,Navigational,N/A,確定申告 2026-07-08
line 証券 確定 申告,140,16.0,Navigational,N/A,確定申告 2026-07-08
note 確定 申告,140,26.0,Informational,N/A,確定申告 2026-07-08
sbi 証券 確定 申告 不要,140,30.0,Informational,N/A,確定申告 2026-07-08
suzuri 確定 申告,140,21.0,"Navigational, Transactional",N/A,確定申告 2026-07-08
tob 確定 申告,140,24.0,Informational,N/A,確定申告 2026-07-08
vtuber 確定 申告,140,9.0,Informational,N/A,確定申告 2026-07-08
youtube 確定 申告 いくら から,140,11.0,Informational,N/A,確定申告 2026-07-08
お 墓 購入 確定 申告,140,9.0,Informational,N/A,確定申告 2026-07-08
かんぽ 生命 養老 保険 満期 確定 申告,140,27.0,Informational,N/A,確定申告 2026-07-08
さいたま 市 確定 申告 相談,140,30.0,Informational,N/A,確定申告 2026-07-08
すばる ホール 確定 申告,140,13.0,Informational,N/A,確定申告 2026-07-08
ふるさと 納税 ワンス トップ 特例 確定 申告,140,30.0,Informational,N/A,確定申告 2026-07-08
ふるさと 納税 確定 申告 公務員,140,17.0,Informational,N/A,確定申告 2026-07-08
ふるさと 納税 確定 申告 後,140,21.0,Informational,N/A,確定申告 2026-07-08
ふるさと 納税 確定 申告 所得税 住民 税 割合,140,25.0,Informational,N/A,確定申告 2026-07-08
みんなの 確定 申告,140,15.0,Navigational,N/A,確定申告 2026-07-08
アメリカ 確定 申告 時期,140,9.0,Informational,N/A,確定申告 2026-07-08
アルバイト 掛け持ち 確定 申告 やり方,140,23.0,Informational,N/A,確定申告 2026-07-08
ウーバー イーツ 確定 申告 学生,140,12.0,Informational,N/A,確定申告 2026-07-08
エアコン 確定 申告,140,16.0,Informational,N/A,確定申告 2026-07-08
カルク 確定 申告,140,25.0,Navigational,N/A,確定申告 2026-07-08
コイン チェック 確定 申告 やり方,140,20.0,Informational,N/A,確定申告 2026-07-08
コンタクト レンズ 確定 申告,140,12.0,Informational,N/A,確定申告 2026-07-08
コンタクト 確定 申告,140,17.0,Informational,N/A,確定申告 2026-07-08
コープ 共済 確定 申告,140,25.0,Navigational,N/A,確定申告 2026-07-08
コープ 共済 確定 申告 書き方,140,29.0,Informational,N/A,確定申告 2026-07-08
サラリーマン 不動産 投資 確定 申告,140,9.0,Informational,N/A,確定申告 2026-07-08
シビック センター 確定 申告,140,14.0,Informational,N/A,確定申告 2026-07-08
ストック オプション 確定 申告 やり方,140,30.0,Informational,N/A,確定申告 2026-07-08
ストック オプション 確定 申告 必要 書類,140,27.0,Informational,N/A,確定申告 2026-07-08
スナック バイト 確定 申告,140,6.0,Informational,N/A,確定申告 2026-07-08
セミナー 確定 申告,140,22.0,Informational,N/A,確定申告 2026-07-08
ダブル ワーク 確定 申告 20 万 以下,140,29.0,Informational,N/A,確定申告 2026-07-08
ハンドメイド 副業 確定 申告,140,11.0,Informational,N/A,確定申告 2026-07-08
バイト 収入 確定 申告,140,18.0,Informational,N/A,確定申告 2026-07-08
バイト 手渡し 確定 申告,140,14.0,Informational,N/A,確定申告 2026-07-08
バイト 掛け持ち 確定 申告 学生,140,20.0,Informational,N/A,確定申告 2026-07-08
パチプロ 確定 申告,140,25.0,Informational,N/A,確定申告 2026-07-08
パート ダブル ワーク 確定 申告,140,27.0,Informational,N/A,確定申告 2026-07-08
ビット バンク 確定 申告,140,16.0,Informational,N/A,確定申告 2026-07-08
フリマ 売上 確定 申告,140,19.0,Informational,N/A,確定申告 2026-07-08
フリー ランス の 確定 申告,140,24.0,Informational,N/A,確定申告 2026-07-08
フリー ランス 源泉 徴収 され て いる 確定 申告,140,19.0,Informational,N/A,確定申告 2026-07-08
ポイント 投資 確定 申告,140,23.0,Informational,N/A,確定申告 2026-07-08
マイニング 確定 申告,140,23.0,Informational,N/A,確定申告 2026-07-08
マネックス 証券 確定 申告,140,25.0,Navigational,N/A,確定申告 2026-07-08
マネー フォワード me 確定 申告,140,29.0,Navigational,N/A,確定申告 2026-07-08
マンション 売却 確定 申告 不要,140,14.0,Informational,N/A,確定申告 2026-07-08
マンション 売却 税金 確定 申告,140,17.0,Informational,N/A,確定申告 2026-07-08
メルカリ 確定 申告 必要,140,18.0,Informational,N/A,確定申告 2026-07-08
ユーチュー バー 確定 申告,140,9.0,Informational,N/A,確定申告 2026-07-08
リフレ 嬢 確定 申告,140,8.0,Informational,N/A,確定申告 2026-07-08
レシート スキャン 確定 申告,140,24.0,Informational,N/A,確定申告 2026-07-08
レーシック 確定 申告,140,13.0,Informational,N/A,確定申告 2026-07-08
ワンス トップ 特例 制度 確定 申告 併用,140,25.0,Informational,N/A,確定申告 2026-07-08
ワンス トップ 確定 申告 併用,140,29.0,Informational,N/A,確定申告 2026-07-08
一宮 確定 申告,140,26.0,Informational,N/A,確定申告 2026-07-08
一時払い 終身 保険 確定 申告,140,27.0,Informational,N/A,確定申告 2026-07-08
一般 口座 確定 申告 20 万 円 以下 住民 税,140,25.0,Informational,N/A,確定申告 2026-07-08
三田 市 確定 申告,140,20.0,Informational,N/A,確定申告 2026-07-08
下野 市 確定 申告,140,18.0,Informational,N/A,確定申告 2026-07-08
不動産 収入 確定 申告 いくら から,140,14.0,Informational,N/A,確定申告 2026-07-08
不動産 売却 益 確定 申告,140,26.0,Informational,N/A,確定申告 2026-07-08
不動産 確定 申告 やり方,140,23.0,Informational,N/A,確定申告 2026-07-08
不動産 賃貸 収入 確定 申告,140,23.0,Informational,N/A,確定申告 2026-07-08
世帯 主 確定 申告,140,25.0,Informational,N/A,確定申告 2026-07-08
丙 欄 確定 申告 不要,140,27.0,Informational,N/A,確定申告 2026-07-08
中古 住宅 購入 確定 申告 必要 書類,140,6.0,Informational,N/A,確定申告 2026-07-08
中古 物件 購入 確定 申告,140,9.0,Informational,N/A,確定申告 2026-07-08
中途 退職 確定 申告 書き方,140,29.0,Informational,N/A,確定申告 2026-07-08
丹波 市 確定 申告 会場,140,24.0,Informational,N/A,確定申告 2026-07-08
亀山 市 確定 申告,140,17.0,Informational,N/A,確定申告 2026-07-08
予備 自衛 官 手当 確定 申告,140,17.0,Informational,N/A,確定申告 2026-07-08
予定 納税 確定 申告 書き方,140,23.0,Informational,N/A,確定申告 2026-07-08
交通 事故 慰謝 料 確定 申告,140,12.0,Informational,N/A,確定申告 2026-07-08
伊丹 市 確定 申告,140,23.0,Informational,N/A,確定申告 2026-07-08
会社 から 株 を もらっ た 確定 申告,140,30.0,Informational,N/A,確定申告 2026-07-08
会社 で 確定 申告,140,28.0,Informational,N/A,確定申告 2026-07-08
会計士 確定 申告,140,9.0,Informational,N/A,確定申告 2026-07-08
住宅 ローン 初 年度 確定 申告 必要 書類,140,29.0,Informational,N/A,確定申告 2026-07-08
住宅 ローン 控除 確定 申告 添付 書類,140,27.0,Informational,N/A,確定申告 2026-07-08
住宅 ローン 確定 申告 住民 票,140,24.0,Informational,N/A,確定申告 2026-07-08
住宅 購入 初 年度 確定 申告,140,24.0,Informational,N/A,確定申告 2026-07-08
住所 変更 確定 申告,140,28.0,Informational,N/A,確定申告 2026-07-08
住民 税 の 確定 申告 と は,140,24.0,Informational,N/A,確定申告 2026-07-08
住民 税 確定 申告 不要,140,19.0,Informational,N/A,確定申告 2026-07-08
保険 の 解約 金 確定 申告,140,15.0,Informational,N/A,確定申告 2026-07-08
保険 返戻 金 確定 申告,140,17.0,Informational,N/A,確定申告 2026-07-08
保険 還付 金 確定 申告,140,29.0,Informational,N/A,確定申告 2026-07-08
信用 取引 確定 申告,140,21.0,Informational,N/A,確定申告 2026-07-08
個人 事業 主 から 会社 員 確定 申告,140,19.0,Informational,N/A,確定申告 2026-07-08
個人 事業 主 アルバイト 確定 申告,140,20.0,Informational,N/A,確定申告 2026-07-08
個人 事業 主 扶養 内 確定 申告,140,19.0,Informational,N/A,確定申告 2026-07-08
個人 事業 主 確定 申告 しない,140,15.0,Informational,N/A,確定申告 2026-07-08
個人 事業 主 確定 申告 シュミレーション,140,26.0,Informational,N/A,確定申告 2026-07-08
個人 事業 主 確定 申告 白色,140,29.0,Informational,N/A,確定申告 2026-07-08
個人 事業 主 確定 申告 還付 金,140,27.0,Informational,N/A,確定申告 2026-07-08
個人 年金 受給 確定 申告,140,27.0,Informational,N/A,確定申告 2026-07-08
債券 確定 申告,140,24.0,Informational,N/A,確定申告 2026-07-08
傷害 保険 確定 申告,140,27.0,Informational,N/A,確定申告 2026-07-08
傷病 手当 金 確定 申告 必要,140,11.0,Informational,N/A,確定申告 2026-07-08
入院 保険 金 確定 申告,140,19.0,Informational,N/A,確定申告 2026-07-08
八尾 税務署 確定 申告 期間,140,18.0,Informational,N/A,確定申告 2026-07-08
八幡 市 確定 申告,140,25.0,Informational,N/A,確定申告 2026-07-08
八王子 確定 申告,140,22.0,Informational,N/A,確定申告 2026-07-08
公務員 確定 申告 ふるさと 納税,140,18.0,Informational,N/A,確定申告 2026-07-08
内職 確定 申告 いくら から,140,23.0,Informational,N/A,確定申告 2026-07-08
再 就職 手当 確定 申告,140,13.0,Informational,N/A,確定申告 2026-07-08
副業 の 確定 申告 必要 書類,140,28.0,Informational,N/A,確定申告 2026-07-08
副業 ハンドメイド 確定 申告,140,11.0,Informational,N/A,確定申告 2026-07-08
副業 確定 申告 シュミレーション,140,23.0,Informational,N/A,確定申告 2026-07-08
労働 保険 確定 申告,140,23.0,Informational,N/A,確定申告 2026-07-08
北沢 税務署 確定 申告 相談,140,27.0,Informational,N/A,確定申告 2026-07-08
医療 費 控除 確定 申告 年金 受給 者,140,18.0,Informational,N/A,確定申告 2026-07-08
医療 費 確定 申告 計算,140,25.0,Informational,N/A,確定申告 2026-07-08
医療 費 還付 金 確定 申告,140,12.0,Informational,N/A,確定申告 2026-07-08
十日町 市 確定 申告,140,28.0,"Informational, Transactional",N/A,確定申告 2026-07-08
千葉 東 税務署 確定 申告,140,26.0,"Informational, Transactional",N/A,確定申告 2026-07-08
半田 確定 申告,140,28.0,Informational,N/A,確定申告 2026-07-08
同人 活動 確定 申告,140,14.0,Informational,N/A,確定申告 2026-07-08
固定 資産 税 確定 申告 個人,140,20.0,Informational,N/A,確定申告 2026-07-08
国債 の 利子 確定 申告,140,29.0,Informational,N/A,確定申告 2026-07-08
国民 共済 確定 申告,140,30.0,"Informational, Navigational",N/A,確定申告 2026-07-08
国民 年金 追 納 確定 申告,140,28.0,Informational,N/A,確定申告 2026-07-08
国民 年金 還付 確定 申告,140,25.0,Informational,N/A,確定申告 2026-07-08
土地 収用 確定 申告 不要,140,21.0,Informational,N/A,確定申告 2026-07-08
土地 取得 確定 申告,140,24.0,Informational,N/A,確定申告 2026-07-08
土地 改良 費 確定 申告,140,22.0,Informational,N/A,確定申告 2026-07-08
土地 相続 確定 申告,140,19.0,Informational,N/A,確定申告 2026-07-08
土地 贈与 確定 申告 必要 書類,140,26.0,Informational,N/A,確定申告 2026-07-08
外国 所得税 確定 申告,140,27.0,Informational,N/A,確定申告 2026-07-08
外壁 塗装 確定 申告,140,12.0,Informational,N/A,確定申告 2026-07-08
外貨 預金 確定 申告 バレ ない,140,20.0,Informational,N/A,確定申告 2026-07-08
大 月 税務署 確定 申告,140,14.0,"Informational, Transactional",N/A,確定申告 2026-07-08
大阪 確定 申告 相談,140,29.0,Informational,N/A,確定申告 2026-07-08
太陽 光 補助 金 確定 申告,140,7.0,Informational,N/A,確定申告 2026-07-08
夫婦 年金 確定 申告,140,29.0,Informational,N/A,確定申告 2026-07-08
失業 手当 確定 申告 必要,140,11.0,Informational,N/A,確定申告 2026-07-08
姫路 市 確定 申告,140,30.0,Informational,N/A,確定申告 2026-07-08
姫路 確定 申告 会場,140,28.0,Informational,N/A,確定申告 2026-07-08
子供 の アルバイト 収入 確定 申告,140,26.0,Informational,N/A,確定申告 2026-07-08
定期 預金 税金 確定 申告,140,24.0,Informational,N/A,確定申告 2026-07-08
宝くじ 当選 金 確定 申告,140,27.0,Informational,N/A,確定申告 2026-07-08
実家 売却 確定 申告 必要 書類,140,20.0,Informational,N/A,確定申告 2026-07-08
家 の 修繕 費 確定 申告,140,9.0,Informational,N/A,確定申告 2026-07-08
家 を 売っ た 時 の 確定 申告,140,23.0,Informational,N/A,確定申告 2026-07-08
家 確定 申告 いつまで,140,30.0,Informational,N/A,確定申告 2026-07-08
家賃 収入 年金 確定 申告,140,10.0,Informational,N/A,確定申告 2026-07-08
小郡 市 確定 申告,140,22.0,Informational,N/A,確定申告 2026-07-08
山林 所得 確定 申告 不要,140,18.0,Informational,N/A,確定申告 2026-07-08
川口 市 確定 申告 会場,140,29.0,"Informational, Transactional",N/A,確定申告 2026-07-08
川越 確定 申告,140,29.0,"Informational, Transactional",N/A,確定申告 2026-07-08
年収 1000 万 確定 申告,140,22.0,Informational,N/A,確定申告 2026-07-08
年末 調整 した けど 確定 申告,140,29.0,Informational,N/A,確定申告 2026-07-08
年金 と 家賃 収入 確定 申告,140,9.0,Informational,N/A,確定申告 2026-07-08
年金 と 給料 確定 申告,140,25.0,Informational,N/A,確定申告 2026-07-08
年金 パート 確定 申告,140,27.0,Informational,N/A,確定申告 2026-07-08
年金 受給 者 給与 所得 確定 申告,140,29.0,Informational,N/A,確定申告 2026-07-08
年金 家賃 収入 確定 申告,140,15.0,Informational,N/A,確定申告 2026-07-08
年金 生活 者 の 確定 申告 医療 費 控除,140,12.0,Informational,N/A,確定申告 2026-07-08
年金 生活 者 医療 費 控除 確定 申告,140,14.0,Informational,N/A,確定申告 2026-07-08
年金 駐 車場 収入 確定 申告,140,15.0,Informational,N/A,確定申告 2026-07-08
幸手 市 確定 申告,140,19.0,Informational,N/A,確定申告 2026-07-08
弁護士 確定 申告,140,13.0,Informational,N/A,確定申告 2026-07-08
弁護士 費用 確定 申告,140,16.0,Informational,N/A,確定申告 2026-07-08
志木 市 確定 申告,140,29.0,"Informational, Transactional",N/A,確定申告 2026-07-08
所得税 の 準 確定 申告 と は,140,25.0,Informational,N/A,確定申告 2026-07-08
扶養 親族 等 申告 書 確定 申告,140,25.0,Informational,N/A,確定申告 2026-07-08
投資 信託 一般 口座 確定 申告,140,21.0,Informational,N/A,確定申告 2026-07-08
投資 信託 損失 確定 申告,140,17.0,Informational,N/A,確定申告 2026-07-08
投資 信託 源泉 徴収 あり 確定 申告,140,24.0,Informational,N/A,確定申告 2026-07-08
投資 信託 確定 申告 いくら から,140,15.0,Informational,N/A,確定申告 2026-07-08
投資 信託 解約 確定 申告,140,23.0,Informational,N/A,確定申告 2026-07-08
持ち家 確定 申告,140,28.0,Informational,N/A,確定申告 2026-07-08
持株 会 売却 確定 申告,140,24.0,Informational,N/A,確定申告 2026-07-08
持株 会 退会 精算 書 確定 申告,140,22.0,Informational,N/A,確定申告 2026-07-08
損害 賠償 金 確定 申告,140,14.0,Informational,N/A,確定申告 2026-07-08
支払 証明 書 確定 申告,140,24.0,Informational,N/A,確定申告 2026-07-08
教員 確定 申告,140,19.0,Informational,N/A,確定申告 2026-07-08
新卒 確定 申告,140,23.0,Informational,N/A,確定申告 2026-07-08
新潟 市 確定 申告 相談,140,14.0,Informational,N/A,確定申告 2026-07-08
日 出町 確定 申告,140,16.0,"Informational, Transactional",N/A,確定申告 2026-07-08
日 払い バイト 確定 申告,140,11.0,Informational,N/A,確定申告 2026-07-08
明治 安田 生命 確定 申告 書き方,140,16.0,Navigational,N/A,確定申告 2026-07-08
春日井 市 確定 申告 会場,140,30.0,Informational,N/A,確定申告 2026-07-08
木津川 市 確定 申告,140,19.0,Informational,N/A,確定申告 2026-07-08
東金 税務署 確定 申告,140,27.0,"Informational, Transactional",N/A,確定申告 2026-07-08
松井 証券 確定 申告,140,25.0,Navigational,N/A,確定申告 2026-07-08
松本 市 確定 申告,140,30.0,"Informational, Transactional",N/A,確定申告 2026-07-08
板橋 区 確定 申告 無料 相談,140,15.0,Informational,N/A,確定申告 2026-07-08
株 fx 確定 申告,140,27.0,Informational,N/A,確定申告 2026-07-08
株 を 売っ た 時 の 確定 申告,140,23.0,Informational,N/A,確定申告 2026-07-08
株 損失 確定 申告 会社 ばれる,140,14.0,Informational,N/A,確定申告 2026-07-08
株 損失 確定 申告 忘れ た,140,8.0,Informational,N/A,確定申告 2026-07-08
株 配当 確定 申告 いくら から,140,28.0,Informational,N/A,確定申告 2026-07-08
株式 会社 の 確定 申告,140,28.0,Informational,N/A,確定申告 2026-07-08
正社員 バイト 掛け持ち 確定 申告,140,24.0,Informational,N/A,確定申告 2026-07-08
死亡 時 の 確定 申告,140,12.0,Informational,N/A,確定申告 2026-07-08
死亡 時 確定 申告,140,13.0,Informational,N/A,確定申告 2026-07-08
法人 税 確定 申告 期限,140,27.0,Informational,N/A,確定申告 2026-07-08
派遣 確定 申告 必要 書類,140,7.0,Informational,N/A,確定申告 2026-07-08
浴室 リフォーム 確定 申告,140,12.0,Informational,N/A,確定申告 2026-07-08
海外 収入 確定 申告,140,22.0,Informational,N/A,確定申告 2026-07-08
海外 赴任 確定 申告,140,24.0,Informational,N/A,確定申告 2026-07-08
湖西 市 確定 申告 日程,140,13.0,Informational,N/A,確定申告 2026-07-08
源泉 徴収 され て いる 場合 確定 申告,140,29.0,Informational,N/A,確定申告 2026-07-08
源泉 徴収 票 2 枚 確定 申告,140,29.0,Informational,N/A,確定申告 2026-07-08
源泉 徴収 票 確定 申告 原本,140,24.0,Informational,N/A,確定申告 2026-07-08
準 確定 申告 いつまで,140,22.0,Informational,N/A,確定申告 2026-07-08
準 確定 申告 とは,140,26.0,Informational,N/A,確定申告 2026-07-08
準 確定 申告 基礎 控除,140,15.0,Informational,N/A,確定申告 2026-07-08
準 確定 申告 年金 源泉 徴収 票,140,11.0,Informational,N/A,確定申告 2026-07-08
漫画 家 確定 申告,140,9.0,Informational,N/A,確定申告 2026-07-08
無職 確定 申告 いつ,140,29.0,Informational,N/A,確定申告 2026-07-08
牧之原 市 確定 申告,140,16.0,"Informational, Transactional",N/A,確定申告 2026-07-08
特別 障害 者 確定 申告,140,17.0,Informational,N/A,確定申告 2026-07-08
特定 口座 源泉 徴収 なし 確定 申告 やり方,140,29.0,Informational,N/A,確定申告 2026-07-08
犬 の 治療 費 確定 申告,140,13.0,Informational,N/A,確定申告 2026-07-08
犬山 市 確定 申告,140,18.0,Informational,N/A,確定申告 2026-07-08
生命 保険 一時 所得 確定 申告,140,22.0,Informational,N/A,確定申告 2026-07-08
生命 保険 控除 証明 書 確定 申告,140,26.0,Informational,N/A,確定申告 2026-07-08
産休 確定 申告,140,14.0,Informational,N/A,確定申告 2026-07-08
町内 会費 確定 申告,140,16.0,Informational,N/A,確定申告 2026-07-08
相続 土地 売却 確定 申告,140,9.0,Informational,N/A,確定申告 2026-07-08
知多 市 確定 申告,140,29.0,Informational,N/A,確定申告 2026-07-08
確定 拠出 年金 受取 確定 申告,140,12.0,Informational,N/A,確定申告 2026-07-08
確定 申告 12 月 分,140,23.0,Informational,N/A,確定申告 2026-07-08
確定 申告 2 箇所 から 給与,140,29.0,Informational,N/A,確定申告 2026-07-08
確定 申告 3000 万 円 控除,140,23.0,Informational,N/A,確定申告 2026-07-08
確定 申告 400 万 税金,140,29.0,Informational,N/A,確定申告 2026-07-08
確定 申告 amazon,140,27.0,Informational,N/A,確定申告 2026-07-08
確定 申告 excel テンプレート,140,24.0,Informational,N/A,確定申告 2026-07-08
確定 申告 いくら 戻っ て くる,140,30.0,Informational,N/A,確定申告 2026-07-08
確定 申告 しない で いい 人,140,27.0,Informational,N/A,確定申告 2026-07-08
確定 申告 しない と いけない のか,140,28.0,Informational,N/A,確定申告 2026-07-08
確定 申告 しない と どうなる か,140,22.0,Informational,N/A,確定申告 2026-07-08
確定 申告 しない と どうなる の,140,20.0,Informational,N/A,確定申告 2026-07-08
確定 申告 しない ばれる,140,6.0,Informational,N/A,確定申告 2026-07-08
確定 申告 しない 人,140,13.0,Informational,N/A,確定申告 2026-07-08
確定 申告 どこに 提出,140,29.0,Informational,N/A,確定申告 2026-07-08
確定 申告 どれくらい 戻っ て くる,140,25.0,Informational,N/A,確定申告 2026-07-08
確定 申告 なぜ,140,26.0,Informational,N/A,確定申告 2026-07-08
確定 申告 の ハガキ が 来 ない,140,29.0,Informational,N/A,確定申告 2026-07-08
確定 申告 の バイト,140,21.0,Informational,N/A,確定申告 2026-07-08
確定 申告 の 収入 金額 と 所得 金額 の 違い,140,26.0,Informational,N/A,確定申告 2026-07-08
確定 申告 の 料金,140,9.0,Informational,N/A,確定申告 2026-07-08
確定 申告 やっ て ない,140,19.0,Informational,N/A,確定申告 2026-07-08
確定 申告 やら ない,140,20.0,Informational,N/A,確定申告 2026-07-08
確定 申告 を しない と どうなる の,140,24.0,Informational,N/A,確定申告 2026-07-08
確定 申告 アルバイト いくら から,140,23.0,Informational,N/A,確定申告 2026-07-08
確定 申告 アルバイト やり方,140,28.0,Informational,N/A,確定申告 2026-07-08
確定 申告 コールセンター 求人,140,18.0,Transactional,N/A,確定申告 2026-07-08
確定 申告 スーツ 代,140,15.0,Informational,N/A,確定申告 2026-07-08
確定 申告 セミナー,140,24.0,Informational,N/A,確定申告 2026-07-08
確定 申告 ソフト 個人,140,26.0,Informational,N/A,確定申告 2026-07-08
確定 申告 タクシー 代,140,24.0,Informational,N/A,確定申告 2026-07-08
確定 申告 プライベート な 出費,140,18.0,Informational,N/A,確定申告 2026-07-08
確定 申告 マイナス,140,13.0,Informational,N/A,確定申告 2026-07-08
確定 申告 マイナス 書き方,140,18.0,Informational,N/A,確定申告 2026-07-08
確定 申告 リフォーム,140,30.0,Informational,N/A,確定申告 2026-07-08
確定 申告 リフォーム 必要 書類,140,13.0,Informational,N/A,確定申告 2026-07-08
確定 申告 レシート 分け 方,140,20.0,Informational,N/A,確定申告 2026-07-08
確定 申告 レシート 領収 書,140,19.0,Informational,N/A,確定申告 2026-07-08
確定 申告 三条 市,140,30.0,Informational,N/A,確定申告 2026-07-08
確定 申告 三郷 市,140,14.0,Informational,N/A,確定申告 2026-07-08
確定 申告 丸 投げ 相場,140,14.0,Informational,N/A,確定申告 2026-07-08
確定 申告 予定 納税 記入 欄,140,24.0,Informational,N/A,確定申告 2026-07-08
確定 申告 交通 費 控除,140,17.0,Informational,N/A,確定申告 2026-07-08
確定 申告 介護 保険,140,29.0,Informational,N/A,確定申告 2026-07-08
確定 申告 仕入れ 金額 と は,140,20.0,Informational,N/A,確定申告 2026-07-08
確定 申告 代行 費用,140,16.0,Informational,N/A,確定申告 2026-07-08
確定 申告 会社 員 ふるさと 納税,140,24.0,Informational,N/A,確定申告 2026-07-08
確定 申告 会社 員 自分 で,140,30.0,Informational,N/A,確定申告 2026-07-08
確定 申告 会計士,140,13.0,Informational,N/A,確定申告 2026-07-08
確定 申告 住宅 贈与,140,25.0,Informational,N/A,確定申告 2026-07-08
確定 申告 住民 税 徴収 方法 の 選択,140,29.0,Informational,N/A,確定申告 2026-07-08
確定 申告 住民 税 書き方,140,29.0,Informational,N/A,確定申告 2026-07-08
確定 申告 住民 税 特別 徴収,140,29.0,Informational,N/A,確定申告 2026-07-08
確定 申告 何 年 保存,140,18.0,Informational,N/A,確定申告 2026-07-08
確定 申告 依頼 料,140,18.0,Informational,N/A,確定申告 2026-07-08
確定 申告 依頼 費用,140,18.0,Informational,N/A,確定申告 2026-07-08
確定 申告 保険 料 控除 いつまで,140,28.0,Informational,N/A,確定申告 2026-07-08
確定 申告 個人 事業 主 帳簿,140,26.0,Informational,N/A,確定申告 2026-07-08
確定 申告 個人 税理士,140,8.0,Informational,N/A,確定申告 2026-07-08
確定 申告 内職,140,16.0,Informational,N/A,確定申告 2026-07-08
確定 申告 前 職 分,140,29.0,Informational,N/A,確定申告 2026-07-08
確定 申告 労働 保険,140,20.0,Informational,N/A,確定申告 2026-07-08
確定 申告 労働 保険 料,140,17.0,Informational,N/A,確定申告 2026-07-08
確定 申告 区 民 税,140,24.0,Informational,N/A,確定申告 2026-07-08
確定 申告 医療 費 控除 さかのぼり,140,22.0,Informational,N/A,確定申告 2026-07-08
確定 申告 医療 費 控除 フォーム,140,28.0,Navigational,N/A,確定申告 2026-07-08
確定 申告 医療 費 控除 住宅 ローン 控除,140,16.0,Informational,N/A,確定申告 2026-07-08
確定 申告 医療 費 控除 夫婦,140,9.0,Informational,N/A,確定申告 2026-07-08
確定 申告 半田 税務署,140,21.0,"Informational, Transactional",N/A,確定申告 2026-07-08
確定 申告 収入 より 経費 が 多い,140,25.0,Informational,N/A,確定申告 2026-07-08
確定 申告 収入 証明,140,20.0,Informational,N/A,確定申告 2026-07-08
確定 申告 収入 金額 と 所得 金額 の 違い,140,27.0,Informational,N/A,確定申告 2026-07-08
確定 申告 取り下げ 書,140,8.0,Informational,N/A,確定申告 2026-07-08
確定 申告 受領 印,140,9.0,Informational,N/A,確定申告 2026-07-08
確定 申告 同人,140,15.0,Informational,N/A,確定申告 2026-07-08
確定 申告 国民 年金 いつから いつまで,140,29.0,Informational,N/A,確定申告 2026-07-08
確定 申告 土地 購入,140,24.0,Informational,N/A,確定申告 2026-07-08
確定 申告 売上 いくら から,140,29.0,Informational,N/A,確定申告 2026-07-08
確定 申告 外国 人,140,18.0,Informational,N/A,確定申告 2026-07-08
確定 申告 家賃 領収 書 が ない,140,14.0,Informational,N/A,確定申告 2026-07-08
確定 申告 富山,140,28.0,"Informational, Navigational",N/A,確定申告 2026-07-08
確定 申告 富田林,140,23.0,Informational,N/A,確定申告 2026-07-08
確定 申告 屋号 会社 員,140,16.0,Informational,N/A,確定申告 2026-07-08
確定 申告 川越 税務署,140,27.0,Informational,N/A,確定申告 2026-07-08
確定 申告 常 総 市,140,23.0,Informational,N/A,確定申告 2026-07-08
確定 申告 年 を またぐ 収入,140,12.0,Informational,N/A,確定申告 2026-07-08
確定 申告 年金 控除 証明 書,140,29.0,Informational,N/A,確定申告 2026-07-08
確定 申告 年金 生活 者,140,30.0,Informational,N/A,確定申告 2026-07-08
確定 申告 年金 証明 書,140,21.0,"Informational, Transactional",N/A,確定申告 2026-07-08
確定 申告 座間 市,140,29.0,Informational,N/A,確定申告 2026-07-08
確定 申告 弘前 市,140,29.0,Informational,N/A,確定申告 2026-07-08
確定 申告 役員 報酬,140,18.0,Informational,N/A,確定申告 2026-07-08
確定 申告 後 ふるさと 納税,140,28.0,Informational,N/A,確定申告 2026-07-08
確定 申告 後 医療 費 控除,140,30.0,Informational,N/A,確定申告 2026-07-08
確定 申告 所得 証明 書,140,16.0,Informational,N/A,確定申告 2026-07-08
確定 申告 扶養 内 パート,140,29.0,Informational,N/A,確定申告 2026-07-08
確定 申告 投資 信託 分配 金,140,18.0,Informational,N/A,確定申告 2026-07-08
確定 申告 投資 信託 損失,140,16.0,Informational,N/A,確定申告 2026-07-08
確定 申告 持ち家,140,21.0,Informational,N/A,確定申告 2026-07-08
確定 申告 接待 交際 費 いくら まで,140,17.0,Informational,N/A,確定申告 2026-07-08
確定 申告 支払 手数料,140,16.0,Informational,N/A,確定申告 2026-07-08
確定 申告 料金 個人,140,17.0,Informational,N/A,確定申告 2026-07-08
確定 申告 旧姓 の まま,140,14.0,Informational,N/A,確定申告 2026-07-08
確定 申告 書き方 無職,140,21.0,Informational,N/A,確定申告 2026-07-08
確定 申告 書類 保管 期間 個人,140,18.0,Informational,N/A,確定申告 2026-07-08
確定 申告 期間 ふるさと 納税,140,30.0,Informational,N/A,確定申告 2026-07-08
確定 申告 期間 外,140,27.0,Informational,N/A,確定申告 2026-07-08
確定 申告 札幌 西 税務署,140,24.0,Informational,N/A,確定申告 2026-07-08
確定 申告 松江,140,20.0,Informational,N/A,確定申告 2026-07-08
確定 申告 棚卸し,140,21.0,Informational,N/A,確定申告 2026-07-08
確定 申告 決算,140,28.0,Informational,N/A,確定申告 2026-07-08
確定 申告 津 市 会場,140,30.0,Informational,N/A,確定申告 2026-07-08
確定 申告 減価 償却 白色 申告,140,23.0,Informational,N/A,確定申告 2026-07-08
確定 申告 源泉 徴収 票 必要,140,30.0,Informational,N/A,確定申告 2026-07-08
確定 申告 為替 差益 必要 書類,140,21.0,Informational,N/A,確定申告 2026-07-08
確定 申告 特定 口座 損益 通算,140,30.0,Informational,N/A,確定申告 2026-07-08
確定 申告 犬山 市,140,21.0,Informational,N/A,確定申告 2026-07-08
確定 申告 狭山 市,140,23.0,"Informational, Transactional",N/A,確定申告 2026-07-08
確定 申告 生命 保険 控除 上限,140,30.0,Informational,N/A,確定申告 2026-07-08
確定 申告 生命 保険 控除 額,140,27.0,Informational,N/A,確定申告 2026-07-08
確定 申告 用紙 配布 横浜 市,140,30.0,Informational,N/A,確定申告 2026-07-08
確定 申告 申告 漏れ どうなる,140,19.0,Informational,N/A,確定申告 2026-07-08
確定 申告 病院 交通 費,140,23.0,Informational,N/A,確定申告 2026-07-08
確定 申告 目的,140,24.0,Informational,N/A,確定申告 2026-07-08
確定 申告 相続 年金,140,30.0,Informational,N/A,確定申告 2026-07-08
確定 申告 社会 保険 控除,140,26.0,Informational,N/A,確定申告 2026-07-08
確定 申告 税務 課,140,29.0,Informational,N/A,確定申告 2026-07-08
確定 申告 税務 調査,140,19.0,Informational,N/A,確定申告 2026-07-08
確定 申告 税理士 に 頼む,140,8.0,Informational,N/A,確定申告 2026-07-08
確定 申告 税理士 個人,140,17.0,Informational,N/A,確定申告 2026-07-08
確定 申告 税理士 頼む,140,16.0,Informational,N/A,確定申告 2026-07-08
確定 申告 簡易 書留,140,16.0,Informational,N/A,確定申告 2026-07-08
確定 申告 簡易 計算,140,29.0,Informational,N/A,確定申告 2026-07-08
確定 申告 納税 額 が 0 の 場合,140,22.0,Informational,N/A,確定申告 2026-07-08
確定 申告 美容 室,140,9.0,Informational,N/A,確定申告 2026-07-08
確定 申告 職業 欄 パート,140,11.0,Informational,N/A,確定申告 2026-07-08
確定 申告 脱税,140,22.0,Informational,N/A,確定申告 2026-07-08
確定 申告 自分 で やる 人,140,26.0,Informational,N/A,確定申告 2026-07-08
確定 申告 自宅 購入,140,27.0,Informational,N/A,確定申告 2026-07-08
確定 申告 行か ない と どうなる,140,26.0,Informational,N/A,確定申告 2026-07-08
確定 申告 足利 市,140,27.0,"Informational, Transactional",N/A,確定申告 2026-07-08
確定 申告 返信 用 封筒 書き方,140,21.0,Informational,N/A,確定申告 2026-07-08
確定 申告 追 納,140,25.0,Informational,N/A,確定申告 2026-07-08
確定 申告 途中 で 保存,140,22.0,Informational,N/A,確定申告 2026-07-08
確定 申告 通帳,140,16.0,Informational,N/A,確定申告 2026-07-08
確定 申告 遅れる 場合,140,18.0,Informational,N/A,確定申告 2026-07-08
確定 申告 還付 金 マイナス,140,29.0,Informational,N/A,確定申告 2026-07-08
確定 申告 還付 金 少ない,140,20.0,Informational,N/A,確定申告 2026-07-08
確定 申告 郵送 普通 郵便,140,25.0,Informational,N/A,確定申告 2026-07-08
確定 申告 長野 市 ビッグ ハット,140,23.0,Informational,N/A,確定申告 2026-07-08
確定 申告 間違い 時効,140,11.0,Informational,N/A,確定申告 2026-07-08
確定 申告 障害 者 手帳,140,17.0,Informational,N/A,確定申告 2026-07-08
確定 申告 青色 ソフト 無料,140,29.0,Informational,N/A,確定申告 2026-07-08
確定 申告 青色 申告 65 万 円 控除,140,29.0,Informational,N/A,確定申告 2026-07-08
確定 申告 領収 済 通知 書 と は,140,24.0,Informational,N/A,確定申告 2026-07-08
確定 申告 顧問 料,140,23.0,Informational,N/A,確定申告 2026-07-08
確定 申告 飲食 代,140,20.0,Informational,N/A,確定申告 2026-07-08
確定 申告 飲食 店,140,11.0,Informational,N/A,確定申告 2026-07-08
確定 申告 養老 保険,140,15.0,Informational,N/A,確定申告 2026-07-08
確定 申告 駐 車場 収入,140,10.0,Informational,N/A,確定申告 2026-07-08
確定 申告 高額 医療 費 医療 費 控除,140,21.0,Informational,N/A,確定申告 2026-07-08
確定申告 2022 郵送,140,21.0,Informational,N/A,確定申告 2026-07-08
確定申告 住宅ローン 初年度 e-tax,140,17.0,Informational,N/A,確定申告 2026-07-08
確定申告 赤字 書き方 白色申告,140,17.0,Informational,N/A,確定申告 2026-07-08
確定申告2022 期間,140,27.0,Informational,N/A,確定申告 2026-07-08
確定申告いつまで 2021 延長,140,11.0,Informational,N/A,確定申告 2026-07-08
確定申告延長 2022,140,30.0,Informational,N/A,確定申告 2026-07-08
磐田 市 確定 申告,140,20.0,Informational,N/A,確定申告 2026-07-08
秋田 南 税務署 確定 申告,140,26.0,"Informational, Transactional",N/A,確定申告 2026-07-08
秋田 市 確定 申告 会場,140,22.0,Informational,N/A,確定申告 2026-07-08
税理士 個人 確定 申告,140,11.0,Informational,N/A,確定申告 2026-07-08
税理士 確定 申告 個人,140,18.0,Informational,N/A,確定申告 2026-07-08
税理士 費用 確定 申告,140,17.0,Informational,N/A,確定申告 2026-07-08
第 一 生命 確定 申告,140,20.0,Navigational,N/A,確定申告 2026-07-08
筑紫野 市 確定 申告,140,16.0,"Informational, Transactional",N/A,確定申告 2026-07-08
米子 確定 申告,140,23.0,Informational,N/A,確定申告 2026-07-08
純金 積立 確定 申告,140,14.0,Informational,N/A,確定申告 2026-07-08
結城 市 確定 申告,140,18.0,"Informational, Transactional",N/A,確定申告 2026-07-08
給与 収入 確定 申告,140,30.0,Informational,N/A,確定申告 2026-07-08
給与 明細 確定 申告,140,27.0,Informational,N/A,確定申告 2026-07-08
美容 代 確定 申告,140,10.0,Informational,N/A,確定申告 2026-07-08
育休 手当 確定 申告,140,17.0,Informational,N/A,確定申告 2026-07-08
育児 休業 給付 金 確定 申告,140,14.0,Informational,N/A,確定申告 2026-07-08
自宅 購入 確定 申告,140,25.0,Informational,N/A,確定申告 2026-07-08
自社 株 売却 確定 申告,140,24.0,Informational,N/A,確定申告 2026-07-08
自転車 保険 確定 申告,140,17.0,Informational,N/A,確定申告 2026-07-08
茅ヶ崎 市 確定 申告,140,29.0,Informational,N/A,確定申告 2026-07-08
葬儀 費用 確定 申告,140,10.0,Informational,N/A,確定申告 2026-07-08
葬祭 費 確定 申告,140,10.0,Informational,N/A,確定申告 2026-07-08
薬 確定 申告,140,26.0,Informational,N/A,確定申告 2026-07-08
見附 市 確定 申告,140,19.0,"Informational, Transactional",N/A,確定申告 2026-07-08
親 の 代わり に 確定 申告,140,12.0,Informational,N/A,確定申告 2026-07-08
解散 確定 申告,140,12.0,Informational,N/A,確定申告 2026-07-08
認定 長期 優良 住宅 建築 証明 書 確定 申告,140,20.0,Informational,N/A,確定申告 2026-07-08
認知 症 確定 申告 出来 ない,140,15.0,Informational,N/A,確定申告 2026-07-08
譲渡 所得 が マイナス の 場合 確定 申告 は 必要,140,9.0,Informational,N/A,確定申告 2026-07-08
譲渡 所得 確定 申告 いくら から,140,23.0,Informational,N/A,確定申告 2026-07-08
賃貸 マンション 確定 申告,140,19.0,Informational,N/A,確定申告 2026-07-08
贈与 税 住宅 確定 申告,140,29.0,Informational,N/A,確定申告 2026-07-08
車 の 保険 確定 申告,140,16.0,Informational,N/A,確定申告 2026-07-08
転職 確定 申告 やり方,140,25.0,Informational,N/A,確定申告 2026-07-08
退職 者 確定 申告 必要 書類,140,24.0,Informational,N/A,確定申告 2026-07-08
過去 の ふるさと 納税 確定 申告,140,27.0,Informational,N/A,確定申告 2026-07-08
那珂 市 確定 申告,140,22.0,Informational,N/A,確定申告 2026-07-08
郵便 局 確定 申告,140,28.0,Informational,N/A,確定申告 2026-07-08
郵送 確定 申告,140,30.0,Informational,N/A,確定申告 2026-07-08
都民 税 確定 申告,140,25.0,Informational,N/A,確定申告 2026-07-08
配信 者 確定 申告,140,13.0,Informational,N/A,確定申告 2026-07-08
金沢 市役所 確定 申告 相談,140,26.0,Informational,N/A,確定申告 2026-07-08
釧路 市 確定 申告,140,22.0,Informational,N/A,確定申告 2026-07-08
開業 届 なし 確定 申告,140,28.0,Informational,N/A,確定申告 2026-07-08
障害 年金 受給 者 の 確定 申告,140,3.0,Informational,N/A,確定申告 2026-07-08
障害 年金 確定 申告 書き方,140,11.0,Informational,N/A,確定申告 2026-07-08
雑 損 控除 確定 申告,140,26.0,Informational,N/A,確定申告 2026-07-08
離婚 確定 申告 女,140,25.0,Informational,N/A,確定申告 2026-07-08
青色 専従 者 確定 申告,140,30.0,Informational,N/A,確定申告 2026-07-08
非課税 世帯 確定 申告 医療 費,140,24.0,Informational,N/A,確定申告 2026-07-08
順 確定 申告,140,20.0,Informational,N/A,確定申告 2026-07-08
飲食 店 確定 申告,140,12.0,Informational,N/A,確定申告 2026-07-08
駐車 場代 確定 申告,140,16.0,Informational,N/A,確定申告 2026-07-08
高岡 税務署 確定 申告,140,23.0,Informational,N/A,確定申告 2026-07-08
高根沢 町 確定 申告,140,20.0,Informational,N/A,確定申告 2026-07-08
高梁 市 確定 申告,140,24.0,Informational,N/A,確定申告 2026-07-08
鳥取 市 確定 申告,140,20.0,"Informational, Transactional",N/A,確定申告 2026-07-08
鹿児島 市 税務署 確定 申告,140,25.0,"Informational, Transactional",N/A,確定申告 2026-07-08
130 万 円 社会 保険 料,140,29.0,Informational,N/A,社会保険料 2026-07-08
ひとり 親 社会 保険 料,140,15.0,Informational,N/A,社会保険料 2026-07-08
アメリカ 社会 保険 料,140,16.0,Informational,N/A,社会保険料 2026-07-08
アルバイト 社会 保険 料 計算,140,20.0,Informational,N/A,社会保険料 2026-07-08
インセンティブ 社会 保険 料,140,17.0,Informational,N/A,社会保険料 2026-07-08
ダブル ワーク 社会 保険 料,140,10.0,Informational,N/A,社会保険料 2026-07-08
会社 が 払う 社会 保険 料,140,19.0,Informational,N/A,社会保険料 2026-07-08
住宅 手当 社会 保険 料,140,9.0,Informational,N/A,社会保険料 2026-07-08
個人 年金 社会 保険 料,140,17.0,Informational,N/A,社会保険料 2026-07-08
傷病 手当 金 社会 保険 料 相殺,140,13.0,Informational,N/A,社会保険料 2026-07-08
入社 祝い金 社会 保険 料,140,5.0,Informational,N/A,社会保険料 2026-07-08
労災 休業 補償 社会 保険 料,140,12.0,Informational,N/A,社会保険料 2026-07-08
学生 社会 保険 料,140,25.0,Informational,N/A,社会保険料 2026-07-08
定年 後 社会 保険 料,140,12.0,Informational,N/A,社会保険料 2026-07-08
専業 主婦 社会 保険 料,140,29.0,Informational,N/A,社会保険料 2026-07-08
年収 800 万 社会 保険 料,140,14.0,Informational,N/A,社会保険料 2026-07-08
愛媛 県 社会 保険 料,140,14.0,"Informational, Navigational",N/A,社会保険料 2026-07-08
月 の 途中 で 転職 社会 保険 料,140,12.0,Informational,N/A,社会保険料 2026-07-08
月収 10 万 社会 保険 料,140,14.0,Informational,N/A,社会保険料 2026-07-08
月収 13 万 社会 保険 料,140,23.0,Informational,N/A,社会保険料 2026-07-08
月収 14 万 社会 保険 料,140,16.0,Informational,N/A,社会保険料 2026-07-08
月末 退社 社会 保険 料,140,22.0,Informational,N/A,社会保険料 2026-07-08
月給 20 万 社会 保険 料,140,27.0,Informational,N/A,社会保険料 2026-07-08
東京 都 社会 保険 料率,140,19.0,Navigational,N/A,社会保険料 2026-07-08
標準 報酬 月額 社会 保険 料 計算,140,26.0,Informational,N/A,社会保険料 2026-07-08
滋賀 県 社会 保険 料,140,28.0,"Informational, Navigational",N/A,社会保険料 2026-07-08
社会 保険 料 10 月 改定,140,24.0,Informational,N/A,社会保険料 2026-07-08
社会 保険 料 60 歳 以上,140,21.0,Informational,N/A,社会保険料 2026-07-08
社会 保険 料 88000 円,140,12.0,Informational,N/A,社会保険料 2026-07-08
社会 保険 料 いつ 払う,140,21.0,Informational,N/A,社会保険料 2026-07-08
社会 保険 料 どれくらい,140,28.0,Informational,N/A,社会保険料 2026-07-08
社会 保険 料 の 種類,140,29.0,Informational,N/A,社会保険料 2026-07-08
社会 保険 料 の 計算 の 仕方,140,24.0,Informational,N/A,社会保険料 2026-07-08
社会 保険 料 の 計算 方法,140,19.0,Informational,N/A,社会保険料 2026-07-08
社会 保険 料 カード 払い,140,17.0,Informational,N/A,社会保険料 2026-07-08
社会 保険 料 クレジット カード,140,14.0,Informational,N/A,社会保険料 2026-07-08
社会 保険 料 三重 県,140,17.0,"Informational, Transactional",N/A,社会保険料 2026-07-08
社会 保険 料 住民 税 含ま れる,140,23.0,Informational,N/A,社会保険料 2026-07-08
社会 保険 料 何 割,140,28.0,Informational,N/A,社会保険料 2026-07-08
社会 保険 料 健康 保険,140,27.0,Informational,N/A,社会保険料 2026-07-08
社会 保険 料 全額 自己 負担,140,29.0,Informational,N/A,社会保険料 2026-07-08
社会 保険 料 前払い 後払い,140,20.0,Informational,N/A,社会保険料 2026-07-08
社会 保険 料 加入 手続き,140,23.0,Informational,N/A,社会保険料 2026-07-08
社会 保険 料 埼玉,140,23.0,"Informational, Transactional",N/A,社会保険料 2026-07-08
社会 保険 料 変更 月,140,16.0,Informational,N/A,社会保険料 2026-07-08
社会 保険 料 天引き,140,23.0,Informational,N/A,社会保険料 2026-07-08
社会 保険 料 定時 改定 いつから,140,18.0,Informational,N/A,社会保険料 2026-07-08
社会 保険 料 定時 決定,140,13.0,Informational,N/A,社会保険料 2026-07-08
社会 保険 料 差し押さえ,140,9.0,Informational,N/A,社会保険料 2026-07-08
社会 保険 料 年齢,140,11.0,Informational,N/A,社会保険料 2026-07-08
社会 保険 料 引き落とし 日 法人,140,21.0,Informational,N/A,社会保険料 2026-07-08
社会 保険 料 徴収,140,24.0,Informational,N/A,社会保険料 2026-07-08
社会 保険 料 徴収 タイミング,140,10.0,Informational,N/A,社会保険料 2026-07-08
社会 保険 料 愛媛 県,140,20.0,Informational,N/A,社会保険料 2026-07-08
社会 保険 料 戻っ て くる,140,16.0,Informational,N/A,社会保険料 2026-07-08
社会 保険 料 払い 過ぎ 還付,140,15.0,Informational,N/A,社会保険料 2026-07-08
社会 保険 料 支払 時期,140,22.0,Informational,N/A,社会保険料 2026-07-08
社会 保険 料 改定 月,140,18.0,Informational,N/A,社会保険料 2026-07-08
社会 保険 料 料率 賞与,140,19.0,Informational,N/A,社会保険料 2026-07-08
社会 保険 料 時効,140,10.0,Informational,N/A,社会保険料 2026-07-08
社会 保険 料 最高 額,140,11.0,Informational,N/A,社会保険料 2026-07-08
社会 保険 料 月,140,29.0,Informational,N/A,社会保険料 2026-07-08
社会 保険 料 月 変,140,22.0,Informational,N/A,社会保険料 2026-07-08
社会 保険 料 概算,140,28.0,Informational,N/A,社会保険料 2026-07-08
社会 保険 料 標準 報酬 月額 変更,140,22.0,Informational,N/A,社会保険料 2026-07-08
社会 保険 料 減免 制度,140,29.0,Informational,N/A,社会保険料 2026-07-08
社会 保険 料 滋賀 県,140,19.0,"Informational, Navigational",N/A,社会保険料 2026-07-08
社会 保険 料 滞納 差し押さえ,140,7.0,Informational,N/A,社会保険料 2026-07-08
社会 保険 料 産休 免除,140,6.0,Informational,N/A,社会保険料 2026-07-08
社会 保険 料 相談 窓口,140,28.0,Informational,N/A,社会保険料 2026-07-08
社会 保険 料 等 と は,140,28.0,Informational,N/A,社会保険料 2026-07-08
社会 保険 料 等 の 控除 額,140,22.0,Informational,N/A,社会保険料 2026-07-08
社会 保険 料 等級 変更,140,22.0,Informational,N/A,社会保険料 2026-07-08
社会 保険 料 納付 先,140,26.0,Informational,N/A,社会保険料 2026-07-08
社会 保険 料 納入 通知 書,140,29.0,Informational,N/A,社会保険料 2026-07-08
社会 保険 料 経費,140,21.0,Informational,N/A,社会保険料 2026-07-08
社会 保険 料 計算 の 仕方,140,26.0,Informational,N/A,社会保険料 2026-07-08
社会 保険 料 計算 期間,140,23.0,Informational,N/A,社会保険料 2026-07-08
社会 保険 料 賞与 料率,140,23.0,Informational,N/A,社会保険料 2026-07-08
社会 保険 料 雇用 保険 含む,140,26.0,Informational,N/A,社会保険料 2026-07-08
社会 保険 料 領収 書 会社,140,23.0,Informational,N/A,社会保険料 2026-07-08
社会 保険 料率 改定,140,25.0,Informational,N/A,社会保険料 2026-07-08
給与 賞与 社会 保険 料 違い,140,22.0,Informational,N/A,社会保険料 2026-07-08
給料 15 万 社会 保険 料,140,21.0,Informational,N/A,社会保険料 2026-07-08
育児 休業 中 の 社会 保険 料,140,18.0,Informational,N/A,社会保険料 2026-07-08
育児 休業 中 社会 保険 料,140,25.0,Informational,N/A,社会保険料 2026-07-08
賞与 社会 保険 料 料率,140,18.0,Informational,N/A,社会保険料 2026-07-08
退職 月 賞与 社会 保険 料,140,14.0,Informational,N/A,社会保険料 2026-07-08
103 万 円 以下 年末 調整,110,27.0,Informational,N/A,年末調整 2026-07-08
16 歳 未満 の 扶養 親族 年末 調整,110,27.0,Informational,N/A,年末調整 2026-07-08
aig 損害 保険 年末 調整,110,25.0,"Navigational, Transactional",N/A,年末調整 2026-07-08
chubb 損害 保険 年末 調整 書き方,110,26.0,Informational,N/A,年末調整 2026-07-08
e 革新 年末 調整 マニュアル,110,27.0,Navigational,N/A,年末調整 2026-07-08
excel で 年末 調整,110,23.0,Informational,N/A,年末調整 2026-07-08
freee 年末 調整 やり方,110,28.0,"Navigational, Transactional",N/A,年末調整 2026-07-08
ideco 年末 調整 証明 書 届か ない,110,16.0,Informational,N/A,年末調整 2026-07-08
ideco 年末 調整 還付 金,110,14.0,Informational,N/A,年末調整 2026-07-08
ideco 所得 控除 年末 調整,110,24.0,Informational,N/A,年末調整 2026-07-08
jinjer 年末 調整,110,20.0,Informational,N/A,年末調整 2026-07-08
payroll 年末 調整,110,18.0,Informational,N/A,年末調整 2026-07-08
あいおい ニッセイ 年末 調整,110,10.0,Navigational,N/A,年末調整 2026-07-08
あいおい ニッセイ 年末 調整 書き方,110,16.0,Navigational,N/A,年末調整 2026-07-08
が ん 保険 年末 調整 書き方,110,15.0,Informational,N/A,年末調整 2026-07-08
さと ふる 年末 調整,110,19.0,Informational,N/A,年末調整 2026-07-08
ふるさと 納税 ワンス トップ 年末 調整 後,110,22.0,Informational,N/A,年末調整 2026-07-08
ふるさと 納税 公務員 年末 調整,110,19.0,Informational,N/A,年末調整 2026-07-08
ふるさと 納税 年末 調整 後,110,19.0,Informational,N/A,年末調整 2026-07-08
まい ば すけ っ と 年末 調整,110,18.0,Informational,N/A,年末調整 2026-07-08
アデコ 年末 調整,110,27.0,Informational,N/A,年末調整 2026-07-08
アルバイト の 年末 調整,110,16.0,Informational,N/A,年末調整 2026-07-08
アルバイト 年末 調整 しない,110,14.0,Informational,N/A,年末調整 2026-07-08
エ コミック 年末 調整,110,13.0,"Informational, Transactional",N/A,年末調整 2026-07-08
オリックス 生命 保険 年末 調整,110,18.0,Navigational,N/A,年末調整 2026-07-08
シングル マザー 年末 調整,110,18.0,Informational,N/A,年末調整 2026-07-08
セルズ 給与 年末 調整,110,15.0,Navigational,N/A,年末調整 2026-07-08
ソニー 生命 確定 年金 年末 調整,110,21.0,Informational,N/A,年末調整 2026-07-08
チューリッヒ 年末 調整,110,27.0,Navigational,N/A,年末調整 2026-07-08
バイト の 年末 調整,110,23.0,Informational,N/A,年末調整 2026-07-08
バイト 代 年末 調整,110,17.0,Informational,N/A,年末調整 2026-07-08
パート 主婦 年末 調整,110,17.0,Informational,N/A,年末調整 2026-07-08
パート 転職 年末 調整,110,18.0,Informational,N/A,年末調整 2026-07-08
プルデンシャル 年末 調整 書き方,110,18.0,Navigational,N/A,年末調整 2026-07-08
ペイロール ログイン 年末 調整,110,25.0,"Informational, Transactional",N/A,年末調整 2026-07-08
ペット 保険 年末 調整,110,12.0,Informational,N/A,年末調整 2026-07-08
ポイ 活 年末 調整,110,29.0,Informational,N/A,年末調整 2026-07-08
マニュライフ 生命 年末 調整 書き方,110,22.0,Navigational,N/A,年末調整 2026-07-08
メット ライフ 年末 調整 書き方,110,20.0,Informational,N/A,年末調整 2026-07-08
ラクラス 年末 調整,110,25.0,Informational,N/A,年末調整 2026-07-08
乙 年末 調整,110,24.0,Informational,N/A,年末調整 2026-07-08
事業 主 年末 調整,110,25.0,Informational,N/A,年末調整 2026-07-08
亡くなっ た 人 年末 調整,110,19.0,Informational,N/A,年末調整 2026-07-08
介護 保険 料 控除 年末 調整,110,16.0,Informational,N/A,年末調整 2026-07-08
介護 保険 特別 徴収 年末 調整,110,14.0,Informational,N/A,年末調整 2026-07-08
会社 員 年末 調整 確定 申告,110,29.0,Informational,N/A,年末調整 2026-07-08
会社 員 年末 調整 自分 で,110,22.0,Informational,N/A,年末調整 2026-07-08
会社 年末 調整 しない,110,15.0,Informational,N/A,年末調整 2026-07-08
住宅 ローン 一 年 目 年末 調整,110,29.0,Informational,N/A,年末調整 2026-07-08
住宅 ローン 控除 年末 調整 還付 金,110,14.0,Informational,N/A,年末調整 2026-07-08
住宅 ローン 控除 繰り上げ 返済 年末 調整,110,16.0,Informational,N/A,年末調整 2026-07-08
住宅 ローン 減税 年末 調整 書類,110,29.0,Informational,N/A,年末調整 2026-07-08
住宅 購入 年末 調整 初 年度,110,24.0,Informational,N/A,年末調整 2026-07-08
住民 税 年末 調整 還付,110,20.0,Informational,N/A,年末調整 2026-07-08
住民 税 普通 徴収 年末 調整,110,23.0,Informational,N/A,年末調整 2026-07-08
保険 年末 調整 ハガキ,110,28.0,Informational,N/A,年末調整 2026-07-08
保険 金 受取 年末 調整,110,25.0,Informational,N/A,年末調整 2026-07-08
個人 事業 主 従業 員 年末 調整 しない,110,12.0,Informational,N/A,年末調整 2026-07-08
個人 年金 受取 年末 調整,110,25.0,Informational,N/A,年末調整 2026-07-08
個人 年金 解約 年末 調整,110,17.0,Informational,N/A,年末調整 2026-07-08
再 年末 調整 いつまで,110,22.0,Informational,N/A,年末調整 2026-07-08
再 年末 調整 会社 義務,110,21.0,Informational,N/A,年末調整 2026-07-08
別居 中 年末 調整,110,21.0,Informational,N/A,年末調整 2026-07-08
副業 確定 申告 年末 調整,110,23.0,Informational,N/A,年末調整 2026-07-08
医療 費 控除 会社 員 年末 調整,110,13.0,Informational,N/A,年末調整 2026-07-08
厚生 年金 保険 料 年末 調整,110,29.0,Informational,N/A,年末調整 2026-07-08
国民 保険 料 年末 調整,110,24.0,Informational,N/A,年末調整 2026-07-08
夫婦 共働き 年末 調整,110,13.0,Informational,N/A,年末調整 2026-07-08
学資 保険 控除 年末 調整,110,14.0,Informational,N/A,年末調整 2026-07-08
年収 2000 万 円 年末 調整,110,24.0,Informational,N/A,年末調整 2026-07-08
年度 途中 退職 年末 調整,110,21.0,Informational,N/A,年末調整 2026-07-08
年末 調整 12 月 退職 1 月 支給,110,14.0,Informational,N/A,年末調整 2026-07-08
年末 調整 excel,110,28.0,Informational,N/A,年末調整 2026-07-08
年末 調整 ja 共済 書き方,110,29.0,Informational,N/A,年末調整 2026-07-08
年末 調整 web システム,110,28.0,Informational,N/A,年末調整 2026-07-08
年末 調整 いくら 戻る シミュレーション,110,14.0,Informational,N/A,年末調整 2026-07-08
年末 調整 いつ 届く,110,21.0,Informational,N/A,年末調整 2026-07-08
年末 調整 いつ 返金,110,21.0,Informational,N/A,年末調整 2026-07-08
年末 調整 いつまで 会社,110,25.0,Informational,N/A,年末調整 2026-07-08
年末 調整 しない 源泉 徴収 票 書き方,110,30.0,Informational,N/A,年末調整 2026-07-08
年末 調整 っ て な に,110,30.0,Informational,N/A,年末調整 2026-07-08
年末 調整 で 保険 料 控除,110,21.0,Informational,N/A,年末調整 2026-07-08
年末 調整 どこに 提出,110,25.0,Informational,N/A,年末調整 2026-07-08
年末 調整 ない,110,18.0,Informational,N/A,年末調整 2026-07-08
年末 調整 なし 源泉 徴収 票,110,28.0,Informational,N/A,年末調整 2026-07-08
年末 調整 なし 確定 申告,110,25.0,Informational,N/A,年末調整 2026-07-08
年末 調整 に 源泉 徴収 票 は 必要,110,27.0,Informational,N/A,年末調整 2026-07-08
年末 調整 の 住所,110,18.0,Informational,N/A,年末調整 2026-07-08
年末 調整 の 期間,110,28.0,Informational,N/A,年末調整 2026-07-08
年末 調整 は いつまで,110,25.0,Informational,N/A,年末調整 2026-07-08
年末 調整 は 何 月 から 何 月 まで,110,29.0,Informational,N/A,年末調整 2026-07-08
年末 調整 もらえ ない 人,110,18.0,Informational,N/A,年末調整 2026-07-08
年末 調整 やっ て ない,110,17.0,Informational,N/A,年末調整 2026-07-08
年末 調整 やり直し 2 月 以降,110,17.0,Informational,N/A,年末調整 2026-07-08
年末 調整 アルバイト 短期,110,18.0,Informational,N/A,年末調整 2026-07-08
年末 調整 イラスト,110,28.0,Informational,N/A,年末調整 2026-07-08
年末 調整 コピー,110,22.0,Informational,N/A,年末調整 2026-07-08
年末 調整 センター,110,26.0,Informational,N/A,年末調整 2026-07-08
年末 調整 パート 生命 保険 控除,110,21.0,Informational,N/A,年末調整 2026-07-08
年末 調整 マイ ナンバー 不要,110,13.0,Informational,N/A,年末調整 2026-07-08
年末 調整 マイナス の 場合,110,23.0,Informational,N/A,年末調整 2026-07-08
年末 調整 一般 生命 保険 上限,110,28.0,Informational,N/A,年末調整 2026-07-08
年末 調整 不動産 収入,110,12.0,Informational,N/A,年末調整 2026-07-08
年末 調整 事実 婚,110,21.0,Informational,N/A,年末調整 2026-07-08
年末 調整 二 箇所,110,24.0,Informational,N/A,年末調整 2026-07-08
年末 調整 介護 保険 書き方,110,19.0,Informational,N/A,年末調整 2026-07-08
年末 調整 仕分け,110,24.0,Informational,N/A,年末調整 2026-07-08
年末 調整 仕訳 還付,110,20.0,Informational,N/A,年末調整 2026-07-08
年末 調整 会社 義務,110,17.0,Informational,N/A,年末調整 2026-07-08
年末 調整 住宅 ローン いくら 戻る,110,10.0,Informational,N/A,年末調整 2026-07-08
年末 調整 住宅 ローン 必要 書類,110,28.0,Informational,N/A,年末調整 2026-07-08
年末 調整 住宅 ローン 控除 いくら,110,24.0,Informational,N/A,年末調整 2026-07-08
年末 調整 住宅 ローン 控除 忘れ た,110,8.0,Informational,N/A,年末調整 2026-07-08
年末 調整 住所 変更 書き方,110,27.0,Informational,N/A,年末調整 2026-07-08
年末 調整 住所 県 から,110,21.0,Informational,N/A,年末調整 2026-07-08
年末 調整 住所 違う,110,22.0,Informational,N/A,年末調整 2026-07-08
年末 調整 保険 会社 略称,110,11.0,Informational,N/A,年末調整 2026-07-08
年末 調整 保険 受取 人 本人,110,25.0,Informational,N/A,年末調整 2026-07-08
年末 調整 保険 控除 いくら 戻る,110,14.0,Informational,N/A,年末調整 2026-07-08
年末 調整 保険 料 控除 扶養,110,26.0,Informational,N/A,年末調整 2026-07-08
年末 調整 保険 料 控除 扶養 内,110,19.0,Informational,N/A,年末調整 2026-07-08
年末 調整 保険 料 控除 新旧,110,30.0,Informational,N/A,年末調整 2026-07-08
年末 調整 保険 料 控除 書き きれ ない,110,22.0,Informational,N/A,年末調整 2026-07-08
年末 調整 保険 料 控除 県民 共済,110,14.0,Informational,N/A,年末調整 2026-07-08
年末 調整 保険 種類 書き方,110,15.0,Informational,N/A,年末調整 2026-07-08
年末 調整 個人 やり方,110,27.0,Informational,N/A,年末調整 2026-07-08
年末 調整 個人 事業,110,17.0,Informational,N/A,年末調整 2026-07-08
年末 調整 全国 生協 連,110,19.0,Navigational,N/A,年末調整 2026-07-08
年末 調整 出し 忘れ たら,110,12.0,Informational,N/A,年末調整 2026-07-08
年末 調整 出す もの,110,19.0,Informational,N/A,年末調整 2026-07-08
年末 調整 前 の 会社,110,23.0,Informational,N/A,年末調整 2026-07-08
年末 調整 前 職 の 源泉 徴収 票 コピー,110,9.0,Informational,N/A,年末調整 2026-07-08
年末 調整 前 職 アルバイト,110,19.0,Informational,N/A,年末調整 2026-07-08
年末 調整 同一 生計 配偶 者,110,29.0,Informational,N/A,年末調整 2026-07-08
年末 調整 嘘,110,13.0,Informational,N/A,年末調整 2026-07-08
年末 調整 国民 年金 保険 料 支払 先 の 名称,110,16.0,Informational,N/A,年末調整 2026-07-08
年末 調整 国民 年金 保険 料 書き方,110,28.0,Informational,N/A,年末調整 2026-07-08
年末 調整 報酬,110,6.0,Informational,N/A,年末調整 2026-07-08
年末 調整 失業 給付,110,15.0,Informational,N/A,年末調整 2026-07-08
年末 調整 子供 が 生まれ た,110,17.0,Informational,N/A,年末調整 2026-07-08
年末 調整 対象 保険,110,29.0,Informational,N/A,年末調整 2026-07-08
年末 調整 市役所,110,16.0,Informational,N/A,年末調整 2026-07-08
年末 調整 市役所 何 課,110,25.0,Informational,N/A,年末調整 2026-07-08
年末 調整 年収 見込み,110,24.0,Informational,N/A,年末調整 2026-07-08
年末 調整 年金 控除 証明 書,110,28.0,Informational,N/A,年末調整 2026-07-08
年末 調整 引っ越し 12 月,110,13.0,Informational,N/A,年末調整 2026-07-08
年末 調整 戻り,110,23.0,Informational,N/A,年末調整 2026-07-08
年末 調整 戻り が 少ない,110,19.0,"Informational, Commercial",N/A,年末調整 2026-07-08
年末 調整 戻る 金額,110,23.0,Informational,N/A,年末調整 2026-07-08
年末 調整 所得 の 見積 額 計算,110,29.0,Informational,N/A,年末調整 2026-07-08
年末 調整 所得 見込 額,110,27.0,Informational,N/A,年末調整 2026-07-08
年末 調整 所得税 マイナス,110,17.0,Informational,N/A,年末調整 2026-07-08
年末 調整 扶養 妻 書き方,110,25.0,Commercial,N/A,年末調整 2026-07-08
年末 調整 扶養 親族 子供,110,29.0,Informational,N/A,年末調整 2026-07-08
年末 調整 拒否,110,19.0,Informational,N/A,年末調整 2026-07-08
年末 調整 控除 証明 書 原本,110,22.0,Informational,N/A,年末調整 2026-07-08
年末 調整 提出 しない と どうなる,110,15.0,Informational,N/A,年末調整 2026-07-08
年末 調整 提出 する もの,110,23.0,Informational,N/A,年末調整 2026-07-08
年末 調整 支給 額,110,29.0,Informational,N/A,年末調整 2026-07-08
年末 調整 教員,110,25.0,Informational,N/A,年末調整 2026-07-08
年末 調整 明細 書 源泉 徴収 票 違い,110,29.0,Informational,N/A,年末調整 2026-07-08
年末 調整 普通 徴収,110,28.0,Informational,N/A,年末調整 2026-07-08
年末 調整 書き方 住所 変更,110,13.0,Informational,N/A,年末調整 2026-07-08
年末 調整 書き方 妻 パート,110,25.0,Informational,N/A,年末調整 2026-07-08
年末 調整 書き方 生命 保険 計算,110,29.0,Informational,N/A,年末調整 2026-07-08
年末 調整 書き方 訂正,110,18.0,Informational,N/A,年末調整 2026-07-08
年末 調整 書き方 計算,110,29.0,Informational,N/A,年末調整 2026-07-08
年末 調整 書類 在 中 封筒,110,15.0,Informational,N/A,年末調整 2026-07-08
年末 調整 書類 提出,110,22.0,Informational,N/A,年末調整 2026-07-08
年末 調整 書類 提出 期限,110,22.0,Informational,N/A,年末調整 2026-07-08
年末 調整 書類 貼り 方,110,12.0,Informational,N/A,年末調整 2026-07-08
年末 調整 最大 いくら 戻る,110,22.0,Informational,N/A,年末調整 2026-07-08
年末 調整 未済 確定 申告 書き方,110,29.0,Informational,N/A,年末調整 2026-07-08
年末 調整 業務 委託,110,13.0,Informational,N/A,年末調整 2026-07-08
年末 調整 欄 が 足り ない,110,23.0,Informational,N/A,年末調整 2026-07-08
年末 調整 欄 足り ない,110,23.0,Informational,N/A,年末調整 2026-07-08
年末 調整 死亡,110,22.0,Informational,N/A,年末調整 2026-07-08
年末 調整 源泉 徴収 票 違い,110,26.0,Informational,N/A,年末調整 2026-07-08
年末 調整 漏れ 確定 申告,110,21.0,Informational,N/A,年末調整 2026-07-08
年末 調整 生命 保険 受取 人,110,22.0,Informational,N/A,年末調整 2026-07-08
年末 調整 生活 保護 ばれる,110,9.0,Informational,N/A,年末調整 2026-07-08
年末 調整 産休 育休,110,15.0,Informational,N/A,年末調整 2026-07-08
年末 調整 申告 期限,110,27.0,Informational,N/A,年末調整 2026-07-08
年末 調整 申告 漏れ どうなる,110,30.0,Informational,N/A,年末調整 2026-07-08
年末 調整 申告 漏れ 確定 申告,110,29.0,Informational,N/A,年末調整 2026-07-08
年末 調整 申告 額,110,15.0,Informational,N/A,年末調整 2026-07-08
年末 調整 申告 額 証明 額,110,14.0,Commercial,N/A,年末調整 2026-07-08
年末 調整 短期 派遣,110,15.0,Informational,N/A,年末調整 2026-07-08
年末 調整 確定 申告 住宅 ローン 控除,110,29.0,Informational,N/A,年末調整 2026-07-08
年末 調整 社会 保険 料 控除 介護 保険 料,110,30.0,Informational,N/A,年末調整 2026-07-08
年末 調整 科目,110,20.0,Informational,N/A,年末調整 2026-07-08
年末 調整 第 一 生命 書き方,110,22.0,Informational,N/A,年末調整 2026-07-08
年末 調整 精神 障害 者 手帳 申請 中,110,24.0,Informational,N/A,年末調整 2026-07-08
年末 調整 結婚 したら,110,19.0,Informational,N/A,年末調整 2026-07-08
年末 調整 結婚 ばれる,110,16.0,Informational,N/A,年末調整 2026-07-08
年末 調整 給与 所得 通勤 手当,110,22.0,Informational,N/A,年末調整 2026-07-08
年末 調整 給与 支払 証明 書,110,14.0,Informational,N/A,年末調整 2026-07-08
年末 調整 複数,110,21.0,Informational,N/A,年末調整 2026-07-08
年末 調整 解約 した 保険,110,20.0,Informational,N/A,年末調整 2026-07-08
年末 調整 記入 例 パート,110,28.0,Informational,N/A,年末調整 2026-07-08
年末 調整 資料 保管 期間,110,21.0,Informational,N/A,年末調整 2026-07-08
年末 調整 超過 税額,110,29.0,Informational,N/A,年末調整 2026-07-08
年末 調整 転職 後,110,26.0,Informational,N/A,年末調整 2026-07-08
年末 調整 返還 額,110,23.0,Informational,N/A,年末調整 2026-07-08
年末 調整 追徴,110,24.0,Informational,N/A,年末調整 2026-07-08
年末 調整 退職 金 源泉 徴収 票,110,12.0,Informational,N/A,年末調整 2026-07-08
年末 調整 過 不足 金,110,27.0,Informational,N/A,年末調整 2026-07-08
年末 調整 還付 とは,110,25.0,Informational,N/A,年末調整 2026-07-08
年末 調整 還付 金 会社 立替,110,22.0,Informational,N/A,年末調整 2026-07-08
年末 調整 還付 金 誰が 払う,110,13.0,Informational,N/A,年末調整 2026-07-08
年末 調整 還付 額 計算,110,24.0,Informational,N/A,年末調整 2026-07-08
年末 調整 配偶 者 所得 証明,110,23.0,Informational,N/A,年末調整 2026-07-08
年末 調整 金 いつ,110,22.0,Informational,N/A,年末調整 2026-07-08
年末 調整 間違い,110,19.0,Informational,N/A,年末調整 2026-07-08
年末 調整 障害 者 手帳 コピー,110,15.0,Informational,N/A,年末調整 2026-07-08
年末 調整 障害 者 手帳 添付,110,30.0,Informational,N/A,年末調整 2026-07-08
年末 調整 離婚 した 場合 書き方,110,18.0,Informational,N/A,年末調整 2026-07-08
年末 調整 離婚 書き方,110,15.0,Informational,N/A,年末調整 2026-07-08
年末 調整 非 居住 者,110,24.0,Informational,N/A,年末調整 2026-07-08
年末 調整 非課税 通勤 費,110,19.0,Informational,N/A,年末調整 2026-07-08
年末調整 2022 いつから,110,27.0,Informational,N/A,年末調整 2026-07-08
年末調整 来年の収入 なぜ,110,13.0,Informational,N/A,年末調整 2026-07-08
年金 控除 年末 調整,110,30.0,Informational,N/A,年末調整 2026-07-08
年金 追 納 年末 調整 書き方,110,27.0,Informational,N/A,年末調整 2026-07-08
所得税 年末 調整 アルバイト,110,22.0,Informational,N/A,年末調整 2026-07-08
所得税 徴収 高 計算 書 書き方 年末 調整,110,24.0,Informational,N/A,年末調整 2026-07-08
扶養 に 入っ てる 年末 調整,110,28.0,Informational,N/A,年末調整 2026-07-08
扶養 内 パート 年末 調整 生命 保険,110,19.0,Informational,N/A,年末調整 2026-07-08
扶養内パート 年末調整 書き方,110,29.0,Informational,N/A,年末調整 2026-07-08
損保 ジャパン 地震 保険 年末 調整,110,13.0,Navigational,N/A,年末調整 2026-07-08
日本 生命 保険 相互 会社 年末 調整,110,25.0,Navigational,N/A,年末調整 2026-07-08
標準 報酬 月額 年末 調整,110,14.0,Informational,N/A,年末調整 2026-07-08
海外 赴任 年末 調整,110,21.0,Informational,N/A,年末調整 2026-07-08
満期 保険 金 年末 調整,110,17.0,Informational,N/A,年末調整 2026-07-08
源泉 徴収 票 乙 欄 年末 調整,110,16.0,Informational,N/A,年末調整 2026-07-08
特別 児童 扶養 手当 年末 調整,110,28.0,Informational,N/A,年末調整 2026-07-08
独身 年末 調整 書き方,110,23.0,Informational,N/A,年末調整 2026-07-08
生命 保険 年末 調整 計算,110,26.0,Informational,N/A,年末調整 2026-07-08
生命 保険 料 控除 年末 調整 確定 申告,110,26.0,Informational,N/A,年末調整 2026-07-08
生命 保険 料 控除 確定 申告 年末 調整,110,19.0,Informational,N/A,年末調整 2026-07-08
確定 拠出 年金 年末 調整 証明 書,110,19.0,Informational,N/A,年末調整 2026-07-08
確定 拠出 年金 年末 調整 証明 書 届か ない,110,15.0,Informational,N/A,年末調整 2026-07-08
確定 申告 年末 調整 済み 副業,110,29.0,Informational,N/A,年末調整 2026-07-08
確定 申告 生命 保険 料 控除 年末 調整,110,29.0,Informational,N/A,年末調整 2026-07-08
社会 保険 年末 調整 書き方,110,23.0,Informational,N/A,年末調整 2026-07-08
経理 年末 調整,110,28.0,Informational,N/A,年末調整 2026-07-08
給与 大臣 年末 調整,110,18.0,Navigational,N/A,年末調整 2026-07-08
給与 奉行 年末 調整,110,17.0,Commercial,N/A,年末調整 2026-07-08
給与 奉行 年末 調整 マニュアル,110,7.0,Informational,N/A,年末調整 2026-07-08
給与 所得 年末 調整 計算,110,30.0,Informational,N/A,年末調整 2026-07-08
ideco 受け取り 税金 計算,110,27.0,Informational,N/A,税金計算 2026-07-07
エクセル 税金 計算,110,20.0,Informational,N/A,税金計算 2026-07-07
ダブル ワーク 税金 計算,110,23.0,Informational,N/A,税金計算 2026-07-07
不動産 売買 税金 計算,110,21.0,Informational,N/A,税金計算 2026-07-07
不動産 税金 計算,110,20.0,Informational,N/A,税金計算 2026-07-07
中退 共 退職 金 税金 計算,110,30.0,Informational,N/A,税金計算 2026-07-07
定期 預金 税金 計算,110,29.0,Informational,N/A,税金計算 2026-07-07
家 売却 税金 計算,110,21.0,Informational,N/A,税金計算 2026-07-07
役員 退職 金 税金 計算,110,22.0,Informational,N/A,税金計算 2026-07-07
車 税金 計算,110,27.0,Informational,N/A,税金計算 2026-07-07
配当 税金 計算,110,25.0,Informational,N/A,税金計算 2026-07-07
11 月 退職 確定 申告,110,30.0,Informational,N/A,確定申告 2026-07-08
2 か 所 給与 確定 申告 不要,110,30.0,Informational,N/A,確定申告 2026-07-08
2 月 退職 確定 申告,110,28.0,Informational,N/A,確定申告 2026-07-08
200 万 確定 申告,110,27.0,Informational,N/A,確定申告 2026-07-08
2000 万 円 確定 申告,110,30.0,Informational,N/A,確定申告 2026-07-08
9 月 退職 確定 申告,110,27.0,Informational,N/A,確定申告 2026-07-08
base 確定 申告,110,12.0,Informational,N/A,確定申告 2026-07-08
bitmex 確定 申告,110,25.0,Informational,N/A,確定申告 2026-07-08
dlsite 確定 申告,110,16.0,Informational,N/A,確定申告 2026-07-08
e tax 確定 申告 不動産 所得,110,25.0,Informational,N/A,確定申告 2026-07-08
etf 確定 申告,110,26.0,Informational,N/A,確定申告 2026-07-08
freee 過去 の 確定 申告,110,25.0,"Navigational, Transactional",N/A,確定申告 2026-07-08
fx 株 確定 申告,110,19.0,Informational,N/A,確定申告 2026-07-08
fx 確定 申告 めんどくさい,110,25.0,Informational,N/A,確定申告 2026-07-08
fx 確定 申告 サラリーマン,110,23.0,Informational,N/A,確定申告 2026-07-08
fx 確定 申告 マイナス,110,29.0,Informational,N/A,確定申告 2026-07-08
fx 確定 申告 不要,110,20.0,Informational,N/A,確定申告 2026-07-08
gmo クリック 証券 確定 申告,110,20.0,Informational,N/A,確定申告 2026-07-08
ideco 確定 申告 書き方,110,28.0,Informational,N/A,確定申告 2026-07-08
ja 共済 掛金 確定 申告,110,25.0,Informational,N/A,確定申告 2026-07-08
line スタンプ 確定 申告,110,20.0,Informational,N/A,確定申告 2026-07-08
mac 確定 申告 ソフト,110,22.0,Informational,N/A,確定申告 2026-07-08
misoca 確定 申告,110,25.0,"Informational, Navigational",N/A,確定申告 2026-07-08
mt4 確定 申告,110,11.0,Informational,N/A,確定申告 2026-07-08
nisa 損失 確定 申告,110,15.0,Informational,N/A,確定申告 2026-07-08
sbi 証券 fx 確定 申告,110,30.0,Informational,N/A,確定申告 2026-07-08
skima 確定 申告,110,17.0,Informational,N/A,確定申告 2026-07-08
youtube 副業 確定 申告,110,10.0,Informational,N/A,確定申告 2026-07-08
youtube 収入 確定 申告,110,10.0,Informational,N/A,確定申告 2026-07-08
あきる野 市 確定 申告,110,20.0,"Informational, Transactional",N/A,確定申告 2026-07-08
あきる野 市役所 確定 申告,110,20.0,"Informational, Transactional",N/A,確定申告 2026-07-08
あま 市 確定 申告,110,16.0,"Informational, Transactional",N/A,確定申告 2026-07-08
お 小遣い 確定 申告,110,19.0,Informational,N/A,確定申告 2026-07-08
が ん 保険 確定 申告,110,15.0,Informational,N/A,確定申告 2026-07-08
つくば 市 確定 申告 会場,110,18.0,Informational,N/A,確定申告 2026-07-08
ふるさと 納税 いつまで 確定 申告,110,30.0,Informational,N/A,確定申告 2026-07-08
ふるさと 納税 確定 申告 しない,110,20.0,Informational,N/A,確定申告 2026-07-08
ふるさと 納税 確定 申告 住宅 ローン,110,13.0,Informational,N/A,確定申告 2026-07-08
ふるさと 納税 確定 申告 寄付 金 受領 証明 書,110,25.0,Informational,N/A,確定申告 2026-07-08
ふるさと 納税 確定 申告 所得税 還付,110,28.0,Informational,N/A,確定申告 2026-07-08
みどり 市 確定 申告,110,13.0,Informational,N/A,確定申告 2026-07-08
みよし 市 確定 申告,110,19.0,"Informational, Transactional",N/A,確定申告 2026-07-08
みんな で 大家 さん 確定 申告,110,9.0,Informational,N/A,確定申告 2026-07-08
アイドル 確定 申告,110,10.0,Informational,N/A,確定申告 2026-07-08
アフィリエイト 確定 申告 会社 に ばれ ない,110,9.0,Informational,N/A,確定申告 2026-07-08
アメリカ 確定 申告 日本 在住,110,4.0,Informational,N/A,確定申告 2026-07-08
アルバイト 手渡し 確定 申告,110,18.0,Informational,N/A,確定申告 2026-07-08
インプラント 確定 申告 医療 費 控除,110,7.0,Informational,N/A,確定申告 2026-07-08
ウェルス ナビ 確定 申告 やり方,110,23.0,Informational,N/A,確定申告 2026-07-08
ウェルス ナビ 確定 申告 外国 税額 控除,110,26.0,"Informational, Transactional",N/A,確定申告 2026-07-08
カフェ 確定 申告,110,14.0,Informational,N/A,確定申告 2026-07-08
クレジット カード 明細 確定 申告,110,18.0,Informational,N/A,確定申告 2026-07-08
サラリーマン 確定 申告 メリット,110,30.0,Informational,N/A,確定申告 2026-07-08
シロアリ 駆除 費用 確定 申告,110,7.0,Informational,N/A,確定申告 2026-07-08
スナック 確定 申告,110,9.0,Informational,N/A,確定申告 2026-07-08
スワップ ポイント 確定 申告,110,14.0,Informational,N/A,確定申告 2026-07-08
スーツ 確定 申告,110,14.0,Informational,N/A,確定申告 2026-07-08
ダブル ワーク 確定 申告 バイト,110,29.0,Informational,N/A,確定申告 2026-07-08
チップ 確定 申告,110,10.0,Informational,N/A,確定申告 2026-07-08
デイ トレード 確定 申告,110,19.0,Informational,N/A,確定申告 2026-07-08
トレカ 確定 申告,110,12.0,Informational,N/A,確定申告 2026-07-08
ニーサ 配当 金 確定 申告,110,24.0,Informational,N/A,確定申告 2026-07-08
バイト 3 つ 掛け持ち 確定 申告,110,19.0,Informational,N/A,確定申告 2026-07-08
バイト 掛け持ち 確定 申告 しない,110,24.0,Informational,N/A,確定申告 2026-07-08
パチスロ 確定 申告,110,21.0,Informational,N/A,確定申告 2026-07-08
パート 2 箇所 確定 申告,110,17.0,Informational,N/A,確定申告 2026-07-08
パート 収入 確定 申告,110,30.0,Informational,N/A,確定申告 2026-07-08
パート 確定 申告 必要,110,24.0,Informational,N/A,確定申告 2026-07-08
フリマ サイト 確定 申告,110,16.0,Informational,N/A,確定申告 2026-07-08
フリマ 確定 申告 いくら から,110,16.0,Informational,N/A,確定申告 2026-07-08
フリー 確定 申告 料金,110,30.0,Informational,N/A,確定申告 2026-07-08
ブログ 収入 確定 申告,110,19.0,Informational,N/A,確定申告 2026-07-08
ボランティア 謝礼 確定 申告,110,10.0,Informational,N/A,確定申告 2026-07-08
ポイ 活 確定 申告 バレる,110,18.0,Informational,N/A,確定申告 2026-07-08
マイ ナンバー 通知 カード 確定 申告,110,25.0,Informational,N/A,確定申告 2026-07-08
マンション 購入 確定 申告 必要 書類,110,29.0,Informational,N/A,確定申告 2026-07-08
マーサ 確定 申告,110,11.0,Informational,N/A,確定申告 2026-07-08
メット ライフ 生命 確定 申告 書き方,110,29.0,Informational,N/A,確定申告 2026-07-08
メルカリ 20 万 以上 確定 申告,110,14.0,Informational,N/A,確定申告 2026-07-08
メルカリ せどり 確定 申告,110,10.0,Informational,N/A,確定申告 2026-07-08
メルカリ 確定 申告 不要,110,18.0,Informational,N/A,確定申告 2026-07-08
ヤフオク 確定 申告 やり方,110,13.0,Informational,N/A,確定申告 2026-07-08
ヤフオク 確定 申告 バレ ない,110,12.0,Informational,N/A,確定申告 2026-07-08
ユニセフ 確定 申告 やり方,110,28.0,Informational,N/A,確定申告 2026-07-08
リフォーム ローン 確定 申告,110,19.0,Informational,N/A,確定申告 2026-07-08
ワンス トップ 確定 申告 違い,110,26.0,Informational,N/A,確定申告 2026-07-08
ワーホリ 確定 申告,110,14.0,Informational,N/A,確定申告 2026-07-08
一人 親方 確定 申告 やり方,110,13.0,Informational,N/A,確定申告 2026-07-08
一般 口座 確定 申告 20 万 円 以下,110,28.0,Informational,N/A,確定申告 2026-07-08
一般 口座 確定 申告 忘れ た,110,25.0,Informational,N/A,確定申告 2026-07-08
一関 市 確定 申告 日程,110,19.0,Informational,N/A,確定申告 2026-07-08
上 三 川町 確定 申告,110,17.0,"Informational, Transactional",N/A,確定申告 2026-07-08
下関 市 確定 申告,110,19.0,"Informational, Transactional",N/A,確定申告 2026-07-08
不動産 売却 固定 資産 税 確定 申告,110,8.0,Informational,N/A,確定申告 2026-07-08
不動産 売却 後 の 確定 申告,110,17.0,Informational,N/A,確定申告 2026-07-08
不動産 売却 損 確定 申告,110,19.0,"Informational, Transactional",N/A,確定申告 2026-07-08
不動産 投資 確定 申告 経費,110,10.0,Informational,N/A,確定申告 2026-07-08
不動産 賃貸 確定 申告,110,24.0,Informational,N/A,確定申告 2026-07-08
世田谷 区 確定 申告 ベルサール,110,24.0,Informational,N/A,確定申告 2026-07-08
世田谷 区 確定 申告 提出 場所,110,24.0,Informational,N/A,確定申告 2026-07-08
中古 住宅 確定 申告,110,10.0,Informational,N/A,確定申告 2026-07-08
中野 税務署 確定 申告 相談,110,26.0,Informational,N/A,確定申告 2026-07-08
予備 自衛 官 確定 申告,110,15.0,Informational,N/A,確定申告 2026-07-08
事故 保険 金 確定 申告,110,11.0,Informational,N/A,確定申告 2026-07-08
二 箇所 から 給与 確定 申告,110,24.0,Informational,N/A,確定申告 2026-07-08
京都 確定 申告,110,27.0,Informational,N/A,確定申告 2026-07-08
仮想 通貨 マイナス 確定 申告,110,27.0,Informational,N/A,確定申告 2026-07-08
仮想 通貨 確定 申告 損失 のみ,110,23.0,Informational,N/A,確定申告 2026-07-08
任意 団体 確定 申告,110,11.0,Informational,N/A,確定申告 2026-07-08
企業 年金 確定 申告 不要,110,21.0,Informational,N/A,確定申告 2026-07-08
伊勢崎 市 確定 申告,110,28.0,"Informational, Transactional",N/A,確定申告 2026-07-08
休眠 会社 確定 申告 書き方,110,12.0,Informational,N/A,確定申告 2026-07-08
休職 中 確定 申告,110,15.0,Informational,N/A,確定申告 2026-07-08
休職 確定 申告,110,15.0,Informational,N/A,確定申告 2026-07-08
会社 に ばれ ない 副業 確定 申告,110,15.0,Informational,N/A,確定申告 2026-07-08
会社 に バレ ず に 確定 申告,110,13.0,Informational,N/A,確定申告 2026-07-08
会社 を 辞め た 確定 申告,110,30.0,Informational,N/A,確定申告 2026-07-08
会社 員 から 個人 事業 主 確定 申告,110,27.0,Informational,N/A,確定申告 2026-07-08
会社 員 ふるさと 納税 確定 申告,110,22.0,Informational,N/A,確定申告 2026-07-08
会社 員 不動産 収入 確定 申告,110,12.0,Informational,N/A,確定申告 2026-07-08
会社 員 年金 確定 申告,110,27.0,Informational,N/A,確定申告 2026-07-08
会社 員 確定 申告 経費,110,27.0,Informational,N/A,確定申告 2026-07-08
会社 確定 申告 いつ,110,27.0,Informational,N/A,確定申告 2026-07-08
住友 生命 確定 申告 書き方,110,22.0,Informational,N/A,確定申告 2026-07-08
住宅 ローン 借り換え 確定 申告,110,19.0,Informational,N/A,確定申告 2026-07-08
住宅 ローン 控除 初 年度 確定 申告 忘れ た,110,9.0,Informational,N/A,確定申告 2026-07-08
住宅 ローン 控除 確定 申告 必要 な もの,110,27.0,Informational,N/A,確定申告 2026-07-08
住宅 ローン 控除 確定 申告 登記 事項 証明 書,110,21.0,Commercial,N/A,確定申告 2026-07-08
住宅 ローン 控除 確定 申告 連帯 債務,110,21.0,Informational,N/A,確定申告 2026-07-08
住宅 ローン 控除 確定 申告 還付 金,110,11.0,Informational,N/A,確定申告 2026-07-08
住宅 ローン 確定 申告 ネット,110,28.0,Informational,N/A,確定申告 2026-07-08
住宅 ローン 確定 申告 書き方,110,27.0,Informational,N/A,確定申告 2026-07-08
住宅 控除 確定 申告 初 年度,110,30.0,Informational,N/A,確定申告 2026-07-08
住宅 贈与 確定 申告,110,24.0,Informational,N/A,確定申告 2026-07-08
住民 税 還付 確定 申告,110,17.0,Informational,N/A,確定申告 2026-07-08
佐世保 市 確定 申告,110,23.0,Informational,N/A,確定申告 2026-07-08
佐世保 確定 申告,110,24.0,Informational,N/A,確定申告 2026-07-08
佐倉 市 確定 申告 相談,110,20.0,Informational,N/A,確定申告 2026-07-08
佐賀 市 確定 申告,110,30.0,Informational,N/A,確定申告 2026-07-08
佐野 市 確定 申告,110,27.0,Informational,N/A,確定申告 2026-07-08
保険 収入 確定 申告,110,26.0,Informational,N/A,確定申告 2026-07-08
保険 配当 金 確定 申告,110,21.0,Informational,N/A,確定申告 2026-07-08
保険 金 満期 確定 申告,110,22.0,Informational,N/A,確定申告 2026-07-08
保険 金 解約 確定 申告,110,18.0,Informational,N/A,確定申告 2026-07-08
修正 申告 確定 申告,110,22.0,Navigational,N/A,確定申告 2026-07-08
倉敷 市 確定 申告,110,27.0,"Informational, Transactional",N/A,確定申告 2026-07-08
個人 の 確定 申告 税理士 費用,110,16.0,Informational,N/A,確定申告 2026-07-08
個人 事業 主 売上 なし 確定 申告,110,24.0,Informational,N/A,確定申告 2026-07-08
個人 事業 主 死亡 確定 申告,110,17.0,Informational,N/A,確定申告 2026-07-08
個人 事業 主 車 売却 確定 申告,110,16.0,Informational,N/A,確定申告 2026-07-08
個人 年金 保険 料 確定 申告,110,19.0,Informational,N/A,確定申告 2026-07-08
個人 年金 確定 申告 必要 書類,110,25.0,Informational,N/A,確定申告 2026-07-08
個人 年金 確定 申告 源泉 徴収,110,24.0,Informational,N/A,確定申告 2026-07-08
個人 年金 確定 申告 雑 所得,110,23.0,Informational,N/A,確定申告 2026-07-08
個人 確定 申告 料金,110,14.0,Informational,N/A,確定申告 2026-07-08
借入金 確定 申告,110,18.0,Informational,N/A,確定申告 2026-07-08
健康 保険 任意 継続 確定 申告,110,13.0,Informational,N/A,確定申告 2026-07-08
健康 保険 料 確定 申告 証明 書,110,22.0,Informational,N/A,確定申告 2026-07-08
傷病 手当 確定 申告 医療 費 控除,110,9.0,Informational,N/A,確定申告 2026-07-08
傷病 手当 金 確定 申告 還付 金,110,12.0,Informational,N/A,確定申告 2026-07-08
先物 取引 確定 申告 e tax,110,28.0,Informational,N/A,確定申告 2026-07-08
先物 取引 確定 申告 しない,110,20.0,Informational,N/A,確定申告 2026-07-08
全国 生活 協同 組合 連合 会 確定 申告,110,20.0,Informational,N/A,確定申告 2026-07-08
全国 福利 厚生 共済 会 確定 申告,110,9.0,Informational,N/A,確定申告 2026-07-08
八女 市 確定 申告,110,27.0,"Informational, Transactional",N/A,確定申告 2026-07-08
八尾 市 確定 申告,110,28.0,"Informational, Transactional",N/A,確定申告 2026-07-08
八潮 市 確定 申告 メセナ,110,14.0,Navigational,N/A,確定申告 2026-07-08
八王子 市 確定 申告,110,19.0,"Informational, Transactional",N/A,確定申告 2026-07-08
八王子 確定 申告 無料 相談,110,29.0,Informational,N/A,確定申告 2026-07-08
公務員 株 確定 申告,110,13.0,Informational,N/A,確定申告 2026-07-08
共済 割戻金 確定 申告,110,16.0,Informational,N/A,確定申告 2026-07-08
出産 確定 申告 医療 費 控除,110,18.0,Informational,N/A,確定申告 2026-07-08
出産 費用 確定 申告 医療 費 控除,110,15.0,Informational,N/A,確定申告 2026-07-08
出雲 市 確定 申告 相談,110,27.0,Informational,N/A,確定申告 2026-07-08
副業 30 万 確定 申告,110,27.0,Informational,N/A,確定申告 2026-07-08
副業 手渡し 確定 申告,110,14.0,Informational,N/A,確定申告 2026-07-08
北九州 市 確定 申告 無料 相談,110,27.0,Informational,N/A,確定申告 2026-07-08
北沢 税務署 確定 申告,110,26.0,"Informational, Transactional",N/A,確定申告 2026-07-08
医療 保険 金 確定 申告,110,18.0,Informational,N/A,確定申告 2026-07-08
医療 確定 申告 いつまで,110,29.0,Informational,N/A,確定申告 2026-07-08
医療 費 10 万 円 以上 確定 申告,110,19.0,Informational,N/A,確定申告 2026-07-08
医療 費 10 万 確定 申告,110,14.0,Informational,N/A,確定申告 2026-07-08
医療 費 控除 確定 申告 10 万 円,110,17.0,Informational,N/A,確定申告 2026-07-08
医療 費 控除 確定 申告 いくら,110,27.0,Informational,N/A,確定申告 2026-07-08
医療 費 控除 確定 申告 いつ,110,24.0,Informational,N/A,確定申告 2026-07-08
医療 費 控除 確定 申告 さかのぼり,110,26.0,Informational,N/A,確定申告 2026-07-08
医療 費 控除 確定 申告 不妊 治療,110,15.0,Informational,N/A,確定申告 2026-07-08
医療 費 控除 確定 申告 交通 費,110,16.0,Informational,N/A,確定申告 2026-07-08
医療 費 控除 確定 申告 医療 費 の お知らせ,110,23.0,Informational,N/A,確定申告 2026-07-08
医療 費 控除 確定 申告 時期,110,29.0,Informational,N/A,確定申告 2026-07-08
医療 費 控除 確定 申告 領収 書,110,16.0,Informational,N/A,確定申告 2026-07-08
医療 費 控除 確定 申告 領収 書 提出,110,13.0,Informational,N/A,確定申告 2026-07-08
医療 費 確定 申告 10 万,110,17.0,Informational,N/A,確定申告 2026-07-08
医療 費 確定 申告 何 年 前 まで,110,23.0,Informational,N/A,確定申告 2026-07-08
医療 費 確定 申告 還付 金,110,14.0,Informational,N/A,確定申告 2026-07-08
医療費控除 確定申告 いつまで 2021,110,24.0,Informational,N/A,確定申告 2026-07-08
千葉 市 確定 申告 場所,110,30.0,Informational,N/A,確定申告 2026-07-08
単身 赴任 確定 申告,110,13.0,Informational,N/A,確定申告 2026-07-08
去年 退職 確定 申告,110,28.0,Informational,N/A,確定申告 2026-07-08
収入 印紙 確定 申告,110,21.0,Informational,N/A,確定申告 2026-07-08
収支 内訳 書 確定 申告,110,30.0,Informational,N/A,確定申告 2026-07-08
取手 市 確定 申告,110,27.0,Informational,N/A,確定申告 2026-07-08
吉川 市 確定 申告,110,17.0,Informational,N/A,確定申告 2026-07-08
同一 生計 配偶 者 確定 申告,110,28.0,Informational,N/A,確定申告 2026-07-08
吹田 市 確定 申告 相談,110,12.0,Informational,N/A,確定申告 2026-07-08
吹田 税務署 確定 申告,110,29.0,"Informational, Navigational",N/A,確定申告 2026-07-08
吹田 税務署 確定 申告 相談,110,27.0,Informational,N/A,確定申告 2026-07-08
和光 市 確定 申告,110,27.0,Informational,N/A,確定申告 2026-07-08
四日市 税務署 確定 申告,110,21.0,Informational,N/A,確定申告 2026-07-08
固定 資産 確定 申告,110,20.0,Informational,N/A,確定申告 2026-07-08
固定 資産 税 確定 申告 やり方,110,28.0,Informational,N/A,確定申告 2026-07-08
固定 資産 税 確定 申告 必要 書類,110,14.0,Informational,N/A,確定申告 2026-07-08
国境 なき 医師 団 寄付 確定 申告,110,25.0,Informational,N/A,確定申告 2026-07-08
国民 健康 保険 確定 申告 期間,110,12.0,Informational,N/A,確定申告 2026-07-08
国民 年金 二 年 前納 確定 申告,110,28.0,Informational,N/A,確定申告 2026-07-08
国民 年金 控除 確定 申告,110,30.0,Informational,N/A,確定申告 2026-07-08
土地 が 売れ た 確定 申告,110,28.0,Informational,N/A,確定申告 2026-07-08
土地 売却 確定 申告 e tax,110,30.0,"Informational, Navigational",N/A,確定申告 2026-07-08
土地 売却 確定 申告 しない,110,10.0,Informational,N/A,確定申告 2026-07-08
土地 売却 確定 申告 税理士 費用,110,9.0,Informational,N/A,確定申告 2026-07-08
土地 売買 確定 申告 必要 書類,110,23.0,Informational,N/A,確定申告 2026-07-08
在宅 ワーク 確定 申告,110,20.0,"Informational, Commercial",N/A,確定申告 2026-07-08
地震 保険 控除 確定 申告,110,15.0,Informational,N/A,確定申告 2026-07-08
地震 保険 確定 申告 やり方,110,16.0,Informational,N/A,確定申告 2026-07-08
堺 市 税務署 確定 申告 相談,110,26.0,Informational,N/A,確定申告 2026-07-08
外交 員 報酬 確定 申告 記入 例,110,21.0,Informational,N/A,確定申告 2026-07-08
外国 債券 確定 申告,110,20.0,Informational,N/A,確定申告 2026-07-08
外国 為替 証拠 金 取引 確定 申告,110,28.0,Informational,N/A,確定申告 2026-07-08
外為 どっと コム 確定 申告,110,23.0,Navigational,N/A,確定申告 2026-07-08
外貨 確定 申告,110,30.0,Informational,N/A,確定申告 2026-07-08
外貨 預金 確定 申告 為替 差益,110,27.0,Informational,N/A,確定申告 2026-07-08
大垣 市 確定 申告,110,19.0,Informational,N/A,確定申告 2026-07-08
大学生 バイト 掛け持ち 確定 申告,110,23.0,Informational,N/A,確定申告 2026-07-08
大田原 市 確定 申告,110,28.0,"Informational, Transactional",N/A,確定申告 2026-07-08
奨学 金 返済 確定 申告 控除,110,11.0,Informational,N/A,確定申告 2026-07-08
子供 確定 申告,110,19.0,Informational,N/A,確定申告 2026-07-08
学生 バイト 掛け持ち 確定 申告,110,24.0,Informational,N/A,確定申告 2026-07-08
学資 保険 満期 確定 申告 書き方,110,11.0,Informational,N/A,確定申告 2026-07-08
学資 保険 確定 申告 満期,110,16.0,Informational,N/A,確定申告 2026-07-08
学資 保険 解約 確定 申告,110,20.0,Informational,N/A,確定申告 2026-07-08
宇治 税務署 確定 申告,110,28.0,Informational,N/A,確定申告 2026-07-08
宇都宮 税務署 確定 申告 提出,110,29.0,Informational,N/A,確定申告 2026-07-08
安 城市 確定 申告,110,26.0,Informational,N/A,確定申告 2026-07-08
宗像 市 確定 申告,110,29.0,Informational,N/A,確定申告 2026-07-08
家 建て た 確定 申告,110,22.0,Informational,N/A,確定申告 2026-07-08
家 確定 申告 必要 書類,110,29.0,Informational,N/A,確定申告 2026-07-08
家賃 収入 確定 申告 いくら から,110,20.0,Informational,N/A,確定申告 2026-07-08
富士 市 確定 申告 場所,110,25.0,Informational,N/A,確定申告 2026-07-08
富山 確定 申告,110,25.0,Informational,N/A,確定申告 2026-07-08
寡婦 確定 申告,110,29.0,Informational,N/A,確定申告 2026-07-08
専従 者 控除 確定 申告,110,25.0,Informational,N/A,確定申告 2026-07-08
専業 主婦 確定 申告 生命 保険,110,21.0,Informational,N/A,確定申告 2026-07-08
射水 市 確定 申告,110,30.0,Informational,N/A,確定申告 2026-07-08
小 規模 企業 共済 確定 申告 証明 書,110,24.0,Informational,N/A,確定申告 2026-07-08
小平 市 確定 申告,110,21.0,Informational,N/A,確定申告 2026-07-08
小田原 税務署 確定 申告 相談,110,20.0,"Informational, Transactional",N/A,確定申告 2026-07-08
尼崎 市 確定 申告 会場,110,26.0,Informational,N/A,確定申告 2026-07-08
山林 売却 確定 申告,110,21.0,Informational,N/A,確定申告 2026-07-08
岐阜 確定 申告,110,30.0,Informational,N/A,確定申告 2026-07-08
岡山 西 税務署 確定 申告,110,27.0,"Informational, Transactional",N/A,確定申告 2026-07-08
島田 市 確定 申告,110,19.0,Informational,N/A,確定申告 2026-07-08
島田 市 確定 申告 ぽぽろ,110,16.0,Informational,N/A,確定申告 2026-07-08
川口 市 確定 申告 場所,110,28.0,Informational,N/A,確定申告 2026-07-08
川崎 市 確定 申告 多摩 区,110,19.0,Informational,N/A,確定申告 2026-07-08
市川 市 税務署 確定 申告,110,30.0,"Informational, Transactional",N/A,確定申告 2026-07-08
市民 県民 税 確定 申告,110,27.0,Informational,N/A,確定申告 2026-07-08
常陸 大宮 市 確定 申告,110,15.0,"Informational, Transactional",N/A,確定申告 2026-07-08
平塚 市役所 確定 申告,110,26.0,"Informational, Transactional",N/A,確定申告 2026-07-08
年収 103 万 以下 確定 申告,110,26.0,Informational,N/A,確定申告 2026-07-08
年収 2000 万 円 確定 申告,110,29.0,Informational,N/A,確定申告 2026-07-08
年収 40 万 確定 申告,110,28.0,Informational,N/A,確定申告 2026-07-08
年末 退職 確定 申告,110,28.0,Informational,N/A,確定申告 2026-07-08
年金 と アルバイト 確定 申告,110,30.0,Informational,N/A,確定申告 2026-07-08
年金 医療 費 控除 確定 申告,110,15.0,Informational,N/A,確定申告 2026-07-08
年金 受給 者 医療 費 確定 申告,110,14.0,Informational,N/A,確定申告 2026-07-08
年金 受給 者 確定 申告 と は,110,29.0,Informational,N/A,確定申告 2026-07-08
年金 受給 者 確定 申告 シミュレーション,110,21.0,Informational,N/A,確定申告 2026-07-08
年金 受給 者 確定 申告 必要,110,30.0,Informational,N/A,確定申告 2026-07-08
年金 基金 確定 申告,110,4.0,Informational,N/A,確定申告 2026-07-08
年金 所得 者 の 確定 申告 不要 制度,110,28.0,Informational,N/A,確定申告 2026-07-08
年金 生活 者 確定 申告 必要,110,29.0,Informational,N/A,確定申告 2026-07-08
年金 確定 申告 不要 制度,110,28.0,Informational,N/A,確定申告 2026-07-08
年金 確定 申告 医療 費 控除,110,12.0,Informational,N/A,確定申告 2026-07-08
建 退 共 退職 金 確定 申告,110,17.0,Informational,N/A,確定申告 2026-07-08
弘前 市 確定 申告,110,25.0,"Informational, Transactional",N/A,確定申告 2026-07-08
弘前 確定 申告,110,28.0,Informational,N/A,確定申告 2026-07-08
弥生 青色 申告 確定 申告,110,30.0,Navigational,N/A,確定申告 2026-07-08
役員 確定 申告,110,8.0,Informational,N/A,確定申告 2026-07-08
後期 高齢 者 医療 保険 料 確定 申告 控除,110,12.0,Informational,N/A,確定申告 2026-07-08
従業 員 確定 申告,110,18.0,Informational,N/A,確定申告 2026-07-08
必要 経費 と は 確定 申告,110,24.0,Informational,N/A,確定申告 2026-07-08
志摩 市 確定 申告 会場,110,23.0,Informational,N/A,確定申告 2026-07-08
我孫子 市 確定 申告,110,24.0,Informational,N/A,確定申告 2026-07-08
所得 金額 と は 確定 申告,110,30.0,Informational,N/A,確定申告 2026-07-08
所沢 税務署 確定 申告 提出,110,23.0,Informational,N/A,確定申告 2026-07-08
手渡し 給料 確定 申告,110,16.0,Informational,N/A,確定申告 2026-07-08
扶養 内 ダブル ワーク 確定 申告,110,17.0,Informational,N/A,確定申告 2026-07-08
扶養 内 確定 申告 必要,110,16.0,Informational,N/A,確定申告 2026-07-08
投資 信託 確定 申告 不要,110,22.0,Informational,N/A,確定申告 2026-07-08
敷金 確定 申告,110,21.0,Informational,N/A,確定申告 2026-07-08
文京 区 確定 申告,110,28.0,Informational,N/A,確定申告 2026-07-08
新宿 区 確定 申告 会場,110,30.0,Informational,N/A,確定申告 2026-07-08
新宿 確定 申告,110,23.0,Informational,N/A,確定申告 2026-07-08
新発田 税務署 確定 申告,110,30.0,Informational,N/A,確定申告 2026-07-08
新築 確定 申告 いつまで,110,30.0,Informational,N/A,確定申告 2026-07-08
日 払い 確定 申告,110,15.0,Informational,N/A,確定申告 2026-07-08
旭 市 確定 申告,110,20.0,Informational,N/A,確定申告 2026-07-08
旭川 市 確定 申告,110,29.0,Informational,N/A,確定申告 2026-07-08
明治 安田 生命 確定 申告,110,17.0,Navigational,N/A,確定申告 2026-07-08
春日井 確定 申告,110,22.0,Informational,N/A,確定申告 2026-07-08
木更津 税務署 確定 申告,110,27.0,"Informational, Transactional",N/A,確定申告 2026-07-08
未 払 賃金 立替 払 制度 確定 申告,110,15.0,Informational,N/A,確定申告 2026-07-08
未 支給 年金 確定 申告 書き方,110,13.0,Informational,N/A,確定申告 2026-07-08
札幌 東 税務署 確定 申告,110,27.0,"Informational, Transactional",N/A,確定申告 2026-07-08
東 大阪 市 確定 申告 相談,110,19.0,Informational,N/A,確定申告 2026-07-08
東 大阪 税務署 確定 申告 日曜日,110,29.0,Informational,N/A,確定申告 2026-07-08
東村山 市 確定 申告,110,17.0,"Informational, Transactional",N/A,確定申告 2026-07-08
東村山 確定 申告,110,18.0,Informational,N/A,確定申告 2026-07-08
東松山 市 確定 申告 会場,110,17.0,Informational,N/A,確定申告 2026-07-08
東海 市 確定 申告,110,20.0,"Informational, Transactional",N/A,確定申告 2026-07-08
東近江 市 確定 申告,110,27.0,Informational,N/A,確定申告 2026-07-08
枚方 市 確定 申告,110,30.0,"Informational, Transactional",N/A,確定申告 2026-07-08
栃木 県 確定 申告,110,16.0,Informational,N/A,確定申告 2026-07-08
栗原 市 確定 申告 日程,110,20.0,Informational,N/A,確定申告 2026-07-08
株 確定 申告 書き方,110,29.0,Informational,N/A,確定申告 2026-07-08
株 譲渡 税金 確定 申告,110,17.0,Informational,N/A,確定申告 2026-07-08
桑名 市 確定 申告,110,21.0,Informational,N/A,確定申告 2026-07-08
桑名 税務署 確定 申告,110,23.0,Informational,N/A,確定申告 2026-07-08
梅田 スカイ ビル 確定 申告,110,24.0,Informational,N/A,確定申告 2026-07-08
業務 委託 副業 確定 申告,110,13.0,Informational,N/A,確定申告 2026-07-08
業務 委託 確定 申告 源泉 徴収 あり,110,22.0,Informational,N/A,確定申告 2026-07-08
楽天 証券 fx 確定 申告,110,30.0,Informational,N/A,確定申告 2026-07-08
横浜 市 確定 申告 用紙,110,26.0,Informational,N/A,確定申告 2026-07-08
横浜 確定 申告,110,27.0,Informational,N/A,確定申告 2026-07-08
正社員 ダブル ワーク 確定 申告,110,28.0,Informational,N/A,確定申告 2026-07-08
歯 列 矯正 医療 費 控除 確定 申告,110,11.0,Informational,N/A,確定申告 2026-07-08
死ん だ 人 確定 申告,110,26.0,Informational,N/A,確定申告 2026-07-08
死亡 保険 金 確定 申告 書き方,110,14.0,Informational,N/A,確定申告 2026-07-08
死亡 者 確定 申告,110,21.0,Informational,N/A,確定申告 2026-07-08
民生 委員 活動 費 確定 申告,110,17.0,Informational,N/A,確定申告 2026-07-08
沼津 市 確定 申告,110,30.0,Informational,N/A,確定申告 2026-07-08
沼津 確定 申告,110,24.0,Informational,N/A,確定申告 2026-07-08
法人 確定 申告 いつまで,110,29.0,Informational,N/A,確定申告 2026-07-08
津 市 確定 申告,110,28.0,"Informational, Transactional",N/A,確定申告 2026-07-08
津島 税務署 確定 申告 相談,110,12.0,Informational,N/A,確定申告 2026-07-08
浦添 市 確定 申告,110,27.0,Informational,N/A,確定申告 2026-07-08
消費 税 準 確定 申告 記載 例,110,17.0,Informational,N/A,確定申告 2026-07-08
消費 税 確定 申告 経費,110,20.0,Informational,N/A,確定申告 2026-07-08
消防 団 確定 申告,110,24.0,Informational,N/A,確定申告 2026-07-08
満期 保険 金 確定 申告 必要 書類,110,18.0,Informational,N/A,確定申告 2026-07-08
源泉 徴収 バイト 確定 申告,110,20.0,Informational,N/A,確定申告 2026-07-08
源泉 徴収 票 間違い 確定 申告,110,27.0,Informational,N/A,確定申告 2026-07-08
源泉 徴収 税額 0 円 確定 申告 住民 税,110,16.0,Informational,N/A,確定申告 2026-07-08
準 確定 申告 住民 税,110,8.0,Informational,N/A,確定申告 2026-07-08
準 確定 申告 医療 費 控除 書き方,110,21.0,Informational,N/A,確定申告 2026-07-08
準 確定 申告 固定 資産 税,110,12.0,Informational,N/A,確定申告 2026-07-08
準 確定 申告 更正 の 請求,110,10.0,Informational,N/A,確定申告 2026-07-08
準 確定 申告 源泉 徴収 票,110,13.0,Informational,N/A,確定申告 2026-07-08
準 確定 申告 相続 人 複数,110,14.0,Informational,N/A,確定申告 2026-07-08
準 確定 申告 相続 放棄,110,5.0,Informational,N/A,確定申告 2026-07-08
準 確定 申告 税理士 費用,110,14.0,Informational,N/A,確定申告 2026-07-08
準 確定 申告 還付,110,13.0,Informational,N/A,確定申告 2026-07-08
準 確定 申告 還付 期限,110,14.0,Informational,N/A,確定申告 2026-07-08
準 確定 申告 還付 金 いつ,110,13.0,Informational,N/A,確定申告 2026-07-08
為替 差損 確定 申告,110,28.0,Informational,N/A,確定申告 2026-07-08
為替 差益 確定 申告 必要 書類,110,27.0,Informational,N/A,確定申告 2026-07-08
無職 の 確定 申告,110,30.0,Informational,N/A,確定申告 2026-07-08
無職 確定 申告 保険 料 控除,110,26.0,Informational,N/A,確定申告 2026-07-08
熊本 確定 申告 相談,110,12.0,Informational,N/A,確定申告 2026-07-08
熱田 税務署 確定 申告 相談,110,30.0,"Informational, Navigational",N/A,確定申告 2026-07-08
特定 口座 マイナス 確定 申告,110,29.0,Informational,N/A,確定申告 2026-07-08
特定 口座 損失 確定 申告,110,25.0,Informational,N/A,確定申告 2026-07-08
特定 口座 源泉 徴収 あり 確定 申告 医療 費 控除,110,24.0,Informational,N/A,確定申告 2026-07-08
特定 支出 控除 確定 申告,110,19.0,Informational,N/A,確定申告 2026-07-08
生保 レディ 確定 申告,110,17.0,Informational,N/A,確定申告 2026-07-08
生保 レディ 確定 申告 還付 金 いくら,110,17.0,Informational,N/A,確定申告 2026-07-08
生活 保護 確定 申告 必要,110,18.0,Informational,N/A,確定申告 2026-07-08
田原 市 確定 申告,110,13.0,"Informational, Transactional",N/A,確定申告 2026-07-08
申告 漏れ 確定 申告,110,27.0,Informational,N/A,確定申告 2026-07-08
町 県民 税 確定 申告,110,9.0,Informational,N/A,確定申告 2026-07-08
病院 の 領収 書 確定 申告,110,19.0,Informational,N/A,確定申告 2026-07-08
相模原 確定 申告,110,29.0,Informational,N/A,確定申告 2026-07-08
相続 不動産 売却 確定 申告 必要 書類,110,18.0,Informational,N/A,確定申告 2026-07-08
相続 財産 確定 申告,110,20.0,Informational,N/A,確定申告 2026-07-08
確定 申告 1000 万,110,28.0,Informational,N/A,確定申告 2026-07-08
確定 申告 12 月,110,17.0,Informational,N/A,確定申告 2026-07-08
確定 申告 e tax 修正 申告,110,23.0,"Informational, Transactional",N/A,確定申告 2026-07-08
確定 申告 fx 株,110,20.0,Informational,N/A,確定申告 2026-07-08
確定 申告 fx 経費,110,15.0,Informational,N/A,確定申告 2026-07-08
確定 申告 line スタンプ,110,26.0,Informational,N/A,確定申告 2026-07-08
確定 申告 いつまで 住宅 ローン,110,20.0,Informational,N/A,確定申告 2026-07-08
確定 申告 いわき,110,27.0,Informational,N/A,確定申告 2026-07-08
確定 申告 が 必要 な 人 アルバイト,110,23.0,Informational,N/A,確定申告 2026-07-08
確定 申告 ご 祝儀,110,10.0,Informational,N/A,確定申告 2026-07-08
確定 申告 し なく て も バレ ない,110,12.0,Informational,N/A,確定申告 2026-07-08
確定 申告 しない と どう なり ます か,110,18.0,Informational,N/A,確定申告 2026-07-08
確定 申告 しない と どうなる 知恵袋,110,28.0,Informational,N/A,確定申告 2026-07-08
確定 申告 で 生命 保険 控除,110,24.0,Informational,N/A,確定申告 2026-07-08
確定 申告 と 市 県民 税 申告 違い,110,21.0,Informational,N/A,確定申告 2026-07-08
確定 申告 なぜ する,110,26.0,Informational,N/A,確定申告 2026-07-08
確定 申告 の 収入 金額 と は,110,27.0,Informational,N/A,確定申告 2026-07-08
確定 申告 の 控え と は,110,24.0,Informational,N/A,確定申告 2026-07-08
確定 申告 の 書類 どこで もらえる,110,30.0,Informational,N/A,確定申告 2026-07-08
確定 申告 の 社会 保険 料 と は,110,28.0,Informational,N/A,確定申告 2026-07-08
確定 申告 ばれる,110,13.0,Informational,N/A,確定申告 2026-07-08
確定 申告 ひたちなか,110,14.0,Informational,N/A,確定申告 2026-07-08
確定 申告 ふるさと 納税 時期,110,29.0,Informational,N/A,確定申告 2026-07-08
確定 申告 わかりやすい 本,110,16.0,"Informational, Commercial",N/A,確定申告 2026-07-08
確定 申告 を 税理士 に 頼む と いくら かかる,110,18.0,"Informational, Commercial",N/A,確定申告 2026-07-08
確定 申告 アプリ 比較,110,29.0,Informational,N/A,確定申告 2026-07-08
確定 申告 イオン 倉敷,110,19.0,Informational,N/A,確定申告 2026-07-08
確定 申告 ガソリン 代 は,110,15.0,Informational,N/A,確定申告 2026-07-08
確定 申告 クレジット カード 手数料,110,17.0,Informational,N/A,確定申告 2026-07-08
確定 申告 コルトン プラザ,110,21.0,Informational,N/A,確定申告 2026-07-08
確定 申告 スーツ,110,15.0,Informational,N/A,確定申告 2026-07-08
確定 申告 セミナー 無料,110,18.0,Informational,N/A,確定申告 2026-07-08
確定 申告 ゼロ 申告 と は,110,23.0,Informational,N/A,確定申告 2026-07-08
確定 申告 データ 保存 できない,110,24.0,Informational,N/A,確定申告 2026-07-08
確定 申告 バイト 募集,110,22.0,Commercial,N/A,確定申告 2026-07-08
確定 申告 パソコン 減価 償却,110,23.0,Informational,N/A,確定申告 2026-07-08
確定 申告 パート 扶養 内,110,27.0,Informational,N/A,確定申告 2026-07-08
確定 申告 フリー ランス いくら から,110,28.0,Informational,N/A,確定申告 2026-07-08
確定 申告 フローチャート,110,14.0,Informational,N/A,確定申告 2026-07-08
確定 申告 ブログ,110,15.0,Informational,N/A,確定申告 2026-07-08
確定 申告 ポイント 利用,110,20.0,Informational,N/A,確定申告 2026-07-08
確定 申告 ポスター,110,18.0,Informational,N/A,確定申告 2026-07-08
確定 申告 マイナス 申告,110,13.0,Informational,N/A,確定申告 2026-07-08
確定 申告 ミス,110,28.0,Informational,N/A,確定申告 2026-07-08
確定 申告 レシート 整理 ノート,110,16.0,Informational,N/A,確定申告 2026-07-08
確定 申告 レシート 電子 化,110,24.0,Informational,N/A,確定申告 2026-07-08
確定 申告 ワンス トップ し て しまっ た,110,29.0,Informational,N/A,確定申告 2026-07-08
確定 申告 一 年 遅れ,110,19.0,Informational,N/A,確定申告 2026-07-08
確定 申告 一人 親方,110,12.0,Informational,N/A,確定申告 2026-07-08
確定 申告 三島 市,110,26.0,Informational,N/A,確定申告 2026-07-08
確定 申告 不動産 売却 損,110,18.0,Informational,N/A,確定申告 2026-07-08
確定 申告 不動産 売買,110,26.0,Informational,N/A,確定申告 2026-07-08
確定 申告 不動産 所得 経費,110,19.0,Informational,N/A,確定申告 2026-07-08
確定 申告 不動産 賃貸,110,22.0,Informational,N/A,確定申告 2026-07-08
確定 申告 不妊 治療,110,12.0,Informational,N/A,確定申告 2026-07-08
確定 申告 不要 制度 年金,110,29.0,Informational,N/A,確定申告 2026-07-08
確定 申告 世帯 主 と は,110,24.0,Informational,N/A,確定申告 2026-07-08
確定 申告 久喜 市,110,29.0,Informational,N/A,確定申告 2026-07-08
確定 申告 乙 欄 と は,110,27.0,Informational,N/A,確定申告 2026-07-08
確定 申告 事業 主 貸 と は,110,24.0,Informational,N/A,確定申告 2026-07-08
確定 申告 人 に 頼む,110,16.0,Informational,N/A,確定申告 2026-07-08
確定 申告 人間ドック,110,14.0,Informational,N/A,確定申告 2026-07-08
確定 申告 介護 費用 控除,110,14.0,Informational,N/A,確定申告 2026-07-08
確定 申告 仕事,110,22.0,Informational,N/A,確定申告 2026-07-08
確定 申告 代行 サービス,110,26.0,Informational,N/A,確定申告 2026-07-08
確定 申告 企業 年金 書き方,110,19.0,Informational,N/A,確定申告 2026-07-08
確定 申告 住宅 ローン 残高 証明 書,110,30.0,Informational,N/A,確定申告 2026-07-08
確定 申告 住所 変更 し て ない,110,27.0,Informational,N/A,確定申告 2026-07-08
確定 申告 住民 税 還付 いつ,110,24.0,Informational,N/A,確定申告 2026-07-08
確定 申告 保険 満期,110,22.0,Informational,N/A,確定申告 2026-07-08
確定 申告 保険 金 受取,110,28.0,Informational,N/A,確定申告 2026-07-08
確定 申告 修正 テープ,110,15.0,Informational,N/A,確定申告 2026-07-08
確定 申告 修正 申告 書 書き方,110,22.0,Informational,N/A,確定申告 2026-07-08
確定 申告 個人 事業 主 いつまで,110,29.0,Informational,N/A,確定申告 2026-07-08
確定 申告 個人 年金 保険 料 控除,110,18.0,Informational,N/A,確定申告 2026-07-08
確定 申告 借入金 利子,110,14.0,Informational,N/A,確定申告 2026-07-08
確定 申告 健康 保険,110,22.0,Informational,N/A,確定申告 2026-07-08
確定 申告 健康 保険 料 証明 書,110,18.0,Informational,N/A,確定申告 2026-07-08
確定 申告 全部 事項 証明 書,110,20.0,Informational,N/A,確定申告 2026-07-08
確定 申告 八千代 市,110,24.0,"Informational, Transactional",N/A,確定申告 2026-07-08
確定 申告 分離 課税 書き方,110,30.0,Informational,N/A,確定申告 2026-07-08
確定 申告 分離 課税 総合 課税,110,17.0,Informational,N/A,確定申告 2026-07-08
確定 申告 利息 科目,110,23.0,Informational,N/A,確定申告 2026-07-08
確定 申告 前 職 の 源泉 徴収 票,110,27.0,Informational,N/A,確定申告 2026-07-08
確定 申告 副業 源泉 徴収,110,30.0,Informational,N/A,確定申告 2026-07-08
確定 申告 勉強 会,110,17.0,Informational,N/A,確定申告 2026-07-08
確定 申告 医療 費 10 万 円 以上,110,11.0,Informational,N/A,確定申告 2026-07-08
確定 申告 医療 費 いくら,110,24.0,Informational,N/A,確定申告 2026-07-08
確定 申告 医療 費 タクシー 代,110,22.0,Informational,N/A,確定申告 2026-07-08
確定 申告 医療 費 控除 いくら,110,25.0,Informational,N/A,確定申告 2026-07-08
確定 申告 医療 費 控除 さかのぼっ て,110,23.0,Informational,N/A,確定申告 2026-07-08
確定 申告 医療 費 控除 に 必要 な 書類,110,29.0,Informational,N/A,確定申告 2026-07-08
確定 申告 医療 費 控除 ふるさと 納税 やり方,110,28.0,Informational,N/A,確定申告 2026-07-08
確定 申告 医療 費 控除 コンタクト レンズ,110,12.0,Informational,N/A,確定申告 2026-07-08
確定 申告 医療 費 控除 タクシー 代,110,20.0,Informational,N/A,確定申告 2026-07-08
確定 申告 医療 費 控除 不妊 治療,110,11.0,Informational,N/A,確定申告 2026-07-08
確定 申告 医療 費 控除 出産 費用,110,18.0,Informational,N/A,確定申告 2026-07-08
確定 申告 医療 費 控除 医療 費 集計 フォーム,110,27.0,Navigational,N/A,確定申告 2026-07-08
確定 申告 医療 費 控除 歯科 矯正,110,4.0,Informational,N/A,確定申告 2026-07-08
確定 申告 医療 費 控除 生命 保険 給付 金,110,28.0,Informational,N/A,確定申告 2026-07-08
確定 申告 医療 費 明細 書 書き方,110,20.0,Informational,N/A,確定申告 2026-07-08
確定 申告 医療 費 還付,110,26.0,Informational,N/A,確定申告 2026-07-08
確定 申告 医療 費 還付 金,110,12.0,Informational,N/A,確定申告 2026-07-08
確定 申告 医療 費 領収 書 ない,110,15.0,Informational,N/A,確定申告 2026-07-08
確定 申告 千曲 市,110,27.0,"Informational, Transactional",N/A,確定申告 2026-07-08
確定 申告 印西 市,110,14.0,Informational,N/A,確定申告 2026-07-08
確定 申告 台東 区,110,24.0,Informational,N/A,確定申告 2026-07-08
確定 申告 各務原,110,21.0,Informational,N/A,確定申告 2026-07-08
確定 申告 合計 所得 金額,110,19.0,Informational,N/A,確定申告 2026-07-08
確定 申告 吉川 市,110,13.0,Informational,N/A,確定申告 2026-07-08
確定 申告 嘘 バレ ない,110,8.0,Informational,N/A,確定申告 2026-07-08
確定 申告 固定 資産 税 必要 書類,110,18.0,Informational,N/A,確定申告 2026-07-08
確定 申告 国民 健康 保険 料,110,17.0,Informational,N/A,確定申告 2026-07-08
確定 申告 国民 健康 保険 期間,110,15.0,Informational,N/A,確定申告 2026-07-08
確定 申告 土浦,110,30.0,Informational,N/A,確定申告 2026-07-08
確定 申告 在宅 ワーク,110,21.0,Informational,N/A,確定申告 2026-07-08
確定 申告 在庫,110,16.0,Informational,N/A,確定申告 2026-07-08
確定 申告 地震 保険 控除,110,15.0,Informational,N/A,確定申告 2026-07-08
確定 申告 報酬 は 何 所得,110,22.0,Informational,N/A,確定申告 2026-07-08
確定 申告 売買 契約 書 コピー どこまで,110,9.0,Informational,N/A,確定申告 2026-07-08
確定 申告 外貨,110,30.0,Informational,N/A,確定申告 2026-07-08
確定 申告 多摩 市,110,26.0,Informational,N/A,確定申告 2026-07-08
確定 申告 太田 市,110,12.0,Informational,N/A,確定申告 2026-07-08
確定 申告 奈良 県,110,24.0,Informational,N/A,確定申告 2026-07-08
確定 申告 委託 料,110,19.0,Informational,N/A,確定申告 2026-07-08
確定 申告 姫路 市,110,30.0,Informational,N/A,確定申告 2026-07-08
確定 申告 子供,110,20.0,Informational,N/A,確定申告 2026-07-08
確定 申告 子供 の 学費 控除,110,21.0,Informational,N/A,確定申告 2026-07-08
確定 申告 学生 掛け持ち,110,24.0,Informational,N/A,確定申告 2026-07-08
確定 申告 学資 保険 満期,110,14.0,Informational,N/A,確定申告 2026-07-08
確定 申告 宇治 税務署,110,26.0,"Informational, Transactional",N/A,確定申告 2026-07-08
確定 申告 守谷 市,110,22.0,Informational,N/A,確定申告 2026-07-08
確定 申告 安曇野 市,110,22.0,Informational,N/A,確定申告 2026-07-08
確定 申告 定年 退職 後,110,26.0,Informational,N/A,確定申告 2026-07-08
確定 申告 家 を 売っ た,110,21.0,Informational,N/A,確定申告 2026-07-08
確定 申告 宿泊 費,110,19.0,Informational,N/A,確定申告 2026-07-08
確定 申告 寡婦 控除 と は,110,27.0,Informational,N/A,確定申告 2026-07-08
確定 申告 射水 市,110,30.0,Informational,N/A,確定申告 2026-07-08
確定 申告 小牧 市,110,15.0,"Informational, Transactional",N/A,確定申告 2026-07-08
確定 申告 尼崎 市,110,28.0,"Informational, Transactional",N/A,確定申告 2026-07-08
確定 申告 山梨,110,17.0,Informational,N/A,確定申告 2026-07-08
確定 申告 島田 市,110,21.0,Informational,N/A,確定申告 2026-07-08
確定 申告 帳簿 エクセル,110,30.0,Informational,N/A,確定申告 2026-07-08
確定 申告 年収 2000 万,110,21.0,Informational,N/A,確定申告 2026-07-08
確定 申告 年金 と 給与,110,30.0,Informational,N/A,確定申告 2026-07-08
確定 申告 年金 追 納,110,28.0,Informational,N/A,確定申告 2026-07-08
確定 申告 年齢,110,17.0,Informational,N/A,確定申告 2026-07-08
確定 申告 後 の 住民 税,110,23.0,Informational,N/A,確定申告 2026-07-08
確定 申告 後 住民 税,110,25.0,Informational,N/A,確定申告 2026-07-08
確定 申告 後期 高齢 者 医療 保険 料 証明 書,110,15.0,Informational,N/A,確定申告 2026-07-08
確定 申告 必要 な もの バイト,110,15.0,Informational,N/A,確定申告 2026-07-08
確定 申告 必要 な もの 無職,110,22.0,Informational,N/A,確定申告 2026-07-08
確定 申告 必要 な 人 アルバイト,110,20.0,Informational,N/A,確定申告 2026-07-08
確定 申告 必要 書類 アルバイト,110,18.0,Informational,N/A,確定申告 2026-07-08
確定 申告 必要 書類 パート,110,26.0,Informational,N/A,確定申告 2026-07-08
確定 申告 必要 書類 給与 明細,110,30.0,Informational,N/A,確定申告 2026-07-08
確定 申告 成田,110,28.0,"Informational, Navigational",N/A,確定申告 2026-07-08
確定 申告 成田 イオン,110,17.0,Informational,N/A,確定申告 2026-07-08
確定 申告 成田 市,110,21.0,Informational,N/A,確定申告 2026-07-08
確定 申告 手伝い,110,22.0,Informational,N/A,確定申告 2026-07-08
確定 申告 払え ない,110,28.0,Informational,N/A,確定申告 2026-07-08
確定 申告 投函,110,30.0,Informational,N/A,確定申告 2026-07-08
確定 申告 投資 信託 特定 口座,110,24.0,Informational,N/A,確定申告 2026-07-08
確定 申告 接待 交際 費 と は,110,26.0,Informational,N/A,確定申告 2026-07-08
確定 申告 控除 住民 税,110,30.0,Informational,N/A,確定申告 2026-07-08
確定 申告 損失 繰越 fx,110,26.0,Informational,N/A,確定申告 2026-07-08
確定 申告 損害 保険 料 控除,110,19.0,Informational,N/A,確定申告 2026-07-08
確定 申告 摂津 市,110,27.0,Informational,N/A,確定申告 2026-07-08
確定 申告 敷金 返金,110,20.0,Informational,N/A,確定申告 2026-07-08
確定 申告 文京 区,110,28.0,Transactional,N/A,確定申告 2026-07-08
確定 申告 料金 相場,110,22.0,Informational,N/A,確定申告 2026-07-08
確定 申告 新卒,110,21.0,Informational,N/A,確定申告 2026-07-08
確定 申告 新卒 バイト,110,18.0,Informational,N/A,確定申告 2026-07-08
確定 申告 新居 必要 書類,110,22.0,Informational,N/A,確定申告 2026-07-08
確定 申告 明石,110,27.0,Informational,N/A,確定申告 2026-07-08
確定 申告 時期 ふるさと 納税,110,30.0,Informational,N/A,確定申告 2026-07-08
確定 申告 書籍,110,17.0,Commercial,N/A,確定申告 2026-07-08
確定 申告 書類 保存 期間 個人,110,17.0,Informational,N/A,確定申告 2026-07-08
確定 申告 書類 保管 方法,110,15.0,Informational,N/A,確定申告 2026-07-08
確定 申告 期間 前,110,24.0,Informational,N/A,確定申告 2026-07-08
確定 申告 期限 過ぎ た,110,21.0,Informational,N/A,確定申告 2026-07-08
確定 申告 未 申告,110,20.0,Informational,N/A,確定申告 2026-07-08
確定 申告 本 わかりやすい,110,18.0,Informational,N/A,確定申告 2026-07-08
確定 申告 東村山 市,110,21.0,Informational,N/A,確定申告 2026-07-08
確定 申告 株 fx,110,23.0,Informational,N/A,確定申告 2026-07-08
確定 申告 株 書類,110,28.0,Informational,N/A,確定申告 2026-07-08
確定 申告 株 配当 控除,110,28.0,Informational,N/A,確定申告 2026-07-08
確定 申告 楽天 銀行,110,26.0,Informational,N/A,確定申告 2026-07-08
確定 申告 橿原 市,110,18.0,Informational,N/A,確定申告 2026-07-08
確定 申告 沖縄 県,110,27.0,Informational,N/A,確定申告 2026-07-08
確定 申告 洗車 代,110,21.0,Informational,N/A,確定申告 2026-07-08
確定 申告 消費 税 の 計算 方法,110,24.0,Informational,N/A,確定申告 2026-07-08
確定 申告 消費 税 計算 方法,110,24.0,Informational,N/A,確定申告 2026-07-08
確定 申告 添付 書類 国民 健康 保険,110,15.0,Informational,N/A,確定申告 2026-07-08
確定 申告 源泉 徴収 ない 場合,110,27.0,Informational,N/A,確定申告 2026-07-08
確定 申告 源泉 徴収 税額 0 円,110,15.0,Informational,N/A,確定申告 2026-07-08
確定 申告 漏れ が あっ た 場合,110,13.0,Informational,N/A,確定申告 2026-07-08
確定 申告 漏れ バレる,110,10.0,Informational,N/A,確定申告 2026-07-08
確定 申告 漫画 家,110,8.0,Informational,N/A,確定申告 2026-07-08
確定 申告 瀬戸 市,110,30.0,Informational,N/A,確定申告 2026-07-08
確定 申告 火災 保険 料 控除,110,15.0,Informational,N/A,確定申告 2026-07-08
確定 申告 無 申告 ばれる,110,6.0,Informational,N/A,確定申告 2026-07-08
確定 申告 無 申告 時効,110,8.0,Informational,N/A,確定申告 2026-07-08
確定 申告 特別 分配 金,110,25.0,Informational,N/A,確定申告 2026-07-08
確定 申告 生命 保険 控除 書き方,110,30.0,Informational,N/A,確定申告 2026-07-08
確定 申告 生命 保険 書き方,110,30.0,Informational,N/A,確定申告 2026-07-08
確定 申告 用紙 届か ない,110,22.0,Informational,N/A,確定申告 2026-07-08
確定 申告 甲乙,110,24.0,Informational,N/A,確定申告 2026-07-08
確定 申告 甲府 市,110,18.0,Informational,N/A,確定申告 2026-07-08
確定 申告 申告 納税 額 マイナス,110,28.0,Informational,N/A,確定申告 2026-07-08
確定 申告 登記 簿 謄本,110,30.0,Informational,N/A,確定申告 2026-07-08
確定 申告 白 青 違い,110,28.0,Informational,N/A,確定申告 2026-07-08
確定 申告 白色 と 青色 の 違い,110,29.0,Informational,N/A,確定申告 2026-07-08
確定 申告 白色 経費,110,13.0,Informational,N/A,確定申告 2026-07-08
確定 申告 相続 財産,110,20.0,Informational,N/A,確定申告 2026-07-08
確定 申告 相談 大分 市,110,27.0,Informational,N/A,確定申告 2026-07-08
確定 申告 県民 共済,110,13.0,Informational,N/A,確定申告 2026-07-08
確定 申告 督促 状,110,17.0,Informational,N/A,確定申告 2026-07-08
確定 申告 神戸,110,28.0,Informational,N/A,確定申告 2026-07-08
確定 申告 神栖 市,110,26.0,Informational,N/A,確定申告 2026-07-08
確定 申告 福山,110,29.0,Informational,N/A,確定申告 2026-07-08
確定 申告 税務署 どこでも いい,110,29.0,Informational,N/A,確定申告 2026-07-08
確定 申告 税理士 いくら,110,17.0,Informational,N/A,確定申告 2026-07-08
確定 申告 税理士 に 依頼,110,17.0,Informational,N/A,確定申告 2026-07-08
確定 申告 税理士 法 違反,110,14.0,Informational,N/A,確定申告 2026-07-08
確定 申告 税金 分割,110,15.0,Informational,N/A,確定申告 2026-07-08
確定 申告 税金 支払い 期限,110,30.0,Informational,N/A,確定申告 2026-07-08
確定 申告 種目 と は,110,29.0,Informational,N/A,確定申告 2026-07-08
確定 申告 第 3 表 書き方,110,22.0,"Informational, Transactional",N/A,確定申告 2026-07-08
確定 申告 第 二 表 記入 例,110,19.0,Informational,N/A,確定申告 2026-07-08
確定 申告 米子 市,110,28.0,Informational,N/A,確定申告 2026-07-08
確定 申告 糸満 市,110,13.0,Informational,N/A,確定申告 2026-07-08
確定 申告 納品 書,110,14.0,Informational,N/A,確定申告 2026-07-08
確定 申告 納税 分割,110,18.0,Informational,N/A,確定申告 2026-07-08
確定 申告 納税 額 と は,110,29.0,Informational,N/A,確定申告 2026-07-08
確定 申告 経費 交通 費,110,12.0,Informational,N/A,確定申告 2026-07-08
確定 申告 経費 領収 書 なし,110,14.0,Informational,N/A,確定申告 2026-07-08
確定 申告 給与 いつから いつまで,110,26.0,Informational,N/A,確定申告 2026-07-08
確定 申告 給料 明細 ない,110,15.0,Informational,N/A,確定申告 2026-07-08
確定 申告 続柄 書き方,110,24.0,Informational,N/A,確定申告 2026-07-08
確定 申告 総合 課税,110,27.0,Informational,N/A,確定申告 2026-07-08
確定 申告 繰越 損失 書き方,110,26.0,Informational,N/A,確定申告 2026-07-08
確定 申告 羽生 市,110,13.0,Informational,N/A,確定申告 2026-07-08
確定 申告 荒川 区,110,25.0,"Informational, Transactional",N/A,確定申告 2026-07-08
確定 申告 補助 金,110,12.0,Informational,N/A,確定申告 2026-07-08
確定 申告 裾野 市,110,12.0,Informational,N/A,確定申告 2026-07-08
確定 申告 複数 口座 損益 通算 書き方,110,29.0,Informational,N/A,確定申告 2026-07-08
確定 申告 見附 市,110,25.0,Informational,N/A,確定申告 2026-07-08
確定 申告 計算 サイト,110,26.0,Informational,N/A,確定申告 2026-07-08
確定 申告 診療 明細 書,110,16.0,Informational,N/A,確定申告 2026-07-08
確定 申告 講座,110,22.0,Informational,N/A,確定申告 2026-07-08
確定 申告 豊橋,110,24.0,"Informational, Navigational",N/A,確定申告 2026-07-08
確定 申告 資料 保存 期間 個人,110,20.0,Informational,N/A,確定申告 2026-07-08
確定 申告 贈与 税 必要 書類,110,30.0,Informational,N/A,確定申告 2026-07-08
確定 申告 赤字 還付 金,110,21.0,Informational,N/A,確定申告 2026-07-08
確定 申告 車 代 ローン,110,21.0,Informational,N/A,確定申告 2026-07-08
確定 申告 車 購入 サラリーマン,110,26.0,Informational,N/A,確定申告 2026-07-08
確定 申告 転職 源泉 徴収 票 ない,110,24.0,Informational,N/A,確定申告 2026-07-08
確定 申告 農業 所得 収支 内訳 書,110,19.0,Informational,N/A,確定申告 2026-07-08
確定 申告 農業 白色 申告,110,29.0,Informational,N/A,確定申告 2026-07-08
確定 申告 退職 金 医療 費 控除,110,23.0,Informational,N/A,確定申告 2026-07-08
確定 申告 途中 から,110,24.0,Navigational,N/A,確定申告 2026-07-08
確定 申告 通勤 費,110,26.0,Informational,N/A,確定申告 2026-07-08
確定 申告 通知 カード,110,28.0,Informational,N/A,確定申告 2026-07-08
確定 申告 連絡 くる,110,12.0,Informational,N/A,確定申告 2026-07-08
確定 申告 遅れ て,110,16.0,Informational,N/A,確定申告 2026-07-08
確定 申告 遅れる と,110,26.0,Informational,N/A,確定申告 2026-07-08
確定 申告 還付 期間,110,22.0,Informational,N/A,確定申告 2026-07-08
確定 申告 配偶 者 源泉 徴収 票,110,23.0,Informational,N/A,確定申告 2026-07-08
確定 申告 鎌倉 市,110,18.0,"Informational, Transactional",N/A,確定申告 2026-07-08
確定 申告 間違っ て たら,110,13.0,Informational,N/A,確定申告 2026-07-08
確定 申告 障害 者 控除 書き方,110,26.0,Informational,N/A,確定申告 2026-07-08
確定 申告 離婚,110,26.0,Informational,N/A,確定申告 2026-07-08
確定 申告 電子 申告 控え,110,26.0,"Informational, Navigational",N/A,確定申告 2026-07-08
確定 申告 青森 市,110,24.0,Informational,N/A,確定申告 2026-07-08
確定 申告 青色 申告 いつまで,110,29.0,Informational,N/A,確定申告 2026-07-08
確定 申告 領収 書 いつから いつまで,110,17.0,Informational,N/A,確定申告 2026-07-08
確定 申告 高崎,110,29.0,"Informational, Transactional",N/A,確定申告 2026-07-08
確定 申告 高額 医療,110,29.0,Informational,N/A,確定申告 2026-07-08
確定申告 2023 変更点,110,27.0,Informational,N/A,確定申告 2026-07-08
神奈川 税務署 確定 申告,110,30.0,Navigational,N/A,確定申告 2026-07-08
神戸 市 確定 申告 相談,110,19.0,Informational,N/A,確定申告 2026-07-08
福島 市 確定 申告 会場,110,21.0,Informational,N/A,確定申告 2026-07-08
福津 市 確定 申告,110,27.0,Informational,N/A,確定申告 2026-07-08
税務 調査 確定 申告,110,26.0,Informational,N/A,確定申告 2026-07-08
税理士 確定 申告 依頼,110,15.0,Informational,N/A,確定申告 2026-07-08
税理士 確定 申告 値段,110,18.0,Informational,N/A,確定申告 2026-07-08
空き家 3000 万 円 控除 確定 申告,110,23.0,Informational,N/A,確定申告 2026-07-08
笛吹 市 確定 申告,110,27.0,Informational,N/A,確定申告 2026-07-08
米国 株 確定 申告 不要,110,29.0,Informational,N/A,確定申告 2026-07-08
米国 株 配当 確定 申告,110,30.0,Informational,N/A,確定申告 2026-07-08
粕屋 町 確定 申告,110,17.0,"Informational, Transactional",N/A,確定申告 2026-07-08
緑 区役所 確定 申告,110,24.0,Informational,N/A,確定申告 2026-07-08
美容 師 確定 申告,110,10.0,Informational,N/A,確定申告 2026-07-08
羽島 市 確定 申告,110,24.0,Informational,N/A,確定申告 2026-07-08
羽生 市 確定 申告,110,13.0,"Informational, Transactional",N/A,確定申告 2026-07-08
脱税 確定 申告,110,25.0,Informational,N/A,確定申告 2026-07-08
自動車 税 確定 申告 サラリーマン,110,20.0,Informational,N/A,確定申告 2026-07-08
自動車 税 確定 申告 科目,110,13.0,Informational,N/A,確定申告 2026-07-08
自宅 修繕 費 確定 申告,110,9.0,Informational,N/A,確定申告 2026-07-08
自宅 売却 確定 申告 必要 書類,110,19.0,Informational,N/A,確定申告 2026-07-08
自家用 車 売却 確定 申告,110,18.0,Informational,N/A,確定申告 2026-07-08
茅ヶ崎 市役所 確定 申告,110,22.0,Informational,N/A,確定申告 2026-07-08
草加 市 確定 申告 場所,110,21.0,Informational,N/A,確定申告 2026-07-08
荒尾 市 確定 申告,110,18.0,Informational,N/A,確定申告 2026-07-08
菊池 税務署 確定 申告,110,30.0,Navigational,N/A,確定申告 2026-07-08
藤沢 市 確定 申告,110,28.0,"Informational, Transactional",N/A,確定申告 2026-07-08
藤沢 市 確定 申告 用紙,110,16.0,Informational,N/A,確定申告 2026-07-08
藤沢 確定 申告,110,23.0,"Informational, Transactional",N/A,確定申告 2026-07-08
藤沢 税務署 確定 申告 相談,110,25.0,Informational,N/A,確定申告 2026-07-08
裾野 市 確定 申告,110,22.0,"Informational, Transactional",N/A,確定申告 2026-07-08
西 東京 市 確定 申告,110,25.0,Informational,N/A,確定申告 2026-07-08
西新井 税務署 確定 申告,110,27.0,"Informational, Transactional",N/A,確定申告 2026-07-08
謝礼 金 確定 申告,110,24.0,Informational,N/A,確定申告 2026-07-08
豊川 市 確定 申告,110,23.0,"Informational, Transactional",N/A,確定申告 2026-07-08
豊橋 確定 申告,110,24.0,Informational,N/A,確定申告 2026-07-08
豊田 市 確定 申告 相談,110,23.0,Informational,N/A,確定申告 2026-07-08
資産 運用 確定 申告,110,22.0,Informational,N/A,確定申告 2026-07-08
贈与 確定 申告 必要 書類,110,25.0,Informational,N/A,確定申告 2026-07-08
足立 区 確定 申告 必要 書類,110,19.0,Informational,N/A,確定申告 2026-07-08
身体 障害 者 確定 申告,110,27.0,Informational,N/A,確定申告 2026-07-08
車 を 売っ た 確定 申告,110,13.0,Informational,N/A,確定申告 2026-07-08
転売 ヤー 確定 申告,110,11.0,Informational,N/A,確定申告 2026-07-08
転職 した 年 確定 申告,110,14.0,Informational,N/A,確定申告 2026-07-08
農協 確定 申告,110,10.0,Informational,N/A,確定申告 2026-07-08
農地 売却 確定 申告,110,12.0,Informational,N/A,確定申告 2026-07-08
農家 の 確定 申告,110,22.0,Informational,N/A,確定申告 2026-07-08
農業 確定 申告 ソフト,110,11.0,Informational,N/A,確定申告 2026-07-08
追 納 確定 申告,110,18.0,Informational,N/A,確定申告 2026-07-08
退職 したら 確定 申告 は 必要 か,110,22.0,Informational,N/A,確定申告 2026-07-08
退職 年金 確定 申告,110,30.0,Informational,N/A,確定申告 2026-07-08
退職 後 の 確定 申告 やり方,110,29.0,Informational,N/A,確定申告 2026-07-08
退職 源泉 徴収 票 確定 申告,110,30.0,Informational,N/A,確定申告 2026-07-08
退職 金 確定 申告 転職,110,27.0,Informational,N/A,確定申告 2026-07-08
途中 退社 確定 申告,110,25.0,Informational,N/A,確定申告 2026-07-08
遅れ て 確定 申告,110,12.0,Informational,N/A,確定申告 2026-07-08
過去 の 医療 費 控除 確定 申告,110,29.0,Informational,N/A,確定申告 2026-07-08
遺族 厚生 年金 確定 申告,110,22.0,Informational,N/A,確定申告 2026-07-08
配偶 者 の 年金 確定 申告,110,29.0,Informational,N/A,確定申告 2026-07-08
配当 金 確定 申告 必要 書類,110,22.0,Informational,N/A,確定申告 2026-07-08
金 の 売却 確定 申告,110,26.0,Informational,N/A,確定申告 2026-07-08
金 の 売買 確定 申告,110,26.0,Informational,N/A,確定申告 2026-07-08
金 積立 確定 申告,110,28.0,Informational,N/A,確定申告 2026-07-08
金地 金 確定 申告,110,24.0,Informational,N/A,確定申告 2026-07-08
鍼灸 確定 申告,110,11.0,Informational,N/A,確定申告 2026-07-08
長岡 市 確定 申告 アオーレ,110,12.0,Informational,N/A,確定申告 2026-07-08
長野 市 確定 申告 相談,110,20.0,"Informational, Transactional",N/A,確定申告 2026-07-08
開業 届 出し て ない 確定 申告,110,23.0,Informational,N/A,確定申告 2026-07-08
青色 申告 と 確定 申告 の 違い,110,26.0,Informational,N/A,確定申告 2026-07-08
静岡 市 確定 申告 会場,110,30.0,Informational,N/A,確定申告 2026-07-08
静岡 市 確定 申告 相談,110,21.0,"Informational, Transactional",N/A,確定申告 2026-07-08
音楽家 確定 申告,110,14.0,Informational,N/A,確定申告 2026-07-08
香取 市 確定 申告,110,27.0,Informational,N/A,確定申告 2026-07-08
高崎 市 確定 申告 会場,110,13.0,Informational,N/A,確定申告 2026-07-08
鹿児島 市 確定 申告 相談,110,16.0,Informational,N/A,確定申告 2026-07-08
鹿沼 税務署 確定 申告,110,27.0,Informational,N/A,確定申告 2026-07-08
10 万 円 社会 保険 料,110,13.0,Informational,N/A,社会保険料 2026-07-08
17 万 社会 保険 料,110,18.0,Informational,N/A,社会保険料 2026-07-08
20 万 円 社会 保険 料,110,29.0,Informational,N/A,社会保険料 2026-07-08
23 万 社会 保険 料,110,13.0,Informational,N/A,社会保険料 2026-07-08
3 月 4 月 5 月 社会 保険 料,110,11.0,Informational,N/A,社会保険料 2026-07-08
35 万 社会 保険 料,110,21.0,Informational,N/A,社会保険料 2026-07-08
60 歳 社会 保険 料,110,18.0,Informational,N/A,社会保険料 2026-07-08
88000 円 社会 保険 料 いくら,110,11.0,Informational,N/A,社会保険料 2026-07-08
ふるさと 納税 社会 保険 料 等 の 金額 と は,110,19.0,Informational,N/A,社会保険料 2026-07-08
事前 確定 届出 給与 社会 保険 料,110,1.0,Informational,N/A,社会保険料 2026-07-08
介護 休業 中 の 社会 保険 料,110,11.0,Informational,N/A,社会保険料 2026-07-08
住民 税 社会 保険 料,110,23.0,Informational,N/A,社会保険料 2026-07-08
保険 料 控除 申告 書 書き方 社会 保険 料,110,17.0,Informational,N/A,社会保険料 2026-07-08
傷病 手当 金 社会 保険 料 会社 負担,110,9.0,Informational,N/A,社会保険料 2026-07-08
処遇 改善 加算 社会 保険 料,110,3.0,Informational,N/A,社会保険料 2026-07-08
初任 給 社会 保険 料,110,26.0,Informational,N/A,社会保険料 2026-07-08
労災 中 社会 保険 料,110,11.0,Informational,N/A,社会保険料 2026-07-08
労災 社会 保険 料,110,8.0,Informational,N/A,社会保険料 2026-07-08
報奨 金 社会 保険 料,110,13.0,Informational,N/A,社会保険料 2026-07-08
失業 保険 社会 保険 料,110,21.0,Informational,N/A,社会保険料 2026-07-08
年俸 制 社会 保険 料,110,13.0,Informational,N/A,社会保険料 2026-07-08
年収 110 万 社会 保険 料,110,28.0,Informational,N/A,社会保険料 2026-07-08
年収 180 万 社会 保険 料,110,16.0,Informational,N/A,社会保険料 2026-07-08
役員 報酬 10 万 円 社会 保険 料,110,7.0,Informational,N/A,社会保険料 2026-07-08
役員 報酬 変更 社会 保険 料,110,8.0,Informational,N/A,社会保険料 2026-07-08
手取り 30 万 社会 保険 料,110,25.0,Informational,N/A,社会保険料 2026-07-08
払い すぎ た 社会 保険 料,110,19.0,Informational,N/A,社会保険料 2026-07-08
時給 社会 保険 料 計算,110,11.0,Informational,N/A,社会保険料 2026-07-08
月 20 万 社会 保険 料,110,30.0,Informational,N/A,社会保険料 2026-07-08
月収 11 万 社会 保険 料,110,15.0,Informational,N/A,社会保険料 2026-07-08
月収 17 万 社会 保険 料,110,18.0,Informational,N/A,社会保険料 2026-07-08
月収 40 万 社会 保険 料,110,16.0,Informational,N/A,社会保険料 2026-07-08
末日 退職 社会 保険 料,110,19.0,Informational,N/A,社会保険料 2026-07-08
株 社会 保険 料,110,24.0,Informational,N/A,社会保険料 2026-07-08
欠勤 社会 保険 料,110,9.0,Informational,N/A,社会保険料 2026-07-08
派遣 社員 社会 保険 料,110,17.0,Informational,N/A,社会保険料 2026-07-08
源泉 徴収 票 社会 保険 料 内,110,15.0,Informational,N/A,社会保険料 2026-07-08
源泉 徴収 票 社会 保険 料 等 の 金額 内訳,110,16.0,Informational,N/A,社会保険料 2026-07-08
産休 ボーナス 社会 保険 料,110,12.0,Informational,N/A,社会保険料 2026-07-08
確定 拠出 年金 社会 保険 料,110,22.0,Informational,N/A,社会保険料 2026-07-08
社会 保険 料 456,110,21.0,Informational,N/A,社会保険料 2026-07-08
社会 保険 料 9 月,110,13.0,Informational,N/A,社会保険料 2026-07-08
社会 保険 料 の 領収 書 と は,110,17.0,Informational,N/A,社会保険料 2026-07-08
社会 保険 料 を 下げる,110,13.0,Informational,N/A,社会保険料 2026-07-08
社会 保険 料 クレジット カード 払い,110,13.0,Informational,N/A,社会保険料 2026-07-08
社会 保険 料 ボーナス 計算,110,23.0,Informational,N/A,社会保険料 2026-07-08
社会 保険 料 任意 継続 保険 料,110,14.0,Informational,N/A,社会保険料 2026-07-08
社会 保険 料 会社 負担 分 仕訳,110,20.0,Informational,N/A,社会保険料 2026-07-08
社会 保険 料 会社 負担 分 計算,110,22.0,Informational,N/A,社会保険料 2026-07-08
社会 保険 料 値上げ 推移,110,30.0,Informational,N/A,社会保険料 2026-07-08
社会 保険 料 全額 会社 負担,110,9.0,Informational,N/A,社会保険料 2026-07-08
社会 保険 料 分割 納付,110,9.0,Informational,N/A,社会保険料 2026-07-08
社会 保険 料 勘定 科目 法人,110,23.0,Informational,N/A,社会保険料 2026-07-08
社会 保険 料 合計,110,26.0,Informational,N/A,社会保険料 2026-07-08
社会 保険 料 報酬 月額 表,110,29.0,Navigational,N/A,社会保険料 2026-07-08
社会 保険 料 増加,110,28.0,Informational,N/A,社会保険料 2026-07-08
社会 保険 料 増税,110,26.0,Informational,N/A,社会保険料 2026-07-08
社会 保険 料 変更 届,110,18.0,Informational,N/A,社会保険料 2026-07-08
社会 保険 料 広島 県,110,26.0,"Informational, Navigational",N/A,社会保険料 2026-07-08
社会 保険 料 愛知,110,12.0,Informational,N/A,社会保険料 2026-07-08
社会 保険 料 払い たく ない,110,22.0,Informational,N/A,社会保険料 2026-07-08
社会 保険 料 払い 方,110,13.0,Informational,N/A,社会保険料 2026-07-08
社会 保険 料 払い 過ぎ,110,17.0,Informational,N/A,社会保険料 2026-07-08
社会 保険 料 損金 算入 時期,110,6.0,Informational,N/A,社会保険料 2026-07-08
社会 保険 料 支払 日,110,16.0,Informational,N/A,社会保険料 2026-07-08
社会 保険 料 支払 証明 書,110,27.0,Informational,N/A,社会保険料 2026-07-08
社会 保険 料 新入 社員,110,11.0,Informational,N/A,社会保険料 2026-07-08
社会 保険 料 明細,110,19.0,Informational,N/A,社会保険料 2026-07-08
社会 保険 料 月 の 途中 で 入社,110,10.0,Informational,N/A,社会保険料 2026-07-08
社会 保険 料 月 途中 退職,110,14.0,Informational,N/A,社会保険料 2026-07-08
社会 保険 料 月末,110,15.0,Informational,N/A,社会保険料 2026-07-08
社会 保険 料 月額 報酬 表,110,26.0,Informational,N/A,社会保険料 2026-07-08
社会 保険 料 未払い,110,13.0,Informational,N/A,社会保険料 2026-07-08
社会 保険 料 比率,110,24.0,Informational,N/A,社会保険料 2026-07-08
社会 保険 料 法定 福利 費,110,21.0,Informational,N/A,社会保険料 2026-07-08
社会 保険 料 源泉 徴収,110,26.0,Informational,N/A,社会保険料 2026-07-08
社会 保険 料 滞納 会社 解散,110,8.0,Informational,N/A,社会保険料 2026-07-08
社会 保険 料 滞納 法人,110,10.0,Informational,N/A,社会保険料 2026-07-08
社会 保険 料 確認,110,24.0,Informational,N/A,社会保険料 2026-07-08
社会 保険 料 福島 県,110,15.0,"Informational, Navigational",N/A,社会保険料 2026-07-08
社会 保険 料 等 の 控除,110,28.0,Informational,N/A,社会保険料 2026-07-08
社会 保険 料 等 の 金額 内,110,13.0,Informational,N/A,社会保険料 2026-07-08
社会 保険 料 等 の 金額 源泉 徴収 票,110,13.0,Informational,N/A,社会保険料 2026-07-08
社会 保険 料 算出 期間,110,25.0,Informational,N/A,社会保険料 2026-07-08
社会 保険 料 算定 方法,110,27.0,Informational,N/A,社会保険料 2026-07-08
社会 保険 料 節約,110,12.0,Informational,N/A,社会保険料 2026-07-08
社会 保険 料 納付 方法,110,21.0,Informational,N/A,社会保険料 2026-07-08
社会 保険 料 納入 状況 照会 回答 票,110,11.0,Informational,N/A,社会保険料 2026-07-08
社会 保険 料 義務,110,27.0,Informational,N/A,社会保険料 2026-07-08
社会 保険 料 育休 免除,110,19.0,Informational,N/A,社会保険料 2026-07-08
社会 保険 料 計算 交通 費,110,17.0,Informational,N/A,社会保険料 2026-07-08
社会 保険 料 計算 会社 負担 分,110,20.0,Informational,N/A,社会保険料 2026-07-08
社会 保険 料 調整,110,27.0,Informational,N/A,社会保険料 2026-07-08
社会 保険 料 調整 と は,110,12.0,Informational,N/A,社会保険料 2026-07-08
社会 保険 料 賞与 保険 料率,110,21.0,Informational,N/A,社会保険料 2026-07-08
社会 保険 料 通知 書 見方,110,17.0,Informational,N/A,社会保険料 2026-07-08
社会 保険 料 遡及 精算,110,11.0,Informational,N/A,社会保険料 2026-07-08
社会 保険 料 雇用 保険 料,110,30.0,Informational,N/A,社会保険料 2026-07-08
社会 保険 料 雇用 保険 料 含む,110,29.0,Informational,N/A,社会保険料 2026-07-08
社会 保険 料 項目,110,17.0,Informational,N/A,社会保険料 2026-07-08
社会 保険 料 領収 済 通知 書,110,14.0,Informational,N/A,社会保険料 2026-07-08
社会 保険 料 高い 理由,110,14.0,Informational,N/A,社会保険料 2026-07-08
社会 保険 料 高く なっ た,110,15.0,Informational,N/A,社会保険料 2026-07-08
社会 保険 料率 北海道,110,21.0,"Informational, Transactional",N/A,社会保険料 2026-07-08
社会 保険 料率 大阪,110,24.0,"Informational, Navigational",N/A,社会保険料 2026-07-08
社宅 社会 保険 料,110,7.0,Informational,N/A,社会保険料 2026-07-08
福岡 社会 保険 料,110,21.0,"Informational, Navigational",N/A,社会保険料 2026-07-08
給与 明細 社会 保険 料 と は,110,24.0,Informational,N/A,社会保険料 2026-07-08
給料 18 万 社会 保険 料,110,13.0,Informational,N/A,社会保険料 2026-07-08
給料 50 万 社会 保険 料,110,13.0,Informational,N/A,社会保険料 2026-07-08
給料 が 下がっ た 社会 保険 料,110,23.0,Informational,N/A,社会保険料 2026-07-08
給料 明細 社会 保険 料,110,14.0,Informational,N/A,社会保険料 2026-07-08
育休 復帰 社会 保険 料 いつから,110,17.0,Informational,N/A,社会保険料 2026-07-08
育児 休暇 中 の 社会 保険 料,110,23.0,Informational,N/A,社会保険料 2026-07-08
育児 休暇 中 社会 保険 料,110,20.0,Informational,N/A,社会保険料 2026-07-08
育児 休業 復帰 社会 保険 料,110,15.0,Informational,N/A,社会保険料 2026-07-08
賞与 5 万 円 社会 保険 料,110,22.0,Informational,N/A,社会保険料 2026-07-08
賞与 の 社会 保険 料 計算,110,22.0,Informational,N/A,社会保険料 2026-07-08
賞与 社会 保険 料 届出,110,16.0,Informational,N/A,社会保険料 2026-07-08
退職 月 の 社会 保険 料,110,14.0,Informational,N/A,社会保険料 2026-07-08
退職 金 社会 保険 料 かからない,110,15.0,Informational,N/A,社会保険料 2026-07-08
通勤 交通 費 社会 保険 料,110,18.0,Informational,N/A,社会保険料 2026-07-08
