url,family,title,decision,proposed_target,reason,review_scope,noindex,in_sitemap,main_chars_diagnostic_only,external_references_diagnostic_only,search_observation
https://keisantool.com/2027/,resource-hub,2027年の仕事・暮らし早見表｜営業日・連休・年齢・学年,retain-monitor,,保留资料发现、下载或嵌入入口；按导航任务判断，不要求凑长文,逐URL结构与搜索记录；按模板/主题判断,False,True,1111,0,Google 2026-09-10..10-07: no-returned-row; Bing bucket 2026-10-02(top returned pages): no-returned-row
https://keisantool.com/404.html,error-page,ページが見つかりません（404） | 計算ツール,retain-noindex,,维持真实404与noindex；提供恢复导航，不作为内容页,逐URL结构与搜索记录；按模板/主题判断,True,False,169,0,Google 2026-09-10..10-07: no-returned-row; Bing bucket 2026-10-02(top returned pages): no-returned-row
https://keisantool.com/about/,site-information,このサイトについて | 計算ツール,retain-operational-review,,保留主体、联系、隐私和编辑责任信息；必须与实际运营一致，邮箱收信及CMP账号状态尚未验证,逐URL结构与搜索记录；按模板/主题判断,False,True,1577,0,Google 2026-09-10..10-07: clicks-observed; Bing bucket 2026-10-02(top returned pages): no-returned-row
https://keisantool.com/atsuryoku/,tool,圧力換算・計算ツール｜MPa・kPa・bar・psi・kgf/cm²,retain-monitor,,保留可操作的计算/转换/查询任务；字数与外链数量不作机械门槛，持续用真实使用和独立算例校验,逐URL结构与搜索记录；按模板/主题判断,False,True,1945,3,Google 2026-09-10..10-07: clicks-observed; Bing bucket 2026-10-02(top returned pages): clicks-observed
https://keisantool.com/bane-teisuu/,tool,ばね定数・荷重計算ツール｜F=kx・直列・並列ばね,retain-monitor,,保留可操作的计算/转换/查询任务；字数与外链数量不作机械门槛，持续用真实使用和独立算例校验,逐URL结构与搜索记录；按模板/主题判断,False,True,856,1,Google 2026-09-10..10-07: clicks-observed; Bing bucket 2026-10-02(top returned pages): clicks-observed
https://keisantool.com/base64/,tool,Base64 エンコード/デコード（日本語対応） | 計算ツール,retain-monitor,,保留可操作的计算/转换/查询任务；字数与外链数量不作机械门槛，持续用真实使用和独立算例校验,逐URL结构与搜索记录；按模板/主题判断,False,True,1008,0,Google 2026-09-10..10-07: clicks-observed; Bing bucket 2026-10-02(top returned pages): no-returned-row
https://keisantool.com/blog/bmi-kiso-chishiki/,article,BMIの計算方法｜身長・体重の式と早見表、判定基準を解説 | 計算ツール,retain-monitor,,保留标题对应的具体问题、步骤和工具链接；本轮核对结构和主题分工，前轮修订范围见质量报告；不是逐句专业认证,逐URL结构与搜索记录；按模板/主题判断,False,True,4003,3,Google 2026-09-10..10-07: impressions-observed; Bing bucket 2026-10-02(top returned pages): no-returned-row
https://keisantool.com/blog/category/health/,article-category,健康・身体コラム一覧 | 計算ツール,retain-monitor,,保留文章分类导航；不要以分类数代替内容规模,逐URL结构与搜索记录；按模板/主题判断,False,True,730,0,Google 2026-09-10..10-07: no-returned-row; Bing bucket 2026-10-02(top returned pages): no-returned-row
https://keisantool.com/blog/category/kakutei-shinkoku/,article-category,確定申告コラム一覧 | 計算ツール,retain-monitor,,保留文章分类导航；不要以分类数代替内容规模,逐URL结构与搜索记录；按模板/主题判断,False,True,726,0,Google 2026-09-10..10-07: no-returned-row; Bing bucket 2026-10-02(top returned pages): no-returned-row
https://keisantool.com/blog/category/life/,article-category,暮らしの計算コラム一覧 | 計算ツール,retain-monitor,,保留文章分类导航；不要以分类数代替内容规模,逐URL结构与搜索记录；按模板/主题判断,False,True,1350,0,Google 2026-09-10..10-07: impressions-observed; Bing bucket 2026-10-02(top returned pages): no-returned-row
https://keisantool.com/blog/category/life-event/,article-category,ライフイベントと税金コラム一覧 | 計算ツール,retain-monitor,,保留文章分类导航；不要以分类数代替内容规模,逐URL结构与搜索记录；按模板/主题判断,False,True,732,0,Google 2026-09-10..10-07: no-returned-row; Bing bucket 2026-10-02(top returned pages): no-returned-row
https://keisantool.com/blog/category/nematsu-chosei/,article-category,年末調整コラム一覧 | 計算ツール,retain-monitor,,保留文章分类导航；不要以分类数代替内容规模,逐URL结构与搜索记录；按模板/主题判断,False,True,989,0,Google 2026-09-10..10-07: no-returned-row; Bing bucket 2026-10-02(top returned pages): no-returned-row
https://keisantool.com/blog/category/pet/,article-category,ペット・動物コラム一覧 | 計算ツール,retain-monitor,,保留文章分类导航；不要以分类数代替内容规模,逐URL结构与搜索记录；按模板/主题判断,False,True,574,0,Google 2026-09-10..10-07: no-returned-row; Bing bucket 2026-10-02(top returned pages): no-returned-row
https://keisantool.com/blog/category/shakai-hoken/,article-category,社会保険・年金コラム一覧 | 計算ツール,retain-monitor,,保留文章分类导航；不要以分类数代替内容规模,逐URL结构与搜索记录；按模板/主题判断,False,True,1424,0,Google 2026-09-10..10-07: no-returned-row; Bing bucket 2026-10-02(top returned pages): no-returned-row
https://keisantool.com/blog/category/tools/,article-category,ツールの使い方コラム一覧 | 計算ツール,retain-monitor,,保留文章分类导航；不要以分类数代替内容规模,逐URL结构与搜索记录；按模板/主题判断,False,True,477,0,Google 2026-09-10..10-07: impressions-observed; Bing bucket 2026-10-02(top returned pages): no-returned-row
https://keisantool.com/blog/category/zeikin-kiso/,article-category,税金の基礎知識コラム一覧 | 計算ツール,retain-monitor,,保留文章分类导航；不要以分类数代替内容规模,逐URL结构与搜索记录；按模板/主题判断,False,True,1681,0,Google 2026-09-10..10-07: no-returned-row; Bing bucket 2026-10-02(top returned pages): no-returned-row
https://keisantool.com/blog/fukuri-kouka-no-kakikata/,article,複利計算の見方：一括と積立の式・利回りの前提・NISA | 計算ツール,retain-monitor,,保留标题对应的具体问题、步骤和工具链接；本轮核对结构和主题分工，前轮修订范围见质量报告；不是逐句专业认证,逐URL结构与搜索记录；按模板/主题判断,False,True,1802,2,Google 2026-09-10..10-07: impressions-observed; Bing bucket 2026-10-02(top returned pages): no-returned-row
https://keisantool.com/blog/furusato-kakutei-shinkoku-yarikata/,article,ふるさと納税の確定申告｜ワンストップから切り替える手順 | 計算ツール,retain-monitor,,保留标题对应的具体问题、步骤和工具链接；本轮核对结构和主题分工，前轮修订范围见质量报告；不是逐句专业认证,逐URL结构与搜索记录；按模板/主题判断,False,True,1969,3,Google 2026-09-10..10-07: no-returned-row; Bing bucket 2026-10-02(top returned pages): no-returned-row
https://keisantool.com/blog/gasoline-dai-no-kakikata/,article,ガソリン代の計算：実燃費から月額・遠回りの損益を比べる | 計算ツール,retain-monitor,,保留标题对应的具体问题、步骤和工具链接；本轮核对结构和主题分工，前轮修订范围见质量报告；不是逐句专业认证,逐URL结构与搜索记录；按模板/主题判断,False,True,1788,2,Google 2026-09-10..10-07: no-returned-row; Bing bucket 2026-10-02(top returned pages): no-returned-row
https://keisantool.com/blog/hairitsu-keisan-no-kakikata/,article,排卵日の計算はどこまで分かる？月経記録と予測の限界 | 計算ツール,retain-monitor,,保留标题对应的具体问题、步骤和工具链接；本轮核对结构和主题分工，前轮修订范围见质量报告；不是逐句专业认证,逐URL结构与搜索记录；按模板/主题判断,False,True,1808,3,Google 2026-09-10..10-07: no-returned-row; Bing bucket 2026-10-02(top returned pages): no-returned-row
https://keisantool.com/blog/hensachi-no-kakikata/,article,偏差値の計算方法：平均・標準偏差・順位との違い | 計算ツール,retain-monitor,,保留标题对应的具体问题、步骤和工具链接；本轮核对结构和主题分工，前轮修订范围见质量报告；不是逐句专业认证,逐URL结构与搜索记录；按模板/主题判断,False,True,1645,1,Google 2026-09-10..10-07: no-returned-row; Bing bucket 2026-10-02(top returned pages): no-returned-row
https://keisantool.com/blog/hoikuen-ryokin-keisan-hoho/,article,保育料の調べ方｜年齢クラス・無償化・自治体の料金表を確認 | 計算ツール,retain-monitor,,保留标题对应的具体问题、步骤和工具链接；本轮核对结构和主题分工，前轮修订范围见质量报告；不是逐句专业认证,逐URL结构与搜索记录；按模板/主题判断,False,True,1694,3,Google 2026-09-10..10-07: impressions-observed; Bing bucket 2026-10-02(top returned pages): no-returned-row
https://keisantool.com/blog/ikukyu-hoken-no-kakikata/,article,育児休業と育児休業給付金：期間・計算基礎・申請の違い | 計算ツール,retain-monitor,,保留标题对应的具体问题、步骤和工具链接；本轮核对结构和主题分工，前轮修订范围见质量报告；不是逐句专业认证,逐URL结构与搜索记录；按模板/主题判断,False,True,1605,3,Google 2026-09-10..10-07: no-returned-row; Bing bucket 2026-10-02(top returned pages): no-returned-row
https://keisantool.com/blog/,article-hub,ブログ - 税金・社会保険・生活のお役立ちコラム | 計算ツール,retain-monitor,,保留文章发现入口；持续突出具体问题而非文章数量,逐URL结构与搜索记录；按模板/主题判断,False,True,6659,0,Google 2026-09-10..10-07: impressions-observed; Bing bucket 2026-10-02(top returned pages): no-returned-row
https://keisantool.com/blog/inu-nenrei-no-kakikata/,article,犬の年齢を人間換算｜体格による違いと計算の限界 | 計算ツール,retain-monitor,,保留标题对应的具体问题、步骤和工具链接；本轮核对结构和主题分工，前轮修订范围见质量报告；不是逐句专业认证,逐URL结构与搜索记录；按模板/主题判断,False,True,1777,3,Google 2026-09-10..10-07: impressions-observed; Bing bucket 2026-10-02(top returned pages): no-returned-row
https://keisantool.com/blog/iryouhi-kojo-ikura-modoru/,article,医療費控除でいくら戻る？控除額と税額軽減を分けて計算 | 計算ツール,retain-monitor,,保留标题对应的具体问题、步骤和工具链接；本轮核对结构和主题分工，前轮修订范围见质量报告；不是逐句专业认证,逐URL结构与搜索记录；按模板/主题判断,False,True,1970,2,Google 2026-09-10..10-07: impressions-observed; Bing bucket 2026-10-02(top returned pages): no-returned-row
https://keisantool.com/blog/jikyu-kara-getsu-kyu-e-no-kakikata/,article,時給から月収を計算：勤務日数・休憩・残業を分ける方法 | 計算ツール,retain-monitor,,保留标题对应的具体问题、步骤和工具链接；本轮核对结构和主题分工，前轮修订范围见质量报告；不是逐句专业认证,逐URL结构与搜索记录；按模板/主题判断,False,True,1682,3,Google 2026-09-10..10-07: clicks-observed; Bing bucket 2026-10-02(top returned pages): clicks-observed
https://keisantool.com/blog/juminzei-keisan-hoho/,article,住民税の計算方法【2026年・令和8年度】所得割・均等割を解説 | 計算ツール,retain-monitor,,保留标题对应的具体问题、步骤和工具链接；本轮核对结构和主题分工，前轮修订范围见质量报告；不是逐句专业认证,逐URL结构与搜索记录；按模板/主题判断,False,True,3670,6,Google 2026-09-10..10-07: impressions-observed; Bing bucket 2026-10-02(top returned pages): clicks-observed
https://keisantool.com/blog/juutaku-loan-no-kakikata/,article,住宅ローン返済の比較｜元利均等・元金均等と金利上昇の試算 | 計算ツール,retain-monitor,,保留标题对应的具体问题、步骤和工具链接；本轮核对结构和主题分工，前轮修订范围见质量报告；不是逐句专业认证,逐URL结构与搜索记录；按模板/主题判断,False,True,1795,3,Google 2026-09-10..10-07: no-returned-row; Bing bucket 2026-10-02(top returned pages): clicks-observed
https://keisantool.com/blog/kakutei-shinkoku-no-shinsei-hoho/,article,初めての確定申告｜必要書類からe-Tax送信後の確認まで | 計算ツール,retain-monitor,,保留标题对应的具体问题、步骤和工具链接；本轮核对结构和主题分工，前轮修订范围见质量报告；不是逐句专业认证,逐URL结构与搜索记录；按模板/主题判断,False,True,2024,6,Google 2026-09-10..10-07: no-returned-row; Bing bucket 2026-10-02(top returned pages): no-returned-row
https://keisantool.com/blog/kakutei-shinkoku-shinai-to-dou-naru/,article,確定申告を忘れたとき｜期限後申告と還付申告の違い | 計算ツール,retain-monitor,,保留标题对应的具体问题、步骤和工具链接；本轮核对结构和主题分工，前轮修订范围见质量报告；不是逐句专业认证,逐URL结构与搜索记录；按模板/主题判断,False,True,1881,5,Google 2026-09-10..10-07: no-returned-row; Bing bucket 2026-10-02(top returned pages): no-returned-row
https://keisantool.com/blog/kakutei-shinkoku-tsuika-nozei-naze/,article,確定申告で追加納税になるのはなぜ？原因・計算方法と対処法 | 計算ツール,retain-monitor,,保留标题对应的具体问题、步骤和工具链接；本轮核对结构和主题分工，前轮修订范围见质量报告；不是逐句专业认证,逐URL结构与搜索记录；按模板/主题判断,False,True,4646,7,Google 2026-09-10..10-07: impressions-observed; Bing bucket 2026-10-02(top returned pages): no-returned-row
https://keisantool.com/blog/kekkon-zeikin-haikujo-kojo/,article,配偶者控除・配偶者特別控除の条件【2026年分】 | 計算ツール,retain-monitor,,保留标题对应的具体问题、步骤和工具链接；本轮核对结构和主题分工，前轮修订范围见质量报告；不是逐句专业认证,逐URL结构与搜索记录；按模板/主题判断,False,True,1760,4,Google 2026-09-10..10-07: no-returned-row; Bing bucket 2026-10-02(top returned pages): no-returned-row
https://keisantool.com/blog/kekkon-zeikin-no-kakikata/,article,結婚した年の税金と手続き：夫婦それぞれで確認すること | 計算ツール,retain-monitor,,保留标题对应的具体问题、步骤和工具链接；本轮核对结构和主题分工，前轮修订范围见质量报告；不是逐句专业认证,逐URL结构与搜索记录；按模板/主题判断,False,True,1674,4,Google 2026-09-10..10-07: impressions-observed; Bing bucket 2026-10-02(top returned pages): clicks-observed
https://keisantool.com/blog/kenko-hozen-no-kakikata/,article,健康保険と国民健康保険の違い：加入先と給付を確認 | 計算ツール,retain-monitor,,保留标题对应的具体问题、步骤和工具链接；本轮核对结构和主题分工，前轮修订范围见质量报告；不是逐句专业认证,逐URL结构与搜索记录；按模板/主题判断,False,True,1624,4,Google 2026-09-10..10-07: no-returned-row; Bing bucket 2026-10-02(top returned pages): no-returned-row
https://keisantool.com/blog/kojin-hozen-no-kakikata/,article,iDeCoと個人年金保険の違い｜引出し・控除・費用を比較 | 計算ツール,retain-monitor,,保留标题对应的具体问题、步骤和工具链接；本轮核对结构和主题分工，前轮修订范围见质量报告；不是逐句专业认证,逐URL结构与搜索记录；按模板/主题判断,False,True,1915,4,Google 2026-09-10..10-07: no-returned-row; Bing bucket 2026-10-02(top returned pages): no-returned-row
https://keisantool.com/blog/kojin-kigyou-sha-no-zeikin/,article,個人事業主の税金｜経費・所得控除・消費税を分けて確認 | 計算ツール,retain-monitor,,保留标题对应的具体问题、步骤和工具链接；本轮核对结构和主题分工，前轮修订范围见质量报告；不是逐句专业认证,逐URL结构与搜索记录；按模板/主题判断,False,True,1991,5,Google 2026-09-10..10-07: no-returned-row; Bing bucket 2026-10-02(top returned pages): no-returned-row
https://keisantool.com/blog/kokuho-ryoukin-keisan-hoho/,article,国民健康保険料の計算方法【2026年度】所得・人数・年齢の整理 | 計算ツール,retain-monitor,,保留标题对应的具体问题、步骤和工具链接；本轮核对结构和主题分工，前轮修订范围见质量报告；不是逐句专业认证,逐URL结构与搜索记录；按模板/主题判断,False,True,1828,3,Google 2026-09-10..10-07: clicks-observed; Bing bucket 2026-10-02(top returned pages): no-returned-row
https://keisantool.com/blog/kokuho-ryoukin-no-kakikata/,article,国保料が高い・払えないとき｜軽減と通知書の確認手順 | 計算ツール,retain-monitor,,保留标题对应的具体问题、步骤和工具链接；本轮核对结构和主题分工，前轮修订范围见质量报告；不是逐句专业认证,逐URL结构与搜索记录；按模板/主题判断,False,True,1870,3,Google 2026-09-10..10-07: impressions-observed; Bing bucket 2026-10-02(top returned pages): no-returned-row
https://keisantool.com/blog/kokumin-nenkin-hokenryo/,article,国民年金保険料【2026年度】月額と免除・学生納付特例 | 計算ツール,retain-monitor,,保留标题对应的具体问题、步骤和工具链接；本轮核对结构和主题分工，前轮修订范围见质量报告；不是逐句专业认证,逐URL结构与搜索记录；按模板/主题判断,False,True,1848,4,Google 2026-09-10..10-07: impressions-observed; Bing bucket 2026-10-02(top returned pages): no-returned-row
https://keisantool.com/blog/kokumin-nenkin-no-kakikata/,article,国民年金の加入・切替｜退職・転職・扶養変更時の確認表 | 計算ツール,retain-monitor,,保留标题对应的具体问题、步骤和工具链接；本轮核对结构和主题分工，前轮修订范围见质量报告；不是逐句专业认证,逐URL结构与搜索记录；按模板/主题判断,False,True,1751,4,Google 2026-09-10..10-07: no-returned-row; Bing bucket 2026-10-02(top returned pages): no-returned-row
https://keisantool.com/blog/kosodate-kyojo-no-kakikata/,article,子どもの扶養控除：年齢・アルバイト収入の確認【2026年分】 | 計算ツール,retain-monitor,,保留标题对应的具体问题、步骤和工具链接；本轮核对结构和主题分工，前轮修订范围见质量报告；不是逐句专业认证,逐URL结构与搜索记录；按模板/主题判断,False,True,1657,4,Google 2026-09-10..10-07: impressions-observed; Bing bucket 2026-10-02(top returned pages): no-returned-row
https://keisantool.com/blog/koyou-hozen-no-kakikata/,article,失業給付の手続き：離職票・求職申込み・支給額の確認 | 計算ツール,retain-monitor,,保留标题对应的具体问题、步骤和工具链接；本轮核对结构和主题分工，前轮修订范围见质量报告；不是逐句专业认证,逐URL结构与搜索记录；按模板/主题判断,False,True,1788,3,Google 2026-09-10..10-07: no-returned-row; Bing bucket 2026-10-02(top returned pages): no-returned-row
https://keisantool.com/blog/kyuyo-meisai-no-yomikata/,article,給与明細の読み方：振込額が変わったときに確認する項目 | 計算ツール,retain-monitor,,保留标题对应的具体问题、步骤和工具链接；本轮核对结构和主题分工，前轮修订范围见质量报告；不是逐句专业认证,逐URL结构与搜索记录；按模板/主题判断,False,True,1834,3,Google 2026-09-10..10-07: no-returned-row; Bing bucket 2026-10-02(top returned pages): no-returned-row
https://keisantool.com/blog/neko-nenrei-no-kakikata/,article,猫の年齢を人間換算｜計算の目安とライフステージの違い | 計算ツール,retain-monitor,,保留标题对应的具体问题、步骤和工具链接；本轮核对结构和主题分工，前轮修订范围见质量报告；不是逐句专业认证,逐URL结构与搜索记录；按模板/主题判断,False,True,1713,3,Google 2026-09-10..10-07: no-returned-row; Bing bucket 2026-10-02(top returned pages): no-returned-row
https://keisantool.com/blog/neko-wakuchin-no-kakikata/,article,猫のワクチン計画｜接種歴・生活環境を獣医師へ伝える確認表 | 計算ツール,retain-monitor,,保留标题对应的具体问题、步骤和工具链接；本轮核对结构和主题分工，前轮修订范围见质量报告；不是逐句专业认证,逐URL结构与搜索记录；按模板/主题判断,False,True,1861,2,Google 2026-09-10..10-07: no-returned-row; Bing bucket 2026-10-02(top returned pages): no-returned-row
https://keisantool.com/blog/nematsu-hoken-kakujo-kakikata/,article,年末調整の保険料控除：証明書から申告欄を選ぶ方法 | 計算ツール,retain-monitor,,保留标题对应的具体问题、步骤和工具链接；本轮核对结构和主题分工，前轮修订范围见质量报告；不是逐句专业认证,逐URL结构与搜索记录；按模板/主题判断,False,True,1702,5,Google 2026-09-10..10-07: impressions-observed; Bing bucket 2026-10-02(top returned pages): no-returned-row
https://keisantool.com/blog/nematsu-ikura-modoru/,article,年末調整でいくら戻る？源泉徴収額から差額を計算する | 計算ツール,retain-monitor,,保留标题对应的具体问题、步骤和工具链接；本轮核对结构和主题分工，前轮修订范围见质量报告；不是逐句专业认证,逐URL结构与搜索记录；按模板/主题判断,False,True,1600,5,Google 2026-09-10..10-07: impressions-observed; Bing bucket 2026-10-02(top returned pages): no-returned-row
https://keisantool.com/blog/nematsu-jishin-hoken-kakikata/,article,年末調整の地震保険料控除：記入額と旧長期契約の注意点 | 計算ツール,retain-monitor,,保留标题对应的具体问题、步骤和工具链接；本轮核对结构和主题分工，前轮修订范围见质量报告；不是逐句专业认证,逐URL结构与搜索记录；按模板/主题判断,False,True,1505,3,Google 2026-09-10..10-07: no-returned-row; Bing bucket 2026-10-02(top returned pages): no-returned-row
https://keisantool.com/blog/nematsu-kenmin-kyosai-kakikata/,article,県民共済の年末調整：払込証明書と割戻金の確認方法 | 計算ツール,retain-monitor,,保留标题对应的具体问题、步骤和工具链接；本轮核对结构和主题分工，前轮修订范围见质量报告；不是逐句专业认证,逐URL结构与搜索记录；按模板/主题判断,False,True,1576,3,Google 2026-09-10..10-07: no-returned-row; Bing bucket 2026-10-02(top returned pages): clicks-observed
https://keisantool.com/blog/nematsu-kin-itsu/,article,年末調整の還付金はいつ？給与明細と勤務先で確認する項目 | 計算ツール,retain-monitor,,保留标题对应的具体问题、步骤和工具链接；本轮核对结构和主题分工，前轮修订范围见质量报告；不是逐句专业认证,逐URL结构与搜索记录；按模板/主题判断,False,True,1396,3,Google 2026-09-10..10-07: no-returned-row; Bing bucket 2026-10-02(top returned pages): no-returned-row
https://keisantool.com/blog/nematsu-shinai-to-dou-naru/,article,年末調整を受けられなかったとき：申告が必要か確認する | 計算ツール,retain-monitor,,保留标题对应的具体问题、步骤和工具链接；本轮核对结构和主题分工，前轮修订范围见质量报告；不是逐句专业认证,逐URL结构与搜索记录；按模板/主题判断,False,True,1575,4,Google 2026-09-10..10-07: no-returned-row; Bing bucket 2026-10-02(top returned pages): no-returned-row
https://keisantool.com/blog/nencho-chosei-no-kakikata/,article,年末調整の書類チェック：所得・家族・保険料を整理する | 計算ツール,retain-monitor,,保留标题对应的具体问题、步骤和工具链接；本轮核对结构和主题分工，前轮修订范围见质量报告；不是逐句专业认证,逐URL结构与搜索记录；按模板/主题判断,False,True,1657,5,Google 2026-09-10..10-07: no-returned-row; Bing bucket 2026-10-02(top returned pages): no-returned-row
https://keisantool.com/blog/nenkin-no-kakehiki/,article,年金はいくら受け取れる？ねんきんネットで見込額を確認する手順 | 計算ツール,retain-monitor,,保留标题对应的具体问题、步骤和工具链接；本轮核对结构和主题分工，前轮修订范围见质量报告；不是逐句专业认证,逐URL结构与搜索记录；按模板/主题判断,False,True,1710,4,Google 2026-09-10..10-07: no-returned-row; Bing bucket 2026-10-02(top returned pages): no-returned-row
https://keisantool.com/blog/part-time-shakaihoken-nyuugaku-joken/,article,パートの社会保険加入条件【2026年10月改正対応】 | 計算ツール,retain-monitor,,保留标题对应的具体问题、步骤和工具链接；本轮核对结构和主题分工，前轮修订范围见质量报告；不是逐句专业认证,逐URL结构与搜索记录；按模板/主题判断,False,True,1712,3,Google 2026-09-10..10-07: impressions-observed; Bing bucket 2026-10-02(top returned pages): no-returned-row
https://keisantool.com/blog/password-anzen-no-kakikata/,article,パスワードを安全に管理する方法：長さ・使い回し・多要素認証 | 計算ツール,retain-monitor,,保留标题对应的具体问题、步骤和工具链接；本轮核对结构和主题分工，前轮修订范围见质量报告；不是逐句专业认证,逐URL结构与搜索记录；按模板/主题判断,False,True,1945,2,Google 2026-09-10..10-07: impressions-observed; Bing bucket 2026-10-02(top returned pages): no-returned-row
https://keisantool.com/blog/rihumu-zeizei-taisaku/,article,リフォームの減税を確認する手順｜住宅ローン控除と改修税額控除 | 計算ツール,retain-monitor,,保留标题对应的具体问题、步骤和工具链接；本轮核对结构和主题分工，前轮修订范围见质量报告；不是逐句专业认证,逐URL结构与搜索记录；按模板/主题判断,False,True,1813,2,Google 2026-09-10..10-07: impressions-observed; Bing bucket 2026-10-02(top returned pages): no-returned-row
https://keisantool.com/blog/rokusei-daisakkai-jidou-keisan/,article,六星占術の大殺界はどう調べる？生年月日から運命星・早見表を確認する方法 | 計算ツール,retain-monitor,,保留标题对应的具体问题、步骤和工具链接；本轮核对结构和主题分工，前轮修订范围见质量报告；不是逐句专业认证,逐URL结构与搜索记录；按模板/主题判断,False,True,1977,1,Google 2026-09-10..10-07: clicks-observed; Bing bucket 2026-10-02(top returned pages): no-returned-row
https://keisantool.com/blog/saitei-chingin-no-kakikata/,article,月給を最低賃金と比較する方法｜含める手当・除く手当 | 計算ツール,retain-monitor,,保留标题对应的具体问题、步骤和工具链接；本轮核对结构和主题分工，前轮修订范围见质量报告；不是逐句专业认证,逐URL结构与搜索记录；按模板/主题判断,False,True,1855,4,Google 2026-09-10..10-07: no-returned-row; Bing bucket 2026-10-02(top returned pages): no-returned-row
https://keisantool.com/blog/shakaihoken-keisan-hoho/,article,社会保険料の計算方法【2026年度】標準報酬と実際の賃金を区別 | 計算ツール,retain-monitor,,保留标题对应的具体问题、步骤和工具链接；本轮核对结构和主题分工，前轮修订范围见质量报告；不是逐句专业认证,逐URL结构与搜索记录；按模板/主题判断,False,True,1822,4,Google 2026-09-10..10-07: impressions-observed; Bing bucket 2026-10-02(top returned pages): no-returned-row
https://keisantool.com/blog/shohi-kyuho-ryoukin-no-kakikata/,article,借入利息の計算方法：日割り・元本返済・上限金利の確認 | 計算ツール,retain-monitor,,保留标题对应的具体问题、步骤和工具链接；本轮核对结构和主题分工，前轮修订范围见质量报告；不是逐句专业认证,逐URL结构与搜索记录；按模板/主题判断,False,True,1769,3,Google 2026-09-10..10-07: no-returned-row; Bing bucket 2026-10-02(top returned pages): no-returned-row
https://keisantool.com/blog/shokugyou-kenshin-no-kakikata/,article,職業訓練の給付：基本手当・受講給付金・教育訓練給付の違い | 計算ツール,retain-monitor,,保留标题对应的具体问题、步骤和工具链接；本轮核对结构和主题分工，前轮修订范围见质量报告；不是逐句专业认证,逐URL结构与搜索记录；按模板/主题判断,False,True,1583,3,Google 2026-09-10..10-07: no-returned-row; Bing bucket 2026-10-02(top returned pages): no-returned-row
https://keisantool.com/blog/shotokuzei-keisan-hoho/,article,所得税の計算方法【2026年分】給与収入から税額までの例 | 計算ツール,retain-monitor,,保留标题对应的具体问题、步骤和工具链接；本轮核对结构和主题分工，前轮修订范围见质量报告；不是逐句专业认证,逐URL结构与搜索记录；按模板/主题判断,False,True,2043,4,Google 2026-09-10..10-07: no-returned-row; Bing bucket 2026-10-02(top returned pages): no-returned-row
https://keisantool.com/blog/shoubyouteate-no-kakikata/,article,傷病手当金の申請と計算：待期3日・標準報酬・給与調整 | 計算ツール,retain-monitor,,保留标题对应的具体问题、步骤和工具链接；本轮核对结构和主题分工，前轮修订范围见质量报告；不是逐句专业认证,逐URL结构与搜索记录；按模板/主题判断,False,True,1808,2,Google 2026-09-10..10-07: impressions-observed; Bing bucket 2026-10-02(top returned pages): no-returned-row
https://keisantool.com/blog/shussan-yoteibi-no-keisan/,article,出産予定日の計算方法｜280日と妊娠週数の数え方 | 計算ツール,retain-monitor,,保留标题对应的具体问题、步骤和工具链接；本轮核对结构和主题分工，前轮修订范围见质量报告；不是逐句专业认证,逐URL结构与搜索记录；按模板/主题判断,False,True,1764,2,Google 2026-09-10..10-07: no-returned-row; Bing bucket 2026-10-02(top returned pages): no-returned-row
https://keisantool.com/blog/suisui-ryou-no-kakikata/,article,水分摂取量の目安を使う前に｜食事の水分と飲み物を分けて考える | 計算ツール,retain-monitor,,保留标题对应的具体问题、步骤和工具链接；本轮核对结构和主题分工，前轮修订范围见质量报告；不是逐句专业认证,逐URL结构与搜索记录；按模板/主题判断,False,True,1832,3,Google 2026-09-10..10-07: clicks-observed; Bing bucket 2026-10-02(top returned pages): no-returned-row
https://keisantool.com/blog/taishokukin-zeikin-keisan/,article,退職金の税金を計算する手順｜退職所得控除と2分の1の例外 | 計算ツール,retain-monitor,,保留标题对应的具体问题、步骤和工具链接；本轮核对结构和主题分工，前轮修订范围见质量报告；不是逐句专业认证,逐URL结构与搜索记录；按模板/主题判断,False,True,1890,3,Google 2026-09-10..10-07: no-returned-row; Bing bucket 2026-10-02(top returned pages): no-returned-row
https://keisantool.com/blog/tsuma-fuyo-no-kakikata/,article,配偶者の扶養：税金・健康保険・会社の手当の違い | 計算ツール,retain-monitor,,保留标题对应的具体问题、步骤和工具链接；本轮核对结构和主题分工，前轮修订范围见质量报告；不是逐句专业认证,逐URL结构与搜索记录；按模板/主题判断,False,True,1598,4,Google 2026-09-10..10-07: no-returned-row; Bing bucket 2026-10-02(top returned pages): no-returned-row
https://keisantool.com/blog/wareki-seireki-no-kakikata/,article,和暦と西暦の変換：令和・平成・昭和と改元日の注意点 | 計算ツール,retain-monitor,,保留标题对应的具体问题、步骤和工具链接；本轮核对结构和主题分工，前轮修订范围见质量报告；不是逐句专业认证,逐URL结构与搜索记录；按模板/主题判断,False,True,1583,2,Google 2026-09-10..10-07: no-returned-row; Bing bucket 2026-10-02(top returned pages): clicks-observed
https://keisantool.com/blog/warikan-no-kakikata/,article,割り勘の端数処理：合計が合う分け方と立替精算 | 計算ツール,retain-monitor,,保留标题对应的具体问题、步骤和工具链接；本轮核对结构和主题分工，前轮修订范围见质量报告；不是逐句专业认证,逐URL结构与搜索记录；按模板/主题判断,False,True,1595,1,Google 2026-09-10..10-07: no-returned-row; Bing bucket 2026-10-02(top returned pages): no-returned-row
https://keisantool.com/blog/yakudoshi-no-kakikata/,article,厄年の数え方：数え年・前厄・本厄・後厄を確認する | 計算ツール,retain-monitor,,保留标题对应的具体问题、步骤和工具链接；本轮核对结构和主题分工，前轮修订范围见质量报告；不是逐句专业认证,逐URL结构与搜索记录；按模板/主题判断,False,True,1627,2,Google 2026-09-10..10-07: no-returned-row; Bing bucket 2026-10-02(top returned pages): no-returned-row
https://keisantool.com/blog/zeizei-kakikae-no-yarikata/,article,税込・税抜の計算方法｜10％・8％の換算式と消費税の逆算 | 計算ツール,retain-monitor,,保留标题对应的具体问题、步骤和工具链接；本轮核对结构和主题分工，前轮修订范围见质量报告；不是逐句专业认证,逐URL结构与搜索记录；按模板/主题判断,False,True,3904,4,Google 2026-09-10..10-07: impressions-observed; Bing bucket 2026-10-02(top returned pages): no-returned-row
https://keisantool.com/bmi/,tool,BMI計算ツール｜女性・男性の標準体重・肥満度・体脂肪率,retain-monitor,,保留可操作的计算/转换/查询任务；字数与外链数量不作机械门槛，持续用真实使用和独立算例校验,逐URL结构与搜索记录；按模板/主题判断,False,True,1553,3,Google 2026-09-10..10-07: clicks-observed; Bing bucket 2026-10-02(top returned pages): no-returned-row
https://keisantool.com/bonus-tedori/,tool,賞与・ボーナス手取り計算【2026年】所得税・控除の内訳,retain-monitor,,保留可操作的计算/转换/查询任务；字数与外链数量不作机械门槛，持续用真实使用和独立算例校验,逐URL结构与搜索记录；按模板/主题判断,False,True,1738,2,Google 2026-09-10..10-07: no-returned-row; Bing bucket 2026-10-02(top returned pages): no-returned-row
https://keisantool.com/bunsuu/,tool,分数計算・分数電卓｜足し算・引き算・掛け算・割り算,retain-monitor,,保留可操作的计算/转换/查询任务；字数与外链数量不作机械门槛，持续用真实使用和独立算例校验,逐URL结构与搜索记录；按模板/主题判断,False,True,1980,2,Google 2026-09-10..10-07: clicks-observed; Bing bucket 2026-10-02(top returned pages): clicks-observed
https://keisantool.com/calorie/,tool,カロリー・基礎代謝計算器 - TDEE・PFC計算 | 計算ツール,fixed-retain,,限定20至79岁；固定±500及PFC改为假设比较，拒绝负值/不成立配分，引用公式实际适用范围,本轮人工核对所列问题/来源；计算页独立回归及浏览器验证，非全部事实认证,False,True,1729,1,Google 2026-09-10..10-07: clicks-observed; Bing bucket 2026-10-02(top returned pages): no-returned-row
https://keisantool.com/category/dev-tool/,tool-category,開発者ツール一覧（Base64・JSON整形・正規表現ほか）| 計算ツール,retain-monitor,,保留工具发现入口和任务导航；评估找工具效率，不把列表页当独立教程,逐URL结构与搜索记录；按模板/主题判断,False,True,529,0,Google 2026-09-10..10-07: impressions-observed; Bing bucket 2026-10-02(top returned pages): no-returned-row
https://keisantool.com/category/henkan/,tool-category,変換ツール一覧（カラーコード・単位変換・和暦西暦）| 計算ツール,retain-monitor,,保留工具发现入口和任务导航；评估找工具效率，不把列表页当独立教程,逐URL结构与搜索记录；按模板/主题判断,False,True,473,0,Google 2026-09-10..10-07: impressions-observed; Bing bucket 2026-10-02(top returned pages): no-returned-row
https://keisantool.com/category/kenko/,tool-category,健康・身体の計算ツール一覧（BMI・体脂肪率・カロリー）| 計算ツール,retain-monitor,,保留工具发现入口和任务导航；评估找工具效率，不把列表页当独立教程,逐URL结构与搜索记录；按模板/主题判断,False,True,465,0,Google 2026-09-10..10-07: impressions-observed; Bing bucket 2026-10-02(top returned pages): no-returned-row
https://keisantool.com/category/moji-tool/,tool-category,文字ツール一覧（全角半角変換・文字数カウント）| 計算ツール,retain-monitor,,保留工具发现入口和任务导航；评估找工具效率，不把列表页当独立教程,逐URL结构与搜索记录；按模板/主题判断,False,True,462,0,Google 2026-09-10..10-07: impressions-observed; Bing bucket 2026-10-02(top returned pages): no-returned-row
https://keisantool.com/category/pet/,tool-category,ペット・動物の計算ツール一覧（犬猫の年齢・ごはん量・妊娠期間）| 計算ツール,retain-monitor,,保留工具发现入口和任务导航；评估找工具效率，不把列表页当独立教程,逐URL结构与搜索记录；按模板/主题判断,False,True,725,0,Google 2026-09-10..10-07: impressions-observed; Bing bucket 2026-10-02(top returned pages): no-returned-row
https://keisantool.com/category/seikatsu/,tool-category,生活・日常の計算ツール一覧（年齢・給与・出産予定日ほか）| 計算ツール,retain-monitor,,保留工具发现入口和任务导航；评估找工具效率，不把列表页当独立教程,逐URL结构与搜索记录；按模板/主题判断,False,True,1871,0,Google 2026-09-10..10-07: no-returned-row; Bing bucket 2026-10-02(top returned pages): no-returned-row
https://keisantool.com/category/uranai/,tool-category,占い・文化の計算ツール一覧（六星占術・相性診断・星座）| 計算ツール,retain-monitor,,保留工具发现入口和任务导航；评估找工具效率，不把列表页当独立教程,逐URL结构与搜索记录；按模板/主题判断,False,True,747,0,Google 2026-09-10..10-07: clicks-observed; Bing bucket 2026-10-02(top returned pages): no-returned-row
https://keisantool.com/category/zeikin/,tool-category,税金・お金の計算ツール一覧（消費税・固定資産税・国保）| 計算ツール,retain-monitor,,保留工具发现入口和任务导航；评估找工具效率，不把列表页当独立教程,逐URL结构与搜索记录；按模板/主题判断,False,True,812,0,Google 2026-09-10..10-07: no-returned-row; Bing bucket 2026-10-02(top returned pages): no-returned-row
https://keisantool.com/color-code/,tool,カラーコード変換 - HEX・RGB・HSL・抵抗 | 計算ツール,retain-monitor,,保留可操作的计算/转换/查询任务；字数与外链数量不作机械门槛，持续用真实使用和独立算例校验,逐URL结构与搜索记录；按模板/主题判断,False,True,1221,0,Google 2026-09-10..10-07: clicks-observed; Bing bucket 2026-10-02(top returned pages): no-returned-row
https://keisantool.com/contact/,site-information,お問い合わせ | 計算ツール,retain-operational-review,,保留主体、联系、隐私和编辑责任信息；必须与实际运营一致，邮箱收信及CMP账号状态尚未验证,逐URL结构与搜索记录；按模板/主题判断,False,True,298,0,Google 2026-09-10..10-07: impressions-observed; Bing bucket 2026-10-02(top returned pages): no-returned-row
https://keisantool.com/csv-mojibake/,tool,CSV文字化け修復・文字コード変換｜Shift_JIS・UTF-8を無料変換,retain-monitor,,保留可操作的计算/转换/查询任务；字数与外链数量不作机械门槛，持续用真实使用和独立算例校验,逐URL结构与搜索记录；按模板/主题判断,False,True,1321,0,Google 2026-09-10..10-07: impressions-observed; Bing bucket 2026-10-02(top returned pages): no-returned-row
https://keisantool.com/daikei-menseki/,tool,台形の面積計算｜上底・下底・高さから自動計算・逆算,retain-monitor,,保留可操作的计算/转换/查询任务；字数与外链数量不作机械门槛，持续用真实使用和独立算例校验,逐URL结构与搜索记录；按模板/主题判断,False,True,1062,1,Google 2026-09-10..10-07: impressions-observed; Bing bucket 2026-10-02(top returned pages): clicks-observed
https://keisantool.com/denki-dai/,tool,電気代・消費電力計算ツール｜W・使用時間・1kWh単価から料金を計算,retain-monitor,,保留可操作的计算/转换/查询任务；字数与外链数量不作机械门槛，持续用真实使用和独立算例校验,逐URL结构与搜索记录；按模板/主题判断,False,True,2158,2,Google 2026-09-10..10-07: impressions-observed; Bing bucket 2026-10-02(top returned pages): clicks-observed
https://keisantool.com/denwa-format/,tool,電話番号フォーマット変換｜ハイフン自動入力・+81変換を無料で,retain-monitor,,保留可操作的计算/转换/查询任务；字数与外链数量不作机械门槛，持续用真实使用和独立算例校验,逐URL结构与搜索记录；按模板/主题判断,False,True,916,0,Google 2026-09-10..10-07: impressions-observed; Bing bucket 2026-10-02(top returned pages): no-returned-row
https://keisantool.com/editorial-policy/,site-information,制作・検証方針 | 計算ツール,retain-operational-review,,保留主体、联系、隐私和编辑责任信息；必须与实际运营一致，邮箱收信及CMP账号状态尚未验证,逐URL结构与搜索记录；按模板/主题判断,False,True,1836,0,Google 2026-09-10..10-07: impressions-observed; Bing bucket 2026-10-02(top returned pages): no-returned-row
https://keisantool.com/eigyoubi/2026/10/,business-calendar,2026年10月の営業日数は21日｜土日祝・勤務時間,retain-new-page-observe,,保留新上线年度/月度营业日、官方日期校验与下载；尚缺完整发布后观察窗口，暂停同类批量扩展,逐URL结构与搜索记录；按模板/主题判断,False,True,1273,1,Google 2026-09-10..10-07: no-returned-row; Bing bucket 2026-10-02(top returned pages): no-returned-row
https://keisantool.com/eigyoubi/2026/11/,business-calendar,2026年11月の営業日数は19日｜土日祝・勤務時間,retain-new-page-observe,,保留新上线年度/月度营业日、官方日期校验与下载；尚缺完整发布后观察窗口，暂停同类批量扩展,逐URL结构与搜索记录；按模板/主题判断,False,True,1244,1,Google 2026-09-10..10-07: no-returned-row; Bing bucket 2026-10-02(top returned pages): no-returned-row
https://keisantool.com/eigyoubi/2026/12/,business-calendar,2026年12月の営業日数は23日｜土日祝・勤務時間,retain-new-page-observe,,保留新上线年度/月度营业日、官方日期校验与下载；尚缺完整发布后观察窗口，暂停同类批量扩展,逐URL结构与搜索记录；按模板/主题判断,False,True,1282,1,Google 2026-09-10..10-07: no-returned-row; Bing bucket 2026-10-02(top returned pages): no-returned-row
https://keisantool.com/eigyoubi/2026/,business-calendar,2026年の営業日数は244日｜月別・年間休日・CSV,retain-new-page-observe,,保留新上线年度/月度营业日、官方日期校验与下载；尚缺完整发布后观察窗口，暂停同类批量扩展,逐URL结构与搜索记录；按模板/主题判断,False,True,1112,1,Google 2026-09-10..10-07: no-returned-row; Bing bucket 2026-10-02(top returned pages): no-returned-row
https://keisantool.com/eigyoubi/2027/01/,business-calendar,2027年1月の営業日数は19日｜土日祝・勤務時間,retain-new-page-observe,,保留新上线年度/月度营业日、官方日期校验与下载；尚缺完整发布后观察窗口，暂停同类批量扩展,逐URL结构与搜索记录；按模板/主题判断,False,True,1265,1,Google 2026-09-10..10-07: no-returned-row; Bing bucket 2026-10-02(top returned pages): no-returned-row
https://keisantool.com/eigyoubi/2027/02/,business-calendar,2027年2月の営業日数は18日｜土日祝・勤務時間,retain-new-page-observe,,保留新上线年度/月度营业日、官方日期校验与下载；尚缺完整发布后观察窗口，暂停同类批量扩展,逐URL结构与搜索记录；按模板/主题判断,False,True,1221,1,Google 2026-09-10..10-07: no-returned-row; Bing bucket 2026-10-02(top returned pages): no-returned-row
https://keisantool.com/eigyoubi/2027/03/,business-calendar,2027年3月の営業日数は22日｜土日祝・勤務時間,retain-new-page-observe,,保留新上线年度/月度营业日、官方日期校验与下载；尚缺完整发布后观察窗口，暂停同类批量扩展,逐URL结构与搜索记录；按模板/主题判断,False,True,1279,1,Google 2026-09-10..10-07: no-returned-row; Bing bucket 2026-10-02(top returned pages): no-returned-row
https://keisantool.com/eigyoubi/2027/04/,business-calendar,2027年4月の営業日数は21日｜土日祝・勤務時間,retain-new-page-observe,,保留新上线年度/月度营业日、官方日期校验与下载；尚缺完整发布后观察窗口，暂停同类批量扩展,逐URL结构与搜索记录；按模板/主题判断,False,True,1261,1,Google 2026-09-10..10-07: no-returned-row; Bing bucket 2026-10-02(top returned pages): no-returned-row
https://keisantool.com/eigyoubi/2027/05/,business-calendar,2027年5月の営業日数は18日｜土日祝・勤務時間,retain-new-page-observe,,保留新上线年度/月度营业日、官方日期校验与下载；尚缺完整发布后观察窗口，暂停同类批量扩展,逐URL结构与搜索记录；按模板/主题判断,False,True,1298,1,Google 2026-09-10..10-07: no-returned-row; Bing bucket 2026-10-02(top returned pages): no-returned-row
https://keisantool.com/eigyoubi/2027/06/,business-calendar,2027年6月の営業日数は22日｜土日祝・勤務時間,retain-new-page-observe,,保留新上线年度/月度营业日、官方日期校验与下载；尚缺完整发布后观察窗口，暂停同类批量扩展,逐URL结构与搜索记录；按模板/主题判断,False,True,1231,1,Google 2026-09-10..10-07: no-returned-row; Bing bucket 2026-10-02(top returned pages): no-returned-row
https://keisantool.com/eigyoubi/2027/07/,business-calendar,2027年7月の営業日数は21日｜土日祝・勤務時間,retain-new-page-observe,,保留新上线年度/月度营业日、官方日期校验与下载；尚缺完整发布后观察窗口，暂停同类批量扩展,逐URL结构与搜索记录；按模板/主题判断,False,True,1240,1,Google 2026-09-10..10-07: no-returned-row; Bing bucket 2026-10-02(top returned pages): no-returned-row
https://keisantool.com/eigyoubi/2027/08/,business-calendar,2027年8月の営業日数は21日｜土日祝・勤務時間,retain-new-page-observe,,保留新上线年度/月度营业日、官方日期校验与下载；尚缺完整发布后观察窗口，暂停同类批量扩展,逐URL结构与搜索记录；按模板/主题判断,False,True,1251,1,Google 2026-09-10..10-07: no-returned-row; Bing bucket 2026-10-02(top returned pages): no-returned-row
https://keisantool.com/eigyoubi/2027/09/,business-calendar,2027年9月の営業日数は20日｜土日祝・勤務時間,retain-new-page-observe,,保留新上线年度/月度营业日、官方日期校验与下载；尚缺完整发布后观察窗口，暂停同类批量扩展,逐URL结构与搜索记录；按模板/主题判断,False,True,1253,1,Google 2026-09-10..10-07: no-returned-row; Bing bucket 2026-10-02(top returned pages): no-returned-row
https://keisantool.com/eigyoubi/2027/10/,business-calendar,2027年10月の営業日数は20日｜土日祝・勤務時間,retain-new-page-observe,,保留新上线年度/月度营业日、官方日期校验与下载；尚缺完整发布后观察窗口，暂停同类批量扩展,逐URL结构与搜索记录；按模板/主题判断,False,True,1271,1,Google 2026-09-10..10-07: no-returned-row; Bing bucket 2026-10-02(top returned pages): no-returned-row
https://keisantool.com/eigyoubi/2027/11/,business-calendar,2027年11月の営業日数は20日｜土日祝・勤務時間,retain-new-page-observe,,保留新上线年度/月度营业日、官方日期校验与下载；尚缺完整发布后观察窗口，暂停同类批量扩展,逐URL结构与搜索记录；按模板/主题判断,False,True,1243,1,Google 2026-09-10..10-07: no-returned-row; Bing bucket 2026-10-02(top returned pages): no-returned-row
https://keisantool.com/eigyoubi/2027/12/,business-calendar,2027年12月の営業日数は23日｜土日祝・勤務時間,retain-new-page-observe,,保留新上线年度/月度营业日、官方日期校验与下载；尚缺完整发布后观察窗口，暂停同类批量扩展,逐URL结构与搜索记录；按模板/主题判断,False,True,1280,1,Google 2026-09-10..10-07: no-returned-row; Bing bucket 2026-10-02(top returned pages): no-returned-row
https://keisantool.com/eigyoubi/2027/,business-calendar,2027年の営業日数は245日｜月別・年間休日・CSV,retain-new-page-observe,,保留新上线年度/月度营业日、官方日期校验与下载；尚缺完整发布后观察窗口，暂停同类批量扩展,逐URL结构与搜索记录；按模板/主题判断,False,True,1139,1,Google 2026-09-10..10-07: no-returned-row; Bing bucket 2026-10-02(top returned pages): no-returned-row
https://keisantool.com/eigyoubi/,tool,営業日数カレンダー 2026・2027年｜月別一覧・会社休日・CSV,retain-monitor,,保留可操作的计算/转换/查询任务；字数与外链数量不作机械门槛，持续用真实使用和独立算例校验,逐URL结构与搜索记录；按模板/主题判断,False,True,1595,1,Google 2026-09-10..10-07: impressions-observed; Bing bucket 2026-10-02(top returned pages): clicks-observed
https://keisantool.com/embed/eigyoubi/,shared-utility,営業日数カレンダー｜計算ツール,retain-noindex,,维持已有noindex：输入驱动的结果/嵌入辅助页；不是搜索着陆内容，也不靠增加正文争取收录,逐URL结构与搜索记录；按模板/主题判断,True,False,126,0,Google 2026-09-10..10-07: no-returned-row; Bing bucket 2026-10-02(top returned pages): no-returned-row
https://keisantool.com/embed/work-calendar/,shared-utility,営業日カレンダー｜計算ツール,retain-noindex,,维持已有noindex：输入驱动的结果/嵌入辅助页；不是搜索着陆内容，也不靠增加正文争取收录,逐URL结构与搜索记录；按模板/主题判断,True,False,227,0,Google 2026-09-10..10-07: no-returned-row; Bing bucket 2026-10-02(top returned pages): no-returned-row
https://keisantool.com/en-menseki/,tool,円の面積・円周計算ツール｜半径・直径・面積から逆算,retain-monitor,,保留可操作的计算/转换/查询任务；字数与外链数量不作机械门槛，持续用真实使用和独立算例校验,逐URL结构与搜索记录；按模板/主题判断,False,True,1451,1,Google 2026-09-10..10-07: impressions-observed; Bing bucket 2026-10-02(top returned pages): no-returned-row
https://keisantool.com/enko/,tool,円弧の長さ計算｜半径・角度から自動計算（公式つき）,retain-monitor,,保留可操作的计算/转换/查询任务；字数与外链数量不作机械门槛，持续用真实使用和独立算例校验,逐URL结构与搜索记录；按模板/主题判断,False,True,1234,1,Google 2026-09-10..10-07: clicks-observed; Bing bucket 2026-10-02(top returned pages): clicks-observed
https://keisantool.com/fukuri/,tool,複利・積立シミュレーター - 複利運用・毎月積立の将来額を自動計算 | 計算ツール,retain-monitor,,保留可操作的计算/转换/查询任务；字数与外链数量不作机械门槛，持续用真实使用和独立算例校验,逐URL结构与搜索记录；按模板/主题判断,False,True,1903,1,Google 2026-09-10..10-07: impressions-observed; Bing bucket 2026-10-02(top returned pages): no-returned-row
https://keisantool.com/gakunen-hayami/2027/,tool,2027年度（令和9年度）学年早見表｜小学校入学・生年月日一覧,retain-monitor,,保留可操作的计算/转换/查询任务；字数与外链数量不作机械门槛，持续用真实使用和独立算例校验,逐URL结构与搜索记录；按模板/主题判断,False,True,958,2,Google 2026-09-10..10-07: no-returned-row; Bing bucket 2026-10-02(top returned pages): clicks-observed
https://keisantool.com/gakunen-hayami/,tool,学年早見表【2026年度・令和8年度版】生まれ年からすぐわかる | 計算ツール,retain-monitor,,保留可操作的计算/转换/查询任务；字数与外链数量不作机械门槛，持续用真实使用和独立算例校验,逐URL结构与搜索记录；按模板/主题判断,False,True,1392,0,Google 2026-09-10..10-07: clicks-observed; Bing bucket 2026-10-02(top returned pages): clicks-observed
https://keisantool.com/gakureki/,tool,入学・卒業年度計算｜生年月日から履歴書の学歴を自動計算,fixed-retain,,补文部科学省学年边界来源；统一休学补正支持范围的说明,本轮人工核对所列问题/来源；计算页独立回归及浏览器验证，非全部事实认证,False,True,1042,1,Google 2026-09-10..10-07: impressions-observed; Bing bucket 2026-10-02(top returned pages): clicks-observed
https://keisantool.com/gasoline/,tool,ガソリン代計算｜距離・燃費・単価・回数から交通費を計算 | 計算ツール,retain-monitor,,保留可操作的计算/转换/查询任务；字数与外链数量不作机械门槛，持续用真实使用和独立算例校验,逐URL结构与搜索记录；按模板/主题判断,False,True,2077,2,Google 2026-09-10..10-07: impressions-observed; Bing bucket 2026-10-02(top returned pages): clicks-observed
https://keisantool.com/gear-hi/,tool,ギア比・減速比計算ツール｜歯数・回転数・トルク・自転車,retain-monitor,,保留可操作的计算/转换/查询任务；字数与外链数量不作机械门槛，持续用真实使用和独立算例校验,逐URL结构与搜索记录；按模板/主题判断,False,True,989,1,Google 2026-09-10..10-07: clicks-observed; Bing bucket 2026-10-02(top returned pages): clicks-observed
https://keisantool.com/hayasa/,tool,時速20キロは秒速何メートル？5.56m/s｜時速・秒速換算,retain-monitor,,保留可操作的计算/转换/查询任务；字数与外链数量不作机械门槛，持续用真实使用和独立算例校验,逐URL结构与搜索记录；按模板/主题判断,False,True,2380,1,Google 2026-09-10..10-07: clicks-observed; Bing bucket 2026-10-02(top returned pages): clicks-observed
https://keisantool.com/heihoukon/,tool,平方根・ルート計算機｜√の答え・簡約・n乗根を自動計算,retain-monitor,,保留可操作的计算/转换/查询任务；字数与外链数量不作机械门槛，持续用真实使用和独立算例校验,逐URL结构与搜索记录；按模板/主题判断,False,True,1798,2,Google 2026-09-10..10-07: impressions-observed; Bing bucket 2026-10-02(top returned pages): no-returned-row
https://keisantool.com/heikin-chuouchi/,tool,平均値・中央値・最頻値計算ツール｜データを貼り付けて自動計算,retain-monitor,,保留可操作的计算/转换/查询任务；字数与外链数量不作机械门槛，持续用真实使用和独立算例校验,逐URL结构与搜索记录；按模板/主题判断,False,True,2103,4,Google 2026-09-10..10-07: impressions-observed; Bing bucket 2026-10-02(top returned pages): no-returned-row
https://keisantool.com/hensachi/,tool,偏差値計算器 - 得点・平均・標準偏差から偏差値を計算 | 計算ツール,retain-monitor,,保留可操作的计算/转换/查询任务；字数与外链数量不作机械门槛，持续用真实使用和独立算例校验,逐URL结构与搜索记录；按模板/主题判断,False,True,1300,0,Google 2026-09-10..10-07: clicks-observed; Bing bucket 2026-10-02(top returned pages): no-returned-row
https://keisantool.com/hinodeiri/fukuoka/,sunrise-city,福岡の日の出・日の入り時刻【2026年】指定日計算・年間早見表 | 計算ツール,retain-monitor,,保留城市坐标和日期计算；公式精度、实际地平线与天气限制需随工具维护,逐URL结构与搜索记录；按模板/主题判断,False,True,1584,2,Google 2026-09-10..10-07: impressions-observed; Bing bucket 2026-10-02(top returned pages): no-returned-row
https://keisantool.com/hinodeiri/hiroshima/,sunrise-city,広島の日の出・日の入り時刻【2026年】指定日計算・年間早見表 | 計算ツール,retain-monitor,,保留城市坐标和日期计算；公式精度、实际地平线与天气限制需随工具维护,逐URL结构与搜索记录；按模板/主题判断,False,True,1583,2,Google 2026-09-10..10-07: impressions-observed; Bing bucket 2026-10-02(top returned pages): no-returned-row
https://keisantool.com/hinodeiri/,tool,日の出・日の入り時刻計算器 - 全国主要都市の日の出日の入り | 計算ツール,retain-monitor,,保留可操作的计算/转换/查询任务；字数与外链数量不作机械门槛，持续用真实使用和独立算例校验,逐URL结构与搜索记录；按模板/主题判断,False,True,914,0,Google 2026-09-10..10-07: impressions-observed; Bing bucket 2026-10-02(top returned pages): clicks-observed
https://keisantool.com/hinodeiri/kagoshima/,sunrise-city,鹿児島の日の出・日の入り時刻【2026年】指定日計算・年間早見表 | 計算ツール,retain-monitor,,保留城市坐标和日期计算；公式精度、实际地平线与天气限制需随工具维护,逐URL结构与搜索记录；按模板/主题判断,False,True,1592,2,Google 2026-09-10..10-07: impressions-observed; Bing bucket 2026-10-02(top returned pages): no-returned-row
https://keisantool.com/hinodeiri/kanazawa/,sunrise-city,金沢の日の出・日の入り時刻【2026年】指定日計算・年間早見表 | 計算ツール,retain-monitor,,保留城市坐标和日期计算；公式精度、实际地平线与天气限制需随工具维护,逐URL结构与搜索记录；按模板/主题判断,False,True,1581,2,Google 2026-09-10..10-07: impressions-observed; Bing bucket 2026-10-02(top returned pages): no-returned-row
https://keisantool.com/hinodeiri/kobe/,sunrise-city,神戸の日の出・日の入り時刻【2026年】指定日計算・年間早見表 | 計算ツール,retain-monitor,,保留城市坐标和日期计算；公式精度、实际地平线与天气限制需随工具维护,逐URL结构与搜索记录；按模板/主题判断,False,True,1583,2,Google 2026-09-10..10-07: clicks-observed; Bing bucket 2026-10-02(top returned pages): no-returned-row
https://keisantool.com/hinodeiri/kyoto/,sunrise-city,京都の日の出・日の入り時刻【2026年】指定日計算・年間早見表 | 計算ツール,retain-monitor,,保留城市坐标和日期计算；公式精度、实际地平线与天气限制需随工具维护,逐URL结构与搜索记录；按模板/主题判断,False,True,1582,2,Google 2026-09-10..10-07: impressions-observed; Bing bucket 2026-10-02(top returned pages): clicks-observed
https://keisantool.com/hinodeiri/nagoya/,sunrise-city,名古屋の日の出・日の入り時刻【2026年】指定日計算・年間早見表 | 計算ツール,retain-monitor,,保留城市坐标和日期计算；公式精度、实际地平线与天气限制需随工具维护,逐URL结构与搜索记录；按模板/主题判断,False,True,1591,2,Google 2026-09-10..10-07: impressions-observed; Bing bucket 2026-10-02(top returned pages): no-returned-row
https://keisantool.com/hinodeiri/naha/,sunrise-city,那覇の日の出・日の入り時刻【2026年】指定日計算・年間早見表 | 計算ツール,retain-monitor,,保留城市坐标和日期计算；公式精度、实际地平线与天气限制需随工具维护,逐URL结构与搜索记录；按模板/主题判断,False,True,1586,2,Google 2026-09-10..10-07: impressions-observed; Bing bucket 2026-10-02(top returned pages): no-returned-row
https://keisantool.com/hinodeiri/niigata/,sunrise-city,新潟の日の出・日の入り時刻【2026年】指定日計算・年間早見表 | 計算ツール,retain-monitor,,保留城市坐标和日期计算；公式精度、实际地平线与天气限制需随工具维护,逐URL结构与搜索记录；按模板/主题判断,False,True,1581,2,Google 2026-09-10..10-07: impressions-observed; Bing bucket 2026-10-02(top returned pages): no-returned-row
https://keisantool.com/hinodeiri/osaka/,sunrise-city,大阪の日の出・日の入り時刻【2026年】指定日計算・年間早見表 | 計算ツール,retain-monitor,,保留城市坐标和日期计算；公式精度、实际地平线与天气限制需随工具维护,逐URL结构与搜索记录；按模板/主题判断,False,True,1583,2,Google 2026-09-10..10-07: impressions-observed; Bing bucket 2026-10-02(top returned pages): clicks-observed
https://keisantool.com/hinodeiri/sapporo/,sunrise-city,札幌の日の出・日の入り時刻【2026年】指定日計算・年間早見表 | 計算ツール,retain-monitor,,保留城市坐标和日期计算；公式精度、实际地平线与天气限制需随工具维护,逐URL结构与搜索记录；按模板/主题判断,False,True,1575,2,Google 2026-09-10..10-07: impressions-observed; Bing bucket 2026-10-02(top returned pages): no-returned-row
https://keisantool.com/hinodeiri/sendai/,sunrise-city,仙台の日の出・日の入り時刻【2026年】指定日計算・年間早見表 | 計算ツール,retain-monitor,,保留城市坐标和日期计算；公式精度、实际地平线与天气限制需随工具维护,逐URL结构与搜索记录；按模板/主题判断,False,True,1581,2,Google 2026-09-10..10-07: impressions-observed; Bing bucket 2026-10-02(top returned pages): no-returned-row
https://keisantool.com/hinodeiri/tokyo/,sunrise-city,東京の日の出・日の入り時刻【2026年】指定日計算・年間早見表 | 計算ツール,retain-monitor,,保留城市坐标和日期计算；公式精度、实际地平线与天气限制需随工具维护,逐URL结构与搜索记录；按模板/主题判断,False,True,1582,2,Google 2026-09-10..10-07: impressions-observed; Bing bucket 2026-10-02(top returned pages): clicks-observed
https://keisantool.com/hinodeiri/wakkanai/,sunrise-city,稚内の日の出・日の入り時刻【2026年】指定日計算・年間早見表 | 計算ツール,retain-monitor,,保留城市坐标和日期计算；公式精度、实际地平线与天气限制需随工具维护,逐URL结构与搜索记录；按模板/主题判断,False,True,1577,2,Google 2026-09-10..10-07: impressions-observed; Bing bucket 2026-10-02(top returned pages): no-returned-row
https://keisantool.com/hinodeiri/yokohama/,sunrise-city,横浜の日の出・日の入り時刻【2026年】指定日計算・年間早見表 | 計算ツール,retain-monitor,,保留城市坐标和日期计算；公式精度、实际地平线与天气限制需随工具维护,逐URL结构与搜索记录；按模板/主题判断,False,True,1582,2,Google 2026-09-10..10-07: impressions-observed; Bing bucket 2026-10-02(top returned pages): clicks-observed
https://keisantool.com/hyoujun-hensa/,tool,標準偏差計算ツール｜平均・分散・母集団・標本を自動計算,retain-monitor,,保留可操作的计算/转换/查询任务；字数与外链数量不作机械门槛，持续用真实使用和独立算例校验,逐URL结构与搜索记录；按模板/主题判断,False,True,1913,3,Google 2026-09-10..10-07: impressions-observed; Bing bucket 2026-10-02(top returned pages): clicks-observed
https://keisantool.com/ikuji/,tool,育児休業給付金計算器 — 67%・50%の30日分と給与支払時の減額 | 計算ツール,fixed-retain,,修正8周误判、虚构标准报酬阶梯和62万上限；改为30日67%/50%比较，含现行上下限、工资减额及来源,本轮人工核对所列问题/来源；计算页独立回归及浏览器验证，非全部事实认证,False,True,1421,2,Google 2026-09-10..10-07: impressions-observed; Bing bucket 2026-10-02(top returned pages): no-returned-row
https://keisantool.com/,home,無料計算ツール一覧 - 税金・健康・占い・給与・日付の計算 | 計算ツール,retain-monitor,,保留工具搜索和任务导航；用完成任务而非页面数衡量价值,逐URL结构与搜索记录；按模板/主题判断,False,True,4412,0,Google 2026-09-10..10-07: clicks-observed; Bing bucket 2026-10-02(top returned pages): no-returned-row
https://keisantool.com/inu-gohan/,tool,犬のごはん量計算器 - 体重とフードのカロリーから1日の餌の量を計算 | 計算ツール,fixed-retain,,补RER和维持系数来源；删除舍入更安全/减量处方暗示，说明BCS简化假设和个体调整,本轮人工核对所列问题/来源；计算页独立回归及浏览器验证，非全部事实认证,False,True,2110,2,Google 2026-09-10..10-07: impressions-observed; Bing bucket 2026-10-02(top returned pages): clicks-observed
https://keisantool.com/inu-nenrei/,tool,犬の年齢計算器（人間換算）- 犬の年齢は人間で何歳？体型別に計算 | 計算ツール,fixed-retain,,删除未证实的环境省公式背书；公开本站简化模型并补生活阶段参考，避免医学年龄暗示,本轮人工核对所列问题/来源；计算页独立回归及浏览器验证，非全部事实认证,False,True,1563,1,Google 2026-09-10..10-07: impressions-observed; Bing bucket 2026-10-02(top returned pages): no-returned-row
https://keisantool.com/inu-ninshin/,tool,犬の出産予定日計算｜交配日から妊娠期間63日を自動計算 | 計算ツール,retain-monitor,,保留可操作的计算/转换/查询任务；字数与外链数量不作机械门槛，持续用真实使用和独立算例校验,逐URL结构与搜索记录；按模板/主题判断,False,True,1440,4,Google 2026-09-10..10-07: clicks-observed; Bing bucket 2026-10-02(top returned pages): no-returned-row
https://keisantool.com/inu-vaccine/,tool,犬のワクチン接種スケジュール計算器 - 生年月日から接種時期の目安を表示 | 計算ツール,fixed-retain,,把8/12/16周定位为咨询日历；撤回一概3年一次及未经核实的法规变动预测，补WSAVA来源,本轮人工核对所列问题/来源；计算页独立回归及浏览器验证，非全部事实认证,False,True,1742,2,Google 2026-09-10..10-07: clicks-observed; Bing bucket 2026-10-02(top returned pages): no-returned-row
https://keisantool.com/jikan/,tool,時間計算ツール｜勤務時間・時間差・足し算・小数変換,retain-monitor,,保留可操作的计算/转换/查询任务；字数与外链数量不作机械门槛，持续用真实使用和独立算例校验,逐URL结构与搜索记录；按模板/主题判断,False,True,1804,2,Google 2026-09-10..10-07: clicks-observed; Bing bucket 2026-10-02(top returned pages): clicks-observed
https://keisantool.com/jisa/bangkok/,timezone-city,日本とバンコクの時差は何時間？現在時刻・早見表 | 計算ツール,retain-monitor,,保留城市时区与夏令时换算；Google弱表现不能抹去Bing已观察到的需求,逐URL结构与搜索记录；按模板/主题判断,False,True,1163,2,Google 2026-09-10..10-07: impressions-observed; Bing bucket 2026-10-02(top returned pages): no-returned-row
https://keisantool.com/jisa/hawaii/,timezone-city,日本とハワイ（ホノルル）の時差は何時間？現在時刻・早見表 | 計算ツール,retain-monitor,,保留城市时区与夏令时换算；Google弱表现不能抹去Bing已观察到的需求,逐URL结构与搜索记录；按模板/主题判断,False,True,1288,4,Google 2026-09-10..10-07: impressions-observed; Bing bucket 2026-10-02(top returned pages): clicks-observed
https://keisantool.com/jisa/,tool,時差計算ツール｜日本と世界の現在時刻・時間変換 | 計算ツール,retain-monitor,,保留可操作的计算/转换/查询任务；字数与外链数量不作机械门槛，持续用真实使用和独立算例校验,逐URL结构与搜索记录；按模板/主题判断,False,True,3579,0,Google 2026-09-10..10-07: clicks-observed; Bing bucket 2026-10-02(top returned pages): clicks-observed
https://keisantool.com/jisa/india/,timezone-city,日本とインド（デリー・ムンバイ）の時差は何時間？現在時刻・早見表 | 計算ツール,retain-monitor,,保留城市时区与夏令时换算；Google弱表现不能抹去Bing已观察到的需求,逐URL结构与搜索记录；按模板/主题判断,False,True,1320,2,Google 2026-09-10..10-07: impressions-observed; Bing bucket 2026-10-02(top returned pages): clicks-observed
https://keisantool.com/jisa/london/,timezone-city,日本とロンドンの時差は何時間？現在時刻・早見表 | 計算ツール,retain-monitor,,保留城市时区与夏令时换算；Google弱表现不能抹去Bing已观察到的需求,逐URL结构与搜索记录；按模板/主题判断,False,True,1405,3,Google 2026-09-10..10-07: impressions-observed; Bing bucket 2026-10-02(top returned pages): clicks-observed
https://keisantool.com/jisa/los-angeles/,timezone-city,日本とロサンゼルスの時差は何時間？現在時刻・早見表 | 計算ツール,retain-monitor,,保留城市时区与夏令时换算；Google弱表现不能抹去Bing已观察到的需求,逐URL结构与搜索记录；按模板/主题判断,False,True,1458,3,Google 2026-09-10..10-07: impressions-observed; Bing bucket 2026-10-02(top returned pages): clicks-observed
https://keisantool.com/jisa/new-york/,timezone-city,日本とニューヨークの時差は何時間？現在時刻・早見表 | 計算ツール,retain-monitor,,保留城市时区与夏令时换算；Google弱表现不能抹去Bing已观察到的需求,逐URL结构与搜索记录；按模板/主题判断,False,True,1455,3,Google 2026-09-10..10-07: impressions-observed; Bing bucket 2026-10-02(top returned pages): clicks-observed
https://keisantool.com/jisa/paris/,timezone-city,日本とパリの時差は何時間？現在時刻・早見表 | 計算ツール,retain-monitor,,保留城市时区与夏令时换算；Google弱表现不能抹去Bing已观察到的需求,逐URL结构与搜索记录；按模板/主题判断,False,True,1337,2,Google 2026-09-10..10-07: clicks-observed; Bing bucket 2026-10-02(top returned pages): no-returned-row
https://keisantool.com/jisa/seoul/,timezone-city,日本とソウルの時差は何時間？現在時刻・早見表 | 計算ツール,retain-monitor,,保留城市时区与夏令时换算；Google弱表现不能抹去Bing已观察到的需求,逐URL结构与搜索记录；按模板/主题判断,False,True,1117,2,Google 2026-09-10..10-07: impressions-observed; Bing bucket 2026-10-02(top returned pages): no-returned-row
https://keisantool.com/jisa/shanghai/,timezone-city,日本と上海・北京の時差は何時間？現在時刻・早見表 | 計算ツール,retain-monitor,,保留城市时区与夏令时换算；Google弱表现不能抹去Bing已观察到的需求,逐URL结构与搜索记录；按模板/主题判断,False,True,1176,2,Google 2026-09-10..10-07: impressions-observed; Bing bucket 2026-10-02(top returned pages): clicks-observed
https://keisantool.com/jisa/singapore/,timezone-city,日本とシンガポールの時差は何時間？現在時刻・早見表 | 計算ツール,retain-monitor,,保留城市时区与夏令时换算；Google弱表现不能抹去Bing已观察到的需求,逐URL结构与搜索记录；按模板/主题判断,False,True,1196,2,Google 2026-09-10..10-07: impressions-observed; Bing bucket 2026-10-02(top returned pages): clicks-observed
https://keisantool.com/jisa/sydney/,timezone-city,日本とシドニーの時差は何時間？現在時刻・早見表 | 計算ツール,retain-monitor,,保留城市时区与夏令时换算；Google弱表现不能抹去Bing已观察到的需求,逐URL结构与搜索记录；按模板/主题判断,False,True,1373,2,Google 2026-09-10..10-07: no-returned-row; Bing bucket 2026-10-02(top returned pages): no-returned-row
https://keisantool.com/jisa/taipei/,timezone-city,日本と台北の時差は何時間？現在時刻・早見表 | 計算ツール,retain-monitor,,保留城市时区与夏令时换算；Google弱表现不能抹去Bing已观察到的需求,逐URL结构与搜索记录；按模板/主题判断,False,True,1129,2,Google 2026-09-10..10-07: impressions-observed; Bing bucket 2026-10-02(top returned pages): no-returned-row
https://keisantool.com/json/,tool,JSON 整形・圧縮ツール - コピペで見やすく整形・ミニファイ | 計算ツール,retain-monitor,,保留可操作的计算/转换/查询任务；字数与外链数量不作机械门槛，持续用真实使用和独立算例校验,逐URL结构与搜索记录；按模板/主题判断,False,True,2461,0,Google 2026-09-10..10-07: impressions-observed; Bing bucket 2026-10-02(top returned pages): no-returned-row
https://keisantool.com/juminzei/,tool,住民税計算シミュレーション【令和8年度・2026年】年収から自動計算 | 計算ツール,retain-monitor,,保留可操作的计算/转换/查询任务；字数与外链数量不作机械门槛，持续用真实使用和独立算例校验,逐URL结构与搜索记录；按模板/主题判断,False,True,1718,3,Google 2026-09-10..10-07: clicks-observed; Bing bucket 2026-10-02(top returned pages): clicks-observed
https://keisantool.com/kaitensuu/,tool,回転数計算・rpm計算ツール｜モーター・プーリー・切削速度,retain-monitor,,保留可操作的计算/转换/查询任务；字数与外链数量不作机械门槛，持续用真实使用和独立算例校验,逐URL结构与搜索记录；按模板/主题判断,False,True,1475,2,Google 2026-09-10..10-07: clicks-observed; Bing bucket 2026-10-02(top returned pages): clicks-observed
https://keisantool.com/kakuritsu/,tool,確率計算ツール｜順列・組み合わせnPr・nCr、反復試行を自動計算,retain-monitor,,保留可操作的计算/转换/查询任务；字数与外链数量不作机械门槛，持续用真实使用和独立算例校验,逐URL结构与搜索记录；按模板/主题判断,False,True,2131,2,Google 2026-09-10..10-07: clicks-observed; Bing bucket 2026-10-02(top returned pages): clicks-observed
https://keisantool.com/kasokudo/,tool,加速度計算ツール｜速度・時間・G・等加速度の距離,retain-monitor,,保留可操作的计算/转换/查询任务；字数与外链数量不作机械门槛，持续用真实使用和独立算例校验,逐URL结构与搜索记录；按模板/主题判断,False,True,985,2,Google 2026-09-10..10-07: clicks-observed; Bing bucket 2026-10-02(top returned pages): clicks-observed
https://keisantool.com/ketsueki-aisho/,tool,血液型相性診断 - A・B・O・AB型 全16組み合わせの相性 | 計算ツール,retain-monitor,,保留可操作的计算/转换/查询任务；字数与外链数量不作机械门槛，持续用真实使用和独立算例校验,逐URL结构与搜索记录；按模板/主题判断,False,True,2752,0,Google 2026-09-10..10-07: clicks-observed; Bing bucket 2026-10-02(top returned pages): no-returned-row
https://keisantool.com/kinmu-jikan/,tool,月の勤務時間計算｜出勤・退勤・休憩を集計してCSV出力,retain-monitor,,保留可操作的计算/转换/查询任务；字数与外链数量不作机械门槛，持续用真实使用和独立算例校验,逐URL结构与搜索记录；按模板/主题判断,False,True,819,0,Google 2026-09-10..10-07: impressions-observed; Bing bucket 2026-10-02(top returned pages): no-returned-row
https://keisantool.com/kinmu-jikan/template/,tool,勤怠管理エクセルテンプレート無料｜2026・2027年・夜勤対応,retain-monitor,,保留可操作的计算/转换/查询任务；字数与外链数量不作机械门槛，持续用真实使用和独立算例校验,逐URL结构与搜索记录；按模板/主题判断,False,True,1047,0,Google 2026-09-10..10-07: no-returned-row; Bing bucket 2026-10-02(top returned pages): no-returned-row
https://keisantool.com/kinzoku-nensuu/,tool,入社何年目・勤続年数計算｜2026年対応・無料で自動計算,retain-monitor,,保留可操作的计算/转换/查询任务；字数与外链数量不作机械门槛，持续用真实使用和独立算例校验,逐URL结构与搜索记录；按模板/主题判断,False,True,3510,3,Google 2026-09-10..10-07: clicks-observed; Bing bucket 2026-10-02(top returned pages): clicks-observed
https://keisantool.com/kokuho/,tool,国民健康保険料計算器【2026年度】練馬区・大阪市の世帯別試算 | 計算ツール,retain-monitor,,保留可操作的计算/转换/查询任务；字数与外链数量不作机械门槛，持续用真实使用和独立算例校验,逐URL结构与搜索记录；按模板/主题判断,False,True,1619,3,Google 2026-09-10..10-07: impressions-observed; Bing bucket 2026-10-02(top returned pages): clicks-observed
https://keisantool.com/kotei-shisan/,tool,固定資産税計算器 - 評価額から固定資産税・都市計画税を概算 | 計算ツール,fixed-retain,,区分输入评价额与减免后课税标准；明确固定税率、面积范围和简单四分割的限制，补官方来源,本轮人工核对所列问题/来源；计算页独立回归及浏览器验证，非全部事实认证,False,True,1689,1,Google 2026-09-10..10-07: impressions-observed; Bing bucket 2026-10-02(top returned pages): no-returned-row
https://keisantool.com/koubai/,tool,勾配計算ツール｜角度・パーセント・屋根の寸勾配を換算,retain-monitor,,保留可操作的计算/转换/查询任务；字数与外链数量不作机械门槛，持续用真实使用和独立算例校验,逐URL结构与搜索记录；按模板/主题判断,False,True,1740,2,Google 2026-09-10..10-07: clicks-observed; Bing bucket 2026-10-02(top returned pages): clicks-observed
https://keisantool.com/kyuyo/,tool,時給・残業代計算器 - 給与・手取り額を簡単に計算 | 計算ツール,retain-monitor,,保留可操作的计算/转换/查询任务；字数与外链数量不作机械门槛，持续用真实使用和独立算例校验,逐URL结构与搜索记录；按模板/主题判断,False,True,2282,1,Google 2026-09-10..10-07: impressions-observed; Bing bucket 2026-10-02(top returned pages): clicks-observed
https://keisantool.com/loan/,tool,住宅ローン返済シミュレーター - 毎月返済額・総返済額・総利息を自動計算 | 計算ツール,fixed-retain,,修正文案中3000万/1%/35年的错误算例，示例由计算模块生成；删除单方面缩短还款期建议，补官方方式来源,本轮人工核对所列问题/来源；计算页独立回归及浏览器验证，非全部事实认证,False,True,2020,1,Google 2026-09-10..10-07: impressions-observed; Bing bucket 2026-10-02(top returned pages): no-returned-row
https://keisantool.com/mahjong-fu/,tool,麻雀符計算ツール｜面子・待ちから符数を自動計算,retain-monitor,,保留可操作的计算/转换/查询任务；字数与外链数量不作机械门槛，持续用真实使用和独立算例校验,逐URL结构与搜索记录；按模板/主题判断,False,True,1857,2,Google 2026-09-10..10-07: no-returned-row; Bing bucket 2026-10-02(top returned pages): no-returned-row
https://keisantool.com/markdown/,tool,Markdown → HTML 変換ツール（コピペ対応） | 計算ツール,retain-monitor,,保留可操作的计算/转换/查询任务；字数与外链数量不作机械门槛，持续用真实使用和独立算例校验,逐URL结构与搜索记录；按模板/主题判断,False,True,1121,0,Google 2026-09-10..10-07: impressions-observed; Bing bucket 2026-10-02(top returned pages): no-returned-row
https://keisantool.com/mitsudo/,tool,密度計算ツール｜空気密度・質量・体積を自動計算,retain-monitor,,保留可操作的计算/转换/查询任务；字数与外链数量不作机械门槛，持续用真实使用和独立算例校验,逐URL结构与搜索记录；按模板/主题判断,False,True,2511,3,Google 2026-09-10..10-07: clicks-observed; Bing bucket 2026-10-02(top returned pages): clicks-observed
https://keisantool.com/moji/,tool,全角半角変換・文字数カウントツール - コピペで即座に変換 | 計算ツール,retain-monitor,,保留可操作的计算/转换/查询任务；字数与外链数量不作机械门槛，持续用真实使用和独立算例校验,逐URL结构与搜索记录；按模板/主题判断,False,True,1309,0,Google 2026-09-10..10-07: impressions-observed; Bing bucket 2026-10-02(top returned pages): no-returned-row
https://keisantool.com/neko-gohan/,tool,猫のごはん量計算器 - 体重とフードのカロリーから1日の餌の量を計算 | 計算ツール,fixed-retain,,补RER和维持系数来源；删除舍入更安全/减量处方暗示，说明BCS简化假设和个体调整,本轮人工核对所列问题/来源；计算页独立回归及浏览器验证，非全部事实认证,False,True,2068,2,Google 2026-09-10..10-07: impressions-observed; Bing bucket 2026-10-02(top returned pages): no-returned-row
https://keisantool.com/neko-nenrei/,tool,猫の年齢計算器（人間換算）- 猫の年齢は人間で何歳？早見表つき | 計算ツール,fixed-retain,,删除AAHA/AAFP公认暗示；区分简易人龄换算和生活阶段护理资料,本轮人工核对所列问题/来源；计算页独立回归及浏览器验证，非全部事实认证,False,True,1212,1,Google 2026-09-10..10-07: impressions-observed; Bing bucket 2026-10-02(top returned pages): no-returned-row
https://keisantool.com/neko-ninshin/,tool,猫の出産予定日計算｜交配日から妊娠期間65日を自動計算 | 計算ツール,retain-monitor,,保留可操作的计算/转换/查询任务；字数与外链数量不作机械门槛，持续用真实使用和独立算例校验,逐URL结构与搜索记录；按模板/主题判断,False,True,1535,4,Google 2026-09-10..10-07: clicks-observed; Bing bucket 2026-10-02(top returned pages): no-returned-row
https://keisantool.com/neko-vaccine/,tool,猫のワクチン接種スケジュール計算器 - 生年月日から接種時期の目安を表示 | 計算ツール,fixed-retain,,把8/12/16周定位为咨询日历；明确26周后再接种讨论、风险差异与WSAVA来源,本轮人工核对所列问题/来源；计算页独立回归及浏览器验证，非全部事实认证,False,True,1498,1,Google 2026-09-10..10-07: impressions-observed; Bing bucket 2026-10-02(top returned pages): no-returned-row
https://keisantool.com/nematsu/,tool,年末調整計算器 - 源泉徴収差額調整 | 計算ツール,retain-monitor,,保留可操作的计算/转换/查询任务；字数与外链数量不作机械门槛，持续用真实使用和独立算例校验,逐URL结构与搜索记录；按模板/主题判断,False,True,1091,3,Google 2026-09-10..10-07: no-returned-row; Bing bucket 2026-10-02(top returned pages): clicks-observed
https://keisantool.com/nenmatsu-nenshi/,tool,年末年始休み 2026〜2027年｜会社休日・出勤予定を計算,retain-monitor,,保留可操作的计算/转换/查询任务；字数与外链数量不作机械门槛，持续用真实使用和独立算例校验,逐URL结构与搜索记录；按模板/主题判断,False,True,996,1,Google 2026-09-10..10-07: impressions-observed; Bing bucket 2026-10-02(top returned pages): no-returned-row
https://keisantool.com/nenrei/,tool,年齢計算器 - 生年月日から満年齢・数え年・学年・干支を自動計算 | 計算ツール,retain-monitor,,保留可操作的计算/转换/查询任务；字数与外链数量不作机械门槛，持续用真实使用和独立算例校验,逐URL结构与搜索记录；按模板/主题判断,False,True,1035,0,Google 2026-09-10..10-07: impressions-observed; Bing bucket 2026-10-02(top returned pages): no-returned-row
https://keisantool.com/nenrei-hayami/2027/,tool,年齢早見表 2027年（令和9年）｜西暦・和暦・満年齢・PDF,retain-monitor,,保留可操作的计算/转换/查询任务；字数与外链数量不作机械门槛，持续用真实使用和独立算例校验,逐URL结构与搜索记录；按模板/主题判断,False,True,1998,0,Google 2026-09-10..10-07: no-returned-row; Bing bucket 2026-10-02(top returned pages): no-returned-row
https://keisantool.com/nenrei-hayami/,tool,年齢早見表【2026年（令和8年）版】西暦・和暦・満年齢・数え年・干支 | 計算ツール,retain-monitor,,保留可操作的计算/转换/查询任务；字数与外链数量不作机械门槛，持续用真实使用和独立算例校验,逐URL结构与搜索记录；按模板/主题判断,False,True,4755,0,Google 2026-09-10..10-07: clicks-observed; Bing bucket 2026-10-02(top returned pages): clicks-observed
https://keisantool.com/netsuryou/,tool,熱量・比熱計算ツール｜Q=mcΔT・J・cal・kWh換算,retain-monitor,,保留可操作的计算/转换/查询任务；字数与外链数量不作机械门槛，持续用真实使用和独立算例校验,逐URL结构与搜索记录；按模板/主题判断,False,True,905,2,Google 2026-09-10..10-07: clicks-observed; Bing bucket 2026-10-02(top returned pages): clicks-observed
https://keisantool.com/nihongo-seikei/,tool,日本語文章整形｜空白・改行・句読点をコピペで一括修正,retain-monitor,,保留可操作的计算/转换/查询任务；字数与外链数量不作机械门槛，持续用真实使用和独立算例校验,逐URL结构与搜索记录；按模板/主题判断,False,True,1031,0,Google 2026-09-10..10-07: clicks-observed; Bing bucket 2026-10-02(top returned pages): no-returned-row
https://keisantool.com/nissu/,tool,日数計算｜2つの日付は何日間？営業日数・何日後も即計算,retain-monitor,,保留可操作的计算/转换/查询任务；字数与外链数量不作机械门槛，持续用真实使用和独立算例校验,逐URL结构与搜索记录；按模板/主题判断,False,True,2136,2,Google 2026-09-10..10-07: impressions-observed; Bing bucket 2026-10-02(top returned pages): clicks-observed
https://keisantool.com/noudo/,tool,濃度計算ツール｜質量パーセント・モル濃度・希釈を自動計算,retain-monitor,,保留可操作的计算/转换/查询任务；字数与外链数量不作机械门槛，持续用真实使用和独立算例校验,逐URL结构与搜索记录；按模板/主题判断,False,True,2189,3,Google 2026-09-10..10-07: clicks-observed; Bing bucket 2026-10-02(top returned pages): clicks-observed
https://keisantool.com/password/,tool,パスワード生成ツール - 安全で強力なパスワードをその場で生成 | 計算ツール,retain-monitor,,保留可操作的计算/转换/查询任务；字数与外链数量不作机械门槛，持续用真实使用和独立算例校验,逐URL结构与搜索记录；按模板/主题判断,False,True,2016,1,Google 2026-09-10..10-07: impressions-observed; Bing bucket 2026-10-02(top returned pages): no-returned-row
https://keisantool.com/privacy/,site-information,プライバシーポリシー | 計算ツール,retain-operational-review,,保留主体、联系、隐私和编辑责任信息；必须与实际运营一致，邮箱收信及CMP账号状态尚未验证,逐URL结构与搜索记录；按模板/主题判断,False,True,1180,6,Google 2026-09-10..10-07: impressions-observed; Bing bucket 2026-10-02(top returned pages): no-returned-row
https://keisantool.com/regex/,tool,正規表現テストツール - パターンのマッチを即チェック | 計算ツール,retain-monitor,,保留可操作的计算/转换/查询任务；字数与外链数量不作机械门槛，持续用真实使用和独立算例校验,逐URL结构与搜索记录；按模板/主题判断,False,True,1025,0,Google 2026-09-10..10-07: impressions-observed; Bing bucket 2026-10-02(top returned pages): no-returned-row
https://keisantool.com/renkyu/2027/,tool,2027年の連休・有給カレンダー｜GWは有給1日で7連休,retain-monitor,,保留可操作的计算/转换/查询任务；字数与外链数量不作机械门槛，持续用真实使用和独立算例校验,逐URL结构与搜索记录；按模板/主题判断,False,True,3502,1,Google 2026-09-10..10-07: no-returned-row; Bing bucket 2026-10-02(top returned pages): no-returned-row
https://keisantool.com/resources/,resource-hub,無料の業務資料・2027年準備｜年齢表PDF・勤怠Excel・営業日埋め込み,retain-monitor,,保留资料发现、下载或嵌入入口；按导航任务判断，不要求凑长文,逐URL结构与搜索记录；按模板/主题判断,False,True,904,0,Google 2026-09-10..10-07: no-returned-row; Bing bucket 2026-10-02(top returned pages): no-returned-row
https://keisantool.com/result/eigyoubi/,shared-utility,営業日数の共有結果｜計算ツール,retain-noindex,,维持已有noindex：输入驱动的结果/嵌入辅助页；不是搜索着陆内容，也不靠增加正文争取收录,逐URL结构与搜索记录；按模板/主题判断,True,False,198,0,Google 2026-09-10..10-07: no-returned-row; Bing bucket 2026-10-02(top returned pages): no-returned-row
https://keisantool.com/result/hayasa/,shared-utility,速さ・距離・時間の共有結果｜計算ツール,retain-noindex,,维持已有noindex：输入驱动的结果/嵌入辅助页；不是搜索着陆内容，也不靠增加正文争取收录,逐URL结构与搜索记录；按模板/主题判断,True,False,202,0,Google 2026-09-10..10-07: no-returned-row; Bing bucket 2026-10-02(top returned pages): no-returned-row
https://keisantool.com/result/kinzoku-nensuu/,shared-utility,勤続年数の共有結果｜計算ツール,retain-noindex,,维持已有noindex：输入驱动的结果/嵌入辅助页；不是搜索着陆内容，也不靠增加正文争取收录,逐URL结构与搜索记录；按模板/主题判断,True,False,198,0,Google 2026-09-10..10-07: no-returned-row; Bing bucket 2026-10-02(top returned pages): no-returned-row
https://keisantool.com/result/nenmatsu-nenshi/,shared-utility,年末年始の休業予定の共有結果｜計算ツール,retain-noindex,,维持已有noindex：输入驱动的结果/嵌入辅助页；不是搜索着陆内容，也不靠增加正文争取收录,逐URL结构与搜索记录；按模板/主题判断,True,False,203,0,Google 2026-09-10..10-07: no-returned-row; Bing bucket 2026-10-02(top returned pages): no-returned-row
https://keisantool.com/result/taishoku-yukyu/,shared-utility,退職前の有給消化の共有結果｜計算ツール,retain-noindex,,维持已有noindex：输入驱动的结果/嵌入辅助页；不是搜索着陆内容，也不靠增加正文争取收录,逐URL结构与搜索记录；按模板/主题判断,True,False,202,0,Google 2026-09-10..10-07: no-returned-row; Bing bucket 2026-10-02(top returned pages): no-returned-row
https://keisantool.com/rieki-ritsu/,tool,利益率計算ツール｜粗利率・原価率・目標売価を自動計算,retain-monitor,,保留可操作的计算/转换/查询任务；字数与外链数量不作机械门槛，持续用真实使用和独立算例校验,逐URL结构与搜索记录；按模板/主题判断,False,True,2173,2,Google 2026-09-10..10-07: impressions-observed; Bing bucket 2026-10-02(top returned pages): clicks-observed
https://keisantool.com/rokusei/daisakkai-2026/,rokusei-content,大殺界 2026｜何星人が大殺界？12タイプ早見表で即チェック,retain-monitor,,保留既有搜索入口；明确文化娱乐范围、计算规则与流派差异，避免宿命性承诺,逐URL结构与搜索记录；按模板/主题判断,False,True,1891,0,Google 2026-09-10..10-07: no-returned-row; Bing bucket 2026-10-02(top returned pages): no-returned-row
https://keisantool.com/rokusei/daisakkai-2027/,rokusei-content,大殺界2027年｜いつ終わる？12タイプの年運・開始終了早見表,retain-monitor,,保留既有搜索入口；明确文化娱乐范围、计算规则与流派差异，避免宿命性承诺,逐URL结构与搜索记录；按模板/主题判断,False,True,1423,3,Google 2026-09-10..10-07: no-returned-row; Bing bucket 2026-10-02(top returned pages): no-returned-row
https://keisantool.com/rokusei/doseijin-minus/,rokusei-content,土星人マイナスの2026年運勢・大殺界早見表｜乱気はいつ？ | 計算ツール,retain-monitor,,保留既有搜索入口；明确文化娱乐范围、计算规则与流派差异，避免宿命性承诺,逐URL结构与搜索记录；按模板/主题判断,False,True,1199,2,Google 2026-09-10..10-07: clicks-observed; Bing bucket 2026-10-02(top returned pages): no-returned-row
https://keisantool.com/rokusei/doseijin-plus/,rokusei-content,土星人プラスの2026年運勢・大殺界早見表｜再会はいつ？ | 計算ツール,retain-monitor,,保留既有搜索入口；明确文化娱乐范围、计算规则与流派差异，避免宿命性承诺,逐URL结构与搜索记录；按模板/主题判断,False,True,1177,2,Google 2026-09-10..10-07: impressions-observed; Bing bucket 2026-10-02(top returned pages): no-returned-row
https://keisantool.com/rokusei/hayamihyou/,rokusei-content,六星占術 早見表【2026年】12タイプの運勢・大殺界を一覧で速見,retain-monitor,,保留既有搜索入口；明确文化娱乐范围、计算规则与流派差异，避免宿命性承诺,逐URL结构与搜索记录；按模板/主题判断,False,True,2031,0,Google 2026-09-10..10-07: no-returned-row; Bing bucket 2026-10-02(top returned pages): clicks-observed
https://keisantool.com/rokusei/,tool,六星占術自動計算 2026【完全無料】大殺界・運命星・早見表,retain-monitor,,保留可操作的计算/转换/查询任务；字数与外链数量不作机械门槛，持续用真实使用和独立算例校验,逐URL结构与搜索记录；按模板/主题判断,False,True,3803,2,Google 2026-09-10..10-07: clicks-observed; Bing bucket 2026-10-02(top returned pages): clicks-observed
https://keisantool.com/rokusei/kaseijin-minus/,rokusei-content,火星人マイナスの2026年運勢・大殺界早見表｜陰影はいつ？ | 計算ツール,retain-monitor,,保留既有搜索入口；明确文化娱乐范围、计算规则与流派差异，避免宿命性承诺,逐URL结构与搜索记录；按模板/主题判断,False,True,1201,2,Google 2026-09-10..10-07: clicks-observed; Bing bucket 2026-10-02(top returned pages): clicks-observed
https://keisantool.com/rokusei/kaseijin-plus/,rokusei-content,火星人プラスの2026年運勢・大殺界早見表｜停止はいつ？ | 計算ツール,retain-monitor,,保留既有搜索入口；明确文化娱乐范围、计算规则与流派差异，避免宿命性承诺,逐URL结构与搜索记录；按模板/主题判断,False,True,1197,2,Google 2026-09-10..10-07: clicks-observed; Bing bucket 2026-10-02(top returned pages): no-returned-row
https://keisantool.com/rokusei/kinseijin-minus/,rokusei-content,金星人マイナスの2026年運勢・大殺界早見表｜財成はいつ？ | 計算ツール,retain-monitor,,保留既有搜索入口；明确文化娱乐范围、计算规则与流派差异，避免宿命性承诺,逐URL结构与搜索记录；按模板/主题判断,False,True,1187,2,Google 2026-09-10..10-07: clicks-observed; Bing bucket 2026-10-02(top returned pages): no-returned-row
https://keisantool.com/rokusei/kinseijin-plus/,rokusei-content,金星人プラスの2026年運勢・大殺界早見表｜安定はいつ？ | 計算ツール,retain-monitor,,保留既有搜索入口；明确文化娱乐范围、计算规则与流派差异，避免宿命性承诺,逐URL结构与搜索记录；按模板/主题判断,False,True,1179,2,Google 2026-09-10..10-07: clicks-observed; Bing bucket 2026-10-02(top returned pages): no-returned-row
https://keisantool.com/rokusei/mokuseijin-minus/,rokusei-content,木星人マイナスの2026年運勢・大殺界早見表｜緑生はいつ？ | 計算ツール,retain-monitor,,保留既有搜索入口；明确文化娱乐范围、计算规则与流派差异，避免宿命性承诺,逐URL结构与搜索记录；按模板/主题判断,False,True,1183,2,Google 2026-09-10..10-07: impressions-observed; Bing bucket 2026-10-02(top returned pages): no-returned-row
https://keisantool.com/rokusei/mokuseijin-plus/,rokusei-content,木星人プラスの2026年運勢・大殺界早見表｜立花はいつ？ | 計算ツール,retain-monitor,,保留既有搜索入口；明确文化娱乐范围、计算规则与流派差异，避免宿命性承诺,逐URL结构与搜索记录；按模板/主题判断,False,True,1177,2,Google 2026-09-10..10-07: clicks-observed; Bing bucket 2026-10-02(top returned pages): no-returned-row
https://keisantool.com/rokusei/shukumei-daisakkai/,rokusei-content,宿命大殺界 自動計算｜生年月日から人生の20年間を無料判定,retain-monitor,,保留既有搜索入口；明确文化娱乐范围、计算规则与流派差异，避免宿命性承诺,逐URL结构与搜索记录；按模板/主题判断,False,True,1341,0,Google 2026-09-10..10-07: clicks-observed; Bing bucket 2026-10-02(top returned pages): clicks-observed
https://keisantool.com/rokusei/shukumei-guide/,rokusei-content,宿命大殺界の調べ方｜計算例・大殺界との違い・結果の読み方,retain-monitor,,保留既有搜索入口；明确文化娱乐范围、计算规则与流派差异，避免宿命性承诺,逐URL结构与搜索记录；按模板/主题判断,False,True,916,1,Google 2026-09-10..10-07: no-returned-row; Bing bucket 2026-10-02(top returned pages): no-returned-row
https://keisantool.com/rokusei/suiseijin-minus/,rokusei-content,水星人マイナスの2026年運勢・大殺界早見表｜健弱はいつ？ | 計算ツール,retain-monitor,,保留既有搜索入口；明确文化娱乐范围、计算规则与流派差异，避免宿命性承诺,逐URL结构与搜索记录；按模板/主题判断,False,True,1201,2,Google 2026-09-10..10-07: clicks-observed; Bing bucket 2026-10-02(top returned pages): no-returned-row
https://keisantool.com/rokusei/suiseijin-plus/,rokusei-content,水星人プラスの2026年運勢・大殺界早見表｜達成はいつ？ | 計算ツール,retain-monitor,,保留既有搜索入口；明确文化娱乐范围、计算规则与流派差异，避免宿命性承诺,逐URL结构与搜索记录；按模板/主题判断,False,True,1177,2,Google 2026-09-10..10-07: clicks-observed; Bing bucket 2026-10-02(top returned pages): clicks-observed
https://keisantool.com/rokusei/tenouseijin-minus/,rokusei-content,天王星人マイナスの2026年運勢・大殺界早見表｜減退はいつ？ | 計算ツール,retain-monitor,,保留既有搜索入口；明确文化娱乐范围、计算规则与流派差异，避免宿命性承诺,逐URL结构与搜索记录；按模板/主题判断,False,True,1215,2,Google 2026-09-10..10-07: clicks-observed; Bing bucket 2026-10-02(top returned pages): no-returned-row
https://keisantool.com/rokusei/tenouseijin-plus/,rokusei-content,天王星人プラスの2026年運勢・大殺界早見表｜種子はいつ？ | 計算ツール,retain-monitor,,保留既有搜索入口；明确文化娱乐范围、计算规则与流派差异，避免宿命性承诺,逐URL结构与搜索记录；按模板/主题判断,False,True,1199,2,Google 2026-09-10..10-07: clicks-observed; Bing bucket 2026-10-02(top returned pages): no-returned-row
https://keisantool.com/rokusei-aisho/,tool,六星占術 相性診断｜2人の生年月日から地運を自動計算【2026年】,retain-monitor,,保留可操作的计算/转换/查询任务；字数与外链数量不作机械门槛，持续用真实使用和独立算例校验,逐URL结构与搜索记录；按模板/主题判断,False,True,1726,3,Google 2026-09-10..10-07: clicks-observed; Bing bucket 2026-10-02(top returned pages): clicks-observed
https://keisantool.com/rokuyo/2025-01/,rokuyo-month,2025年1月の六曜カレンダー｜大安・仏滅の日一覧 | 計算ツール,retain-monitor,,保留各月实际日期网格；检查每月日历有效性和相邻月导航，不用字数判断质量,逐URL结构与搜索记录；按模板/主题判断,False,True,1168,0,Google 2026-09-10..10-07: impressions-observed; Bing bucket 2026-10-02(top returned pages): no-returned-row
https://keisantool.com/rokuyo/2025-02/,rokuyo-month,2025年2月の六曜カレンダー｜大安・仏滅の日一覧 | 計算ツール,retain-monitor,,保留各月实际日期网格；检查每月日历有效性和相邻月导航，不用字数判断质量,逐URL结构与搜索记录；按模板/主题判断,False,True,1165,0,Google 2026-09-10..10-07: impressions-observed; Bing bucket 2026-10-02(top returned pages): no-returned-row
https://keisantool.com/rokuyo/2025-03/,rokuyo-month,2025年3月の六曜カレンダー｜大安・仏滅の日一覧 | 計算ツール,retain-monitor,,保留各月实际日期网格；检查每月日历有效性和相邻月导航，不用字数判断质量,逐URL结构与搜索记录；按模板/主题判断,False,True,1205,0,Google 2026-09-10..10-07: impressions-observed; Bing bucket 2026-10-02(top returned pages): no-returned-row
https://keisantool.com/rokuyo/2025-04/,rokuyo-month,2025年4月の六曜カレンダー｜大安・仏滅の日一覧 | 計算ツール,retain-monitor,,保留各月实际日期网格；检查每月日历有效性和相邻月导航，不用字数判断质量,逐URL结构与搜索记录；按模板/主题判断,False,True,1180,0,Google 2026-09-10..10-07: impressions-observed; Bing bucket 2026-10-02(top returned pages): no-returned-row
https://keisantool.com/rokuyo/2025-05/,rokuyo-month,2025年5月の六曜カレンダー｜大安・仏滅の日一覧 | 計算ツール,retain-monitor,,保留各月实际日期网格；检查每月日历有效性和相邻月导航，不用字数判断质量,逐URL结构与搜索记录；按模板/主题判断,False,True,1172,0,Google 2026-09-10..10-07: impressions-observed; Bing bucket 2026-10-02(top returned pages): no-returned-row
https://keisantool.com/rokuyo/2025-06/,rokuyo-month,2025年6月の六曜カレンダー｜大安・仏滅の日一覧 | 計算ツール,retain-monitor,,保留各月实际日期网格；检查每月日历有效性和相邻月导航，不用字数判断质量,逐URL结构与搜索记录；按模板/主题判断,False,True,1173,0,Google 2026-09-10..10-07: impressions-observed; Bing bucket 2026-10-02(top returned pages): no-returned-row
https://keisantool.com/rokuyo/2025-07/,rokuyo-month,2025年7月の六曜カレンダー｜大安・仏滅の日一覧 | 計算ツール,retain-monitor,,保留各月实际日期网格；检查每月日历有效性和相邻月导航，不用字数判断质量,逐URL结构与搜索记录；按模板/主题判断,False,True,1184,0,Google 2026-09-10..10-07: impressions-observed; Bing bucket 2026-10-02(top returned pages): no-returned-row
https://keisantool.com/rokuyo/2025-08/,rokuyo-month,2025年8月の六曜カレンダー｜大安・仏滅の日一覧 | 計算ツール,retain-monitor,,保留各月实际日期网格；检查每月日历有效性和相邻月导航，不用字数判断质量,逐URL结构与搜索记录；按模板/主题判断,False,True,1168,0,Google 2026-09-10..10-07: impressions-observed; Bing bucket 2026-10-02(top returned pages): no-returned-row
https://keisantool.com/rokuyo/2025-09/,rokuyo-month,2025年9月の六曜カレンダー｜大安・仏滅の日一覧 | 計算ツール,retain-monitor,,保留各月实际日期网格；检查每月日历有效性和相邻月导航，不用字数判断质量,逐URL结构与搜索记录；按模板/主题判断,False,True,1185,0,Google 2026-09-10..10-07: impressions-observed; Bing bucket 2026-10-02(top returned pages): no-returned-row
https://keisantool.com/rokuyo/2025-10/,rokuyo-month,2025年10月の六曜カレンダー｜大安・仏滅の日一覧 | 計算ツール,retain-monitor,,保留各月实际日期网格；检查每月日历有效性和相邻月导航，不用字数判断质量,逐URL结构与搜索记录；按模板/主题判断,False,True,1203,0,Google 2026-09-10..10-07: impressions-observed; Bing bucket 2026-10-02(top returned pages): no-returned-row
https://keisantool.com/rokuyo/2025-11/,rokuyo-month,2025年11月の六曜カレンダー｜大安・仏滅の日一覧 | 計算ツール,retain-monitor,,保留各月实际日期网格；检查每月日历有效性和相邻月导航，不用字数判断质量,逐URL结构与搜索记录；按模板/主题判断,False,True,1184,0,Google 2026-09-10..10-07: impressions-observed; Bing bucket 2026-10-02(top returned pages): no-returned-row
https://keisantool.com/rokuyo/2025-12/,rokuyo-month,2025年12月の六曜カレンダー｜大安・仏滅の日一覧 | 計算ツール,retain-monitor,,保留各月实际日期网格；检查每月日历有效性和相邻月导航，不用字数判断质量,逐URL结构与搜索记录；按模板/主题判断,False,True,1184,0,Google 2026-09-10..10-07: impressions-observed; Bing bucket 2026-10-02(top returned pages): no-returned-row
https://keisantool.com/rokuyo/2026-01/,rokuyo-month,2026年1月の六曜カレンダー｜大安・仏滅の日一覧 | 計算ツール,retain-monitor,,保留各月实际日期网格；检查每月日历有效性和相邻月导航，不用字数判断质量,逐URL结构与搜索记录；按模板/主题判断,False,True,1180,0,Google 2026-09-10..10-07: no-returned-row; Bing bucket 2026-10-02(top returned pages): no-returned-row
https://keisantool.com/rokuyo/2026-02/,rokuyo-month,2026年2月の六曜カレンダー｜大安・仏滅の日一覧 | 計算ツール,retain-monitor,,保留各月实际日期网格；检查每月日历有效性和相邻月导航，不用字数判断质量,逐URL结构与搜索记录；按模板/主题判断,False,True,1156,0,Google 2026-09-10..10-07: no-returned-row; Bing bucket 2026-10-02(top returned pages): no-returned-row
https://keisantool.com/rokuyo/2026-03/,rokuyo-month,2026年3月の六曜カレンダー｜大安・仏滅の日一覧 | 計算ツール,retain-monitor,,保留各月实际日期网格；检查每月日历有效性和相邻月导航，不用字数判断质量,逐URL结构与搜索记录；按模板/主题判断,False,True,1184,0,Google 2026-09-10..10-07: no-returned-row; Bing bucket 2026-10-02(top returned pages): no-returned-row
https://keisantool.com/rokuyo/2026-04/,rokuyo-month,2026年4月の六曜カレンダー｜大安・仏滅の日一覧 | 計算ツール,retain-monitor,,保留各月实际日期网格；检查每月日历有效性和相邻月导航，不用字数判断质量,逐URL结构与搜索记录；按模板/主题判断,False,True,1185,0,Google 2026-09-10..10-07: impressions-observed; Bing bucket 2026-10-02(top returned pages): no-returned-row
https://keisantool.com/rokuyo/2026-05/,rokuyo-month,2026年5月の六曜カレンダー｜大安・仏滅の日一覧 | 計算ツール,retain-monitor,,保留各月实际日期网格；检查每月日历有效性和相邻月导航，不用字数判断质量,逐URL结构与搜索记录；按模板/主题判断,False,True,1196,0,Google 2026-09-10..10-07: impressions-observed; Bing bucket 2026-10-02(top returned pages): no-returned-row
https://keisantool.com/rokuyo/2026-06/,rokuyo-month,2026年6月の六曜カレンダー｜大安・仏滅の日一覧 | 計算ツール,retain-monitor,,保留各月实际日期网格；检查每月日历有效性和相邻月导航，不用字数判断质量,逐URL结构与搜索记录；按模板/主题判断,False,True,1168,0,Google 2026-09-10..10-07: no-returned-row; Bing bucket 2026-10-02(top returned pages): no-returned-row
https://keisantool.com/rokuyo/2026-07/,rokuyo-month,2026年7月の六曜カレンダー｜大安・仏滅の日一覧 | 計算ツール,retain-monitor,,保留各月实际日期网格；检查每月日历有效性和相邻月导航，不用字数判断质量,逐URL结构与搜索记录；按模板/主题判断,False,True,1177,0,Google 2026-09-10..10-07: impressions-observed; Bing bucket 2026-10-02(top returned pages): no-returned-row
https://keisantool.com/rokuyo/2026-08/,rokuyo-month,2026年8月の六曜カレンダー｜大安・仏滅の日一覧 | 計算ツール,retain-monitor,,保留各月实际日期网格；检查每月日历有效性和相邻月导航，不用字数判断质量,逐URL结构与搜索记录；按模板/主题判断,False,True,1184,0,Google 2026-09-10..10-07: impressions-observed; Bing bucket 2026-10-02(top returned pages): no-returned-row
https://keisantool.com/rokuyo/2026-09/,rokuyo-month,2026年9月の六曜カレンダー｜大安・仏滅の日一覧 | 計算ツール,retain-monitor,,保留各月实际日期网格；检查每月日历有效性和相邻月导航，不用字数判断质量,逐URL结构与搜索记录；按模板/主题判断,False,True,1177,0,Google 2026-09-10..10-07: clicks-observed; Bing bucket 2026-10-02(top returned pages): no-returned-row
https://keisantool.com/rokuyo/2026-10/,rokuyo-month,2026年10月の六曜カレンダー｜大安・仏滅の日一覧 | 計算ツール,retain-canonical-alias,https://keisantool.com/rokuyo/,既有当前月/年度别名，指向主入口且排除sitemap；不作为新增独立内容,逐URL结构与搜索记录；按模板/主题判断,False,False,1212,0,Google 2026-09-10..10-07: clicks-observed; Bing bucket 2026-10-02(top returned pages): no-returned-row
https://keisantool.com/rokuyo/2026-11/,rokuyo-month,2026年11月の六曜カレンダー｜大安・仏滅の日一覧 | 計算ツール,retain-monitor,,保留各月实际日期网格；检查每月日历有效性和相邻月导航，不用字数判断质量,逐URL结构与搜索记录；按模板/主题判断,False,True,1184,0,Google 2026-09-10..10-07: impressions-observed; Bing bucket 2026-10-02(top returned pages): no-returned-row
https://keisantool.com/rokuyo/2026-12/,rokuyo-month,2026年12月の六曜カレンダー｜大安・仏滅の日一覧 | 計算ツール,retain-monitor,,保留各月实际日期网格；检查每月日历有效性和相邻月导航，不用字数判断质量,逐URL结构与搜索记录；按模板/主题判断,False,True,1175,0,Google 2026-09-10..10-07: impressions-observed; Bing bucket 2026-10-02(top returned pages): no-returned-row
https://keisantool.com/rokuyo/2027-01/,rokuyo-month,2027年1月の六曜カレンダー｜大安・仏滅の日一覧 | 計算ツール,retain-monitor,,保留各月实际日期网格；检查每月日历有效性和相邻月导航，不用字数判断质量,逐URL结构与搜索记录；按模板/主题判断,False,True,1193,0,Google 2026-09-10..10-07: impressions-observed; Bing bucket 2026-10-02(top returned pages): no-returned-row
https://keisantool.com/rokuyo/2027-02/,rokuyo-month,2027年2月の六曜カレンダー｜大安・仏滅の日一覧 | 計算ツール,retain-monitor,,保留各月实际日期网格；检查每月日历有效性和相邻月导航，不用字数判断质量,逐URL结构与搜索记录；按模板/主题判断,False,True,1157,0,Google 2026-09-10..10-07: impressions-observed; Bing bucket 2026-10-02(top returned pages): no-returned-row
https://keisantool.com/rokuyo/2027-03/,rokuyo-month,2027年3月の六曜カレンダー｜大安・仏滅の日一覧 | 計算ツール,retain-monitor,,保留各月实际日期网格；检查每月日历有效性和相邻月导航，不用字数判断质量,逐URL结构与搜索记录；按模板/主题判断,False,True,1184,0,Google 2026-09-10..10-07: impressions-observed; Bing bucket 2026-10-02(top returned pages): no-returned-row
https://keisantool.com/rokuyo/2027-04/,rokuyo-month,2027年4月の六曜カレンダー｜大安・仏滅の日一覧 | 計算ツール,retain-monitor,,保留各月实际日期网格；检查每月日历有效性和相邻月导航，不用字数判断质量,逐URL结构与搜索记录；按模板/主题判断,False,True,1173,0,Google 2026-09-10..10-07: impressions-observed; Bing bucket 2026-10-02(top returned pages): no-returned-row
https://keisantool.com/rokuyo/2027-05/,rokuyo-month,2027年5月の六曜カレンダー｜大安・仏滅の日一覧 | 計算ツール,retain-monitor,,保留各月实际日期网格；检查每月日历有效性和相邻月导航，不用字数判断质量,逐URL结构与搜索记录；按模板/主题判断,False,True,1205,0,Google 2026-09-10..10-07: clicks-observed; Bing bucket 2026-10-02(top returned pages): no-returned-row
https://keisantool.com/rokuyo/2027-06/,rokuyo-month,2027年6月の六曜カレンダー｜大安・仏滅の日一覧 | 計算ツール,retain-monitor,,保留各月实际日期网格；检查每月日历有效性和相邻月导航，不用字数判断质量,逐URL结构与搜索记录；按模板/主题判断,False,True,1171,0,Google 2026-09-10..10-07: impressions-observed; Bing bucket 2026-10-02(top returned pages): no-returned-row
https://keisantool.com/rokuyo/2027-07/,rokuyo-month,2027年7月の六曜カレンダー｜大安・仏滅の日一覧 | 計算ツール,retain-monitor,,保留各月实际日期网格；检查每月日历有效性和相邻月导航，不用字数判断质量,逐URL结构与搜索记录；按模板/主题判断,False,True,1156,0,Google 2026-09-10..10-07: impressions-observed; Bing bucket 2026-10-02(top returned pages): no-returned-row
https://keisantool.com/rokuyo/2027-08/,rokuyo-month,2027年8月の六曜カレンダー｜大安・仏滅の日一覧 | 計算ツール,retain-monitor,,保留各月实际日期网格；检查每月日历有效性和相邻月导航，不用字数判断质量,逐URL结构与搜索记录；按模板/主题判断,False,True,1193,0,Google 2026-09-10..10-07: impressions-observed; Bing bucket 2026-10-02(top returned pages): no-returned-row
https://keisantool.com/rokuyo/2027-09/,rokuyo-month,2027年9月の六曜カレンダー｜大安・仏滅の日一覧 | 計算ツール,retain-monitor,,保留各月实际日期网格；检查每月日历有效性和相邻月导航，不用字数判断质量,逐URL结构与搜索记录；按模板/主题判断,False,True,1177,0,Google 2026-09-10..10-07: impressions-observed; Bing bucket 2026-10-02(top returned pages): no-returned-row
https://keisantool.com/rokuyo/2027-10/,rokuyo-month,2027年10月の六曜カレンダー｜大安・仏滅の日一覧 | 計算ツール,retain-monitor,,保留各月实际日期网格；检查每月日历有效性和相邻月导航，不用字数判断质量,逐URL结构与搜索记录；按模板/主题判断,False,True,1212,0,Google 2026-09-10..10-07: impressions-observed; Bing bucket 2026-10-02(top returned pages): no-returned-row
https://keisantool.com/rokuyo/2027-11/,rokuyo-month,2027年11月の六曜カレンダー｜大安・仏滅の日一覧 | 計算ツール,retain-monitor,,保留各月实际日期网格；检查每月日历有效性和相邻月导航，不用字数判断质量,逐URL结构与搜索记录；按模板/主题判断,False,True,1175,0,Google 2026-09-10..10-07: impressions-observed; Bing bucket 2026-10-02(top returned pages): no-returned-row
https://keisantool.com/rokuyo/2027-12/,rokuyo-month,2027年12月の六曜カレンダー｜大安・仏滅の日一覧 | 計算ツール,retain-monitor,,保留各月实际日期网格；检查每月日历有效性和相邻月导航，不用字数判断质量,逐URL结构与搜索记录；按模板/主题判断,False,True,1172,0,Google 2026-09-10..10-07: no-returned-row; Bing bucket 2026-10-02(top returned pages): no-returned-row
https://keisantool.com/rokuyo/2028-01/,rokuyo-month,2028年1月の六曜カレンダー｜大安・仏滅の日一覧 | 計算ツール,retain-monitor,,保留各月实际日期网格；检查每月日历有效性和相邻月导航，不用字数判断质量,逐URL结构与搜索记录；按模板/主题判断,False,True,1189,0,Google 2026-09-10..10-07: no-returned-row; Bing bucket 2026-10-02(top returned pages): no-returned-row
https://keisantool.com/rokuyo/2028-02/,rokuyo-month,2028年2月の六曜カレンダー｜大安・仏滅の日一覧 | 計算ツール,retain-monitor,,保留各月实际日期网格；检查每月日历有效性和相邻月导航，不用字数判断质量,逐URL结构与搜索记录；按模板/主题判断,False,True,1176,0,Google 2026-09-10..10-07: no-returned-row; Bing bucket 2026-10-02(top returned pages): no-returned-row
https://keisantool.com/rokuyo/2028-03/,rokuyo-month,2028年3月の六曜カレンダー｜大安・仏滅の日一覧 | 計算ツール,retain-monitor,,保留各月实际日期网格；检查每月日历有效性和相邻月导航，不用字数判断质量,逐URL结构与搜索记录；按模板/主题判断,False,True,1184,0,Google 2026-09-10..10-07: no-returned-row; Bing bucket 2026-10-02(top returned pages): no-returned-row
https://keisantool.com/rokuyo/2028-04/,rokuyo-month,2028年4月の六曜カレンダー｜大安・仏滅の日一覧 | 計算ツール,retain-monitor,,保留各月实际日期网格；检查每月日历有效性和相邻月导航，不用字数判断质量,逐URL结构与搜索记录；按模板/主题判断,False,True,1173,0,Google 2026-09-10..10-07: no-returned-row; Bing bucket 2026-10-02(top returned pages): no-returned-row
https://keisantool.com/rokuyo/2028-05/,rokuyo-month,2028年5月の六曜カレンダー｜大安・仏滅の日一覧 | 計算ツール,retain-monitor,,保留各月实际日期网格；检查每月日历有效性和相邻月导航，不用字数判断质量,逐URL结构与搜索记录；按模板/主题判断,False,True,1193,0,Google 2026-09-10..10-07: no-returned-row; Bing bucket 2026-10-02(top returned pages): no-returned-row
https://keisantool.com/rokuyo/2028-06/,rokuyo-month,2028年6月の六曜カレンダー｜大安・仏滅の日一覧 | 計算ツール,retain-monitor,,保留各月实际日期网格；检查每月日历有效性和相邻月导航，不用字数判断质量,逐URL结构与搜索记录；按模板/主题判断,False,True,1180,0,Google 2026-09-10..10-07: no-returned-row; Bing bucket 2026-10-02(top returned pages): no-returned-row
https://keisantool.com/rokuyo/2028-07/,rokuyo-month,2028年7月の六曜カレンダー｜大安・仏滅の日一覧 | 計算ツール,retain-monitor,,保留各月实际日期网格；检查每月日历有效性和相邻月导航，不用字数判断质量,逐URL结构与搜索记录；按模板/主题判断,False,True,1156,0,Google 2026-09-10..10-07: no-returned-row; Bing bucket 2026-10-02(top returned pages): no-returned-row
https://keisantool.com/rokuyo/2028-08/,rokuyo-month,2028年8月の六曜カレンダー｜大安・仏滅の日一覧 | 計算ツール,retain-monitor,,保留各月实际日期网格；检查每月日历有效性和相邻月导航，不用字数判断质量,逐URL结构与搜索记录；按模板/主题判断,False,True,1189,0,Google 2026-09-10..10-07: no-returned-row; Bing bucket 2026-10-02(top returned pages): no-returned-row
https://keisantool.com/rokuyo/2028-09/,rokuyo-month,2028年9月の六曜カレンダー｜大安・仏滅の日一覧 | 計算ツール,retain-monitor,,保留各月实际日期网格；检查每月日历有效性和相邻月导航，不用字数判断质量,逐URL结构与搜索记录；按模板/主题判断,False,True,1180,0,Google 2026-09-10..10-07: no-returned-row; Bing bucket 2026-10-02(top returned pages): no-returned-row
https://keisantool.com/rokuyo/2028-10/,rokuyo-month,2028年10月の六曜カレンダー｜大安・仏滅の日一覧 | 計算ツール,retain-monitor,,保留各月实际日期网格；检查每月日历有效性和相邻月导航，不用字数判断质量,逐URL结构与搜索记录；按模板/主题判断,False,True,1200,0,Google 2026-09-10..10-07: no-returned-row; Bing bucket 2026-10-02(top returned pages): no-returned-row
https://keisantool.com/rokuyo/2028-11/,rokuyo-month,2028年11月の六曜カレンダー｜大安・仏滅の日一覧 | 計算ツール,retain-monitor,,保留各月实际日期网格；检查每月日历有效性和相邻月导航，不用字数判断质量,逐URL结构与搜索记录；按模板/主题判断,False,True,1199,0,Google 2026-09-10..10-07: no-returned-row; Bing bucket 2026-10-02(top returned pages): no-returned-row
https://keisantool.com/rokuyo/2028-12/,rokuyo-month,2028年12月の六曜カレンダー｜大安・仏滅の日一覧 | 計算ツール,retain-monitor,,保留各月实际日期网格；检查每月日历有效性和相邻月导航，不用字数判断质量,逐URL结构与搜索记录；按模板/主题判断,False,True,1179,0,Google 2026-09-10..10-07: no-returned-row; Bing bucket 2026-10-02(top returned pages): no-returned-row
https://keisantool.com/rokuyo/,tool,2026年10月の六曜カレンダー｜今月の大安・仏滅 | 計算ツール,retain-monitor,,保留可操作的计算/转换/查询任务；字数与外链数量不作机械门槛，持续用真实使用和独立算例校验,逐URL结构与搜索记录；按模板/主题判断,False,True,1374,0,Google 2026-09-10..10-07: clicks-observed; Bing bucket 2026-10-02(top returned pages): no-returned-row
https://keisantool.com/romaji-kana/,tool,ローマ字・かな変換｜ひらがな・カタカナを無料で相互変換,retain-monitor,,保留可操作的计算/转换/查询任务；字数与外链数量不作机械门槛，持续用真实使用和独立算例校验,逐URL结构与搜索记录；按模板/主题判断,False,True,966,0,Google 2026-09-10..10-07: impressions-observed; Bing bucket 2026-10-02(top returned pages): no-returned-row
https://keisantool.com/running-pace/,tool,ランニングペース計算｜キロ何分・時速・マラソン完走タイム,retain-monitor,,保留可操作的计算/转换/查询任务；字数与外链数量不作机械门槛，持续用真实使用和独立算例校验,逐URL结构与搜索记录；按模板/主题判断,False,True,1050,0,Google 2026-09-10..10-07: no-returned-row; Bing bucket 2026-10-02(top returned pages): no-returned-row
https://keisantool.com/ryuuryou/,tool,流量計算・換算ツール｜L/min・m³/h・管径と流速,retain-monitor,,保留可操作的计算/转换/查询任务；字数与外链数量不作机械门槛，持续用真实使用和独立算例校验,逐URL结构与搜索记录；按模板/主题判断,False,True,1101,2,Google 2026-09-10..10-07: clicks-observed; Bing bucket 2026-10-02(top returned pages): clicks-observed
https://keisantool.com/saitei/aichi/,minimum-wage-region,"愛知県最低賃金 2026年は1,195円（答申）｜現在1,140円",retain-monitor,,保留地区工资、生效日期和历史比较；优先维护官方改定，不用地区模板相似度删除,逐URL结构与搜索记录；按模板/主题判断,False,True,2097,5,Google 2026-09-10..10-07: no-returned-row; Bing bucket 2026-10-02(top returned pages): clicks-observed
https://keisantool.com/saitei/akita/,minimum-wage-region,"秋田県最低賃金 2026年は1,090円（答申）｜現在1,031円",retain-monitor,,保留地区工资、生效日期和历史比较；优先维护官方改定，不用地区模板相似度删除,逐URL结构与搜索记录；按模板/主题判断,False,True,1430,5,Google 2026-09-10..10-07: clicks-observed; Bing bucket 2026-10-02(top returned pages): no-returned-row
https://keisantool.com/saitei/aomori/,minimum-wage-region,"青森県最低賃金 2026年は1,090円（答申）｜現在1,029円",retain-monitor,,保留地区工资、生效日期和历史比较；优先维护官方改定，不用地区模板相似度删除,逐URL结构与搜索记录；按模板/主题判断,False,True,1432,5,Google 2026-09-10..10-07: clicks-observed; Bing bucket 2026-10-02(top returned pages): clicks-observed
https://keisantool.com/saitei/chiba/,minimum-wage-region,"千葉県最低賃金 2026年は1,195円（答申）｜現在1,140円",retain-monitor,,保留地区工资、生效日期和历史比较；优先维护官方改定，不用地区模板相似度删除,逐URL结构与搜索记录；按模板/主题判断,False,True,2072,5,Google 2026-09-10..10-07: impressions-observed; Bing bucket 2026-10-02(top returned pages): no-returned-row
https://keisantool.com/saitei/ehime/,minimum-wage-region,"愛媛県最低賃金 2026年は1,093円（答申）｜現在1,033円",retain-monitor,,保留地区工资、生效日期和历史比较；优先维护官方改定，不用地区模板相似度删除,逐URL结构与搜索记录；按模板/主题判断,False,True,1412,5,Google 2026-09-10..10-07: clicks-observed; Bing bucket 2026-10-02(top returned pages): clicks-observed
https://keisantool.com/saitei/fukui/,minimum-wage-region,"福井県最低賃金 2026年は1,112円（答申）｜現在1,053円",retain-monitor,,保留地区工资、生效日期和历史比较；优先维护官方改定，不用地区模板相似度删除,逐URL结构与搜索记录；按模板/主题判断,False,True,1457,5,Google 2026-09-10..10-07: clicks-observed; Bing bucket 2026-10-02(top returned pages): no-returned-row
https://keisantool.com/saitei/fukuoka/,minimum-wage-region,"福岡県最低賃金 2026年は1,114円（答申）｜現在1,057円",retain-monitor,,保留地区工资、生效日期和历史比较；优先维护官方改定，不用地区模板相似度删除,逐URL结构与搜索记录；按模板/主题判断,False,True,1454,5,Google 2026-09-10..10-07: clicks-observed; Bing bucket 2026-10-02(top returned pages): no-returned-row
https://keisantool.com/saitei/fukushima/,minimum-wage-region,"福島県最低賃金 2026年は1,094円（答申）｜現在1,033円",retain-monitor,,保留地区工资、生效日期和历史比较；优先维护官方改定，不用地区模板相似度删除,逐URL结构与搜索记录；按模板/主题判断,False,True,1428,5,Google 2026-09-10..10-07: clicks-observed; Bing bucket 2026-10-02(top returned pages): clicks-observed
https://keisantool.com/saitei/gifu/,minimum-wage-region,"岐阜県最低賃金 2026年は1,121円（答申）｜現在1,065円",retain-monitor,,保留地区工资、生效日期和历史比较；优先维护官方改定，不用地区模板相似度删除,逐URL结构与搜索记录；按模板/主题判断,False,True,2093,5,Google 2026-09-10..10-07: clicks-observed; Bing bucket 2026-10-02(top returned pages): clicks-observed
https://keisantool.com/saitei/gunma/,minimum-wage-region,"群馬県最低賃金 2026年は1,120円（答申）｜現在1,063円",retain-monitor,,保留地区工资、生效日期和历史比较；优先维护官方改定，不用地区模板相似度删除,逐URL结构与搜索记录；按模板/主题判断,False,True,1438,5,Google 2026-09-10..10-07: impressions-observed; Bing bucket 2026-10-02(top returned pages): clicks-observed
https://keisantool.com/saitei/hiroshima/,minimum-wage-region,"広島県最低賃金 2026年は1,141円（答申）｜現在1,085円",retain-monitor,,保留地区工资、生效日期和历史比较；优先维护官方改定，不用地区模板相似度删除,逐URL结构与搜索记录；按模板/主题判断,False,True,2051,5,Google 2026-09-10..10-07: impressions-observed; Bing bucket 2026-10-02(top returned pages): clicks-observed
https://keisantool.com/saitei/hokkaido/,minimum-wage-region,"北海道最低賃金 2026年は1,131円（答申）｜現在1,075円",retain-monitor,,保留地区工资、生效日期和历史比较；优先维护官方改定，不用地区模板相似度删除,逐URL结构与搜索记录；按模板/主题判断,False,True,2018,5,Google 2026-09-10..10-07: clicks-observed; Bing bucket 2026-10-02(top returned pages): no-returned-row
https://keisantool.com/saitei/hyogo/,minimum-wage-region,"兵庫県最低賃金 2026年は1,172円（答申）｜現在1,116円",retain-monitor,,保留地区工资、生效日期和历史比较；优先维护官方改定，不用地区模板相似度删除,逐URL结构与搜索记录；按模板/主题判断,False,True,2074,5,Google 2026-09-10..10-07: clicks-observed; Bing bucket 2026-10-02(top returned pages): clicks-observed
https://keisantool.com/saitei/ibaraki/,minimum-wage-region,"茨城県最低賃金 2026年は1,136円（答申）｜現在1,074円",retain-monitor,,保留地区工资、生效日期和历史比较；优先维护官方改定，不用地区模板相似度删除,逐URL结构与搜索记录；按模板/主题判断,False,True,1458,5,Google 2026-09-10..10-07: clicks-observed; Bing bucket 2026-10-02(top returned pages): clicks-observed
https://keisantool.com/saitei/,tool,最低賃金 2026年｜全国一覧・令和8年度の改定目安と月給計算,retain-monitor,,保留可操作的计算/转换/查询任务；字数与外链数量不作机械门槛，持续用真实使用和独立算例校验,逐URL结构与搜索记录；按模板/主题判断,False,True,3917,4,Google 2026-09-10..10-07: impressions-observed; Bing bucket 2026-10-02(top returned pages): clicks-observed
https://keisantool.com/saitei/ishikawa/,minimum-wage-region,"石川県最低賃金 2026年は1,113円（答申）｜現在1,054円",retain-monitor,,保留地区工资、生效日期和历史比较；优先维护官方改定，不用地区模板相似度删除,逐URL结构与搜索记录；按模板/主题判断,False,True,1457,5,Google 2026-09-10..10-07: impressions-observed; Bing bucket 2026-10-02(top returned pages): clicks-observed
https://keisantool.com/saitei/iwate/,minimum-wage-region,"岩手県最低賃金 2026年｜現在1,031円・月給計算",retain-monitor,,保留地区工资、生效日期和历史比较；优先维护官方改定，不用地区模板相似度删除,逐URL结构与搜索记录；按模板/主题判断,False,True,1390,4,Google 2026-09-10..10-07: clicks-observed; Bing bucket 2026-10-02(top returned pages): no-returned-row
https://keisantool.com/saitei/kagawa/,minimum-wage-region,"香川県最低賃金 2026年は1,092円（答申）｜現在1,036円",retain-monitor,,保留地区工资、生效日期和历史比较；优先维护官方改定，不用地区模板相似度删除,逐URL结构与搜索记录；按模板/主题判断,False,True,1414,5,Google 2026-09-10..10-07: clicks-observed; Bing bucket 2026-10-02(top returned pages): no-returned-row
https://keisantool.com/saitei/kagoshima/,minimum-wage-region,"鹿児島県最低賃金 2026年は1,090円（答申）｜現在1,026円",retain-monitor,,保留地区工资、生效日期和历史比较；优先维护官方改定，不用地区模板相似度删除,逐URL结构与搜索记录；按模板/主题判断,False,True,1461,5,Google 2026-09-10..10-07: clicks-observed; Bing bucket 2026-10-02(top returned pages): no-returned-row
https://keisantool.com/saitei/kanagawa/,minimum-wage-region,"神奈川県最低賃金 2026年は1,279円（答申）｜現在1,225円",retain-monitor,,保留地区工资、生效日期和历史比较；优先维护官方改定，不用地区模板相似度删除,逐URL结构与搜索记录；按模板/主题判断,False,True,2101,5,Google 2026-09-10..10-07: clicks-observed; Bing bucket 2026-10-02(top returned pages): no-returned-row
https://keisantool.com/saitei/kochi/,minimum-wage-region,"高知県最低賃金 2026年｜現在1,023円・月給計算",retain-monitor,,保留地区工资、生效日期和历史比较；优先维护官方改定，不用地区模板相似度删除,逐URL结构与搜索记录；按模板/主题判断,False,True,1372,4,Google 2026-09-10..10-07: clicks-observed; Bing bucket 2026-10-02(top returned pages): no-returned-row
https://keisantool.com/saitei/kumamoto/,minimum-wage-region,"熊本県最低賃金 2026年｜現在1,034円・月給計算",retain-monitor,,保留地区工资、生效日期和历史比较；优先维护官方改定，不用地区模板相似度删除,逐URL结构与搜索记录；按模板/主题判断,False,True,1410,4,Google 2026-09-10..10-07: impressions-observed; Bing bucket 2026-10-02(top returned pages): no-returned-row
https://keisantool.com/saitei/kyoto/,minimum-wage-region,"京都府最低賃金 2026年は1,180円（答申）｜現在1,122円",retain-monitor,,保留地区工资、生效日期和历史比较；优先维护官方改定，不用地区模板相似度删除,逐URL结构与搜索记录；按模板/主题判断,False,True,1442,5,Google 2026-09-10..10-07: clicks-observed; Bing bucket 2026-10-02(top returned pages): clicks-observed
https://keisantool.com/saitei/mie/,minimum-wage-region,"三重県最低賃金 2026年は1,143円（答申）｜現在1,087円",retain-monitor,,保留地区工资、生效日期和历史比较；优先维护官方改定，不用地区模板相似度删除,逐URL结构与搜索记录；按模板/主题判断,False,True,1442,5,Google 2026-09-10..10-07: impressions-observed; Bing bucket 2026-10-02(top returned pages): no-returned-row
https://keisantool.com/saitei/miyagi/,minimum-wage-region,"宮城県最低賃金 2026年は1,098円（答申）｜現在1,038円",retain-monitor,,保留地区工资、生效日期和历史比较；优先维护官方改定，不用地区模板相似度删除,逐URL结构与搜索记录；按模板/主题判断,False,True,1430,5,Google 2026-09-10..10-07: clicks-observed; Bing bucket 2026-10-02(top returned pages): no-returned-row
https://keisantool.com/saitei/miyazaki/,minimum-wage-region,"宮崎県最低賃金 2026年は1,085円（答申）｜現在1,023円",retain-monitor,,保留地区工资、生效日期和历史比较；优先维护官方改定，不用地区模板相似度删除,逐URL结构与搜索记录；按模板/主题判断,False,True,1454,5,Google 2026-09-10..10-07: clicks-observed; Bing bucket 2026-10-02(top returned pages): no-returned-row
https://keisantool.com/saitei/nagano/,minimum-wage-region,"長野県最低賃金 2026年は1,117円（答申）｜現在1,061円",retain-monitor,,保留地区工资、生效日期和历史比较；优先维护官方改定，不用地区模板相似度删除,逐URL结构与搜索记录；按模板/主题判断,False,True,2087,5,Google 2026-09-10..10-07: impressions-observed; Bing bucket 2026-10-02(top returned pages): no-returned-row
https://keisantool.com/saitei/nagasaki/,minimum-wage-region,"長崎県最低賃金 2026年は1,087円（答申）｜現在1,031円",retain-monitor,,保留地区工资、生效日期和历史比较；优先维护官方改定，不用地区模板相似度删除,逐URL结构与搜索记录；按模板/主题判断,False,True,1452,5,Google 2026-09-10..10-07: clicks-observed; Bing bucket 2026-10-02(top returned pages): no-returned-row
https://keisantool.com/saitei/nara/,minimum-wage-region,"奈良県最低賃金 2026年は1,107円（答申）｜現在1,051円",retain-monitor,,保留地区工资、生效日期和历史比较；优先维护官方改定，不用地区模板相似度删除,逐URL结构与搜索记录；按模板/主题判断,False,True,1442,5,Google 2026-09-10..10-07: impressions-observed; Bing bucket 2026-10-02(top returned pages): no-returned-row
https://keisantool.com/saitei/niigata/,minimum-wage-region,"新潟県最低賃金 2026年は1,108円（答申）｜現在1,050円",retain-monitor,,保留地区工资、生效日期和历史比较；优先维护官方改定，不用地区模板相似度删除,逐URL结构与搜索记录；按模板/主题判断,False,True,1457,5,Google 2026-09-10..10-07: clicks-observed; Bing bucket 2026-10-02(top returned pages): no-returned-row
https://keisantool.com/saitei/oita/,minimum-wage-region,"大分県最低賃金 2026年｜現在1,035円・月給計算",retain-monitor,,保留地区工资、生效日期和历史比较；优先维护官方改定，不用地区模板相似度删除,逐URL结构与搜索记录；按模板/主题判断,False,True,1410,4,Google 2026-09-10..10-07: clicks-observed; Bing bucket 2026-10-02(top returned pages): no-returned-row
https://keisantool.com/saitei/okayama/,minimum-wage-region,"岡山県最低賃金 2026年は1,104円（答申）｜現在1,047円",retain-monitor,,保留地区工资、生效日期和历史比较；优先维护官方改定，不用地区模板相似度删除,逐URL结构与搜索记录；按模板/主题判断,False,True,1421,5,Google 2026-09-10..10-07: impressions-observed; Bing bucket 2026-10-02(top returned pages): no-returned-row
https://keisantool.com/saitei/okinawa/,minimum-wage-region,"沖縄県最低賃金 2026年｜現在1,023円・月給計算",retain-monitor,,保留地区工资、生效日期和历史比较；优先维护官方改定，不用地区模板相似度删除,逐URL结构与搜索记录；按模板/主题判断,False,True,1412,4,Google 2026-09-10..10-07: clicks-observed; Bing bucket 2026-10-02(top returned pages): no-returned-row
https://keisantool.com/saitei/osaka/,minimum-wage-region,"大阪府最低賃金 2026年｜現在1,231円・月給計算",retain-monitor,,保留地区工资、生效日期和历史比较；优先维护官方改定，不用地区模板相似度删除,逐URL结构与搜索记录；按模板/主题判断,False,True,1991,5,Google 2026-09-10..10-07: impressions-observed; Bing bucket 2026-10-02(top returned pages): clicks-observed
https://keisantool.com/saitei/saga/,minimum-wage-region,"佐賀県最低賃金 2026年は1,095円（答申）｜現在1,030円",retain-monitor,,保留地区工资、生效日期和历史比较；优先维护官方改定，不用地区模板相似度删除,逐URL结构与搜索记录；按模板/主题判断,False,True,1470,5,Google 2026-09-10..10-07: impressions-observed; Bing bucket 2026-10-02(top returned pages): no-returned-row
https://keisantool.com/saitei/saitama/,minimum-wage-region,"埼玉県最低賃金 2026年は1,196円（答申）｜現在1,141円",retain-monitor,,保留地区工资、生效日期和历史比较；优先维护官方改定，不用地区模板相似度删除,逐URL结构与搜索记录；按模板/主题判断,False,True,1440,5,Google 2026-09-10..10-07: clicks-observed; Bing bucket 2026-10-02(top returned pages): no-returned-row
https://keisantool.com/saitei/shiga/,minimum-wage-region,"滋賀県最低賃金 2026年は1,136円（答申）｜現在1,080円",retain-monitor,,保留地区工资、生效日期和历史比较；优先维护官方改定，不用地区模板相似度删除,逐URL结构与搜索记录；按模板/主题判断,False,True,1440,5,Google 2026-09-10..10-07: impressions-observed; Bing bucket 2026-10-02(top returned pages): no-returned-row
https://keisantool.com/saitei/shimane/,minimum-wage-region,"島根県最低賃金 2026年は1,092円（答申）｜現在1,033円",retain-monitor,,保留地区工资、生效日期和历史比较；优先维护官方改定，不用地区模板相似度删除,逐URL结构与搜索记录；按模板/主题判断,False,True,1423,5,Google 2026-09-10..10-07: impressions-observed; Bing bucket 2026-10-02(top returned pages): no-returned-row
https://keisantool.com/saitei/shizuoka/,minimum-wage-region,"静岡県最低賃金 2026年は1,154円（答申）｜現在1,097円",retain-monitor,,保留地区工资、生效日期和历史比较；优先维护官方改定，不用地区模板相似度删除,逐URL结构与搜索记录；按模板/主题判断,False,True,2089,5,Google 2026-09-10..10-07: clicks-observed; Bing bucket 2026-10-02(top returned pages): clicks-observed
https://keisantool.com/saitei/tochigi/,minimum-wage-region,"栃木県最低賃金 2026年は1,125円（答申）｜現在1,068円",retain-monitor,,保留地区工资、生效日期和历史比较；优先维护官方改定，不用地区模板相似度删除,逐URL结构与搜索记录；按模板/主题判断,False,True,1440,5,Google 2026-09-10..10-07: clicks-observed; Bing bucket 2026-10-02(top returned pages): no-returned-row
https://keisantool.com/saitei/tokushima/,minimum-wage-region,"徳島県最低賃金 2026年は1,103円（答申）｜現在1,046円",retain-monitor,,保留地区工资、生效日期和历史比较；优先维护官方改定，不用地区模板相似度删除,逐URL结构与搜索记录；按模板/主题判断,False,True,1410,5,Google 2026-09-10..10-07: impressions-observed; Bing bucket 2026-10-02(top returned pages): clicks-observed
https://keisantool.com/saitei/tokyo/,minimum-wage-region,"東京都最低賃金 2026年｜現在1,280円・月給計算",retain-monitor,,保留地区工资、生效日期和历史比较；优先维护官方改定，不用地区模板相似度删除,逐URL结构与搜索记录；按模板/主题判断,False,True,2011,5,Google 2026-09-10..10-07: clicks-observed; Bing bucket 2026-10-02(top returned pages): clicks-observed
https://keisantool.com/saitei/tottori/,minimum-wage-region,"鳥取県最低賃金 2026年は1,090円（答申）｜現在1,030円",retain-monitor,,保留地区工资、生效日期和历史比较；优先维护官方改定，不用地区模板相似度删除,逐URL结构与搜索记录；按模板/主题判断,False,True,1421,5,Google 2026-09-10..10-07: clicks-observed; Bing bucket 2026-10-02(top returned pages): no-returned-row
https://keisantool.com/saitei/toyama/,minimum-wage-region,"富山県最低賃金 2026年は1,119円（答申）｜現在1,062円",retain-monitor,,保留地区工资、生效日期和历史比较；优先维护官方改定，不用地区模板相似度删除,逐URL结构与搜索记录；按模板/主题判断,False,True,1459,5,Google 2026-09-10..10-07: clicks-observed; Bing bucket 2026-10-02(top returned pages): no-returned-row
https://keisantool.com/saitei/wakayama/,minimum-wage-region,"和歌山県最低賃金 2026年は1,101円（答申）｜現在1,045円",retain-monitor,,保留地区工资、生效日期和历史比较；优先维护官方改定，不用地区模板相似度删除,逐URL结构与搜索记录；按模板/主题判断,False,True,1449,5,Google 2026-09-10..10-07: impressions-observed; Bing bucket 2026-10-02(top returned pages): clicks-observed
https://keisantool.com/saitei/yamagata/,minimum-wage-region,"山形県最低賃金 2026年は1,092円（答申）｜現在1,032円",retain-monitor,,保留地区工资、生效日期和历史比较；优先维护官方改定，不用地区模板相似度删除,逐URL结构与搜索记录；按模板/主题判断,False,True,1432,5,Google 2026-09-10..10-07: clicks-observed; Bing bucket 2026-10-02(top returned pages): clicks-observed
https://keisantool.com/saitei/yamaguchi/,minimum-wage-region,"山口県最低賃金 2026年は1,101円（答申）｜現在1,043円",retain-monitor,,保留地区工资、生效日期和历史比较；优先维护官方改定，不用地区模板相似度删除,逐URL结构与搜索记录；按模板/主题判断,False,True,1423,5,Google 2026-09-10..10-07: impressions-observed; Bing bucket 2026-10-02(top returned pages): no-returned-row
https://keisantool.com/saitei/yamanashi/,minimum-wage-region,"山梨県最低賃金 2026年は1,113円（答申）｜現在1,052円",retain-monitor,,保留地区工资、生效日期和历史比较；优先维护官方改定，不用地区模板相似度删除,逐URL结构与搜索记录；按模板/主题判断,False,True,1471,5,Google 2026-09-10..10-07: clicks-observed; Bing bucket 2026-10-02(top returned pages): clicks-observed
https://keisantool.com/saniku/,tool,産休・育休計算器 — 休業期間・出産手当金・育児休業給付金を自動計算 | 計算ツール,fixed-retain,,分离两种收入基数；修正产前含当天计数、出产手当舍入、合计漏项；明确支援给付资格与日数范围,本轮人工核对所列问题/来源；计算页独立回归及浏览器验证，非全部事实认证,False,True,1930,4,Google 2026-09-10..10-07: impressions-observed; Bing bucket 2026-10-02(top returned pages): no-returned-row
https://keisantool.com/sankakkei-menseki/,tool,三角形の面積計算ツール｜底辺・3辺・角度・座標から自動計算,retain-monitor,,保留可操作的计算/转换/查询任务；字数与外链数量不作机械门槛，持续用真实使用和独立算例校验,逐URL结构与搜索记录；按模板/主题判断,False,True,2325,1,Google 2026-09-10..10-07: impressions-observed; Bing bucket 2026-10-02(top returned pages): clicks-observed
https://keisantool.com/sankaku-kansuu/,tool,三角関数計算ツール｜sin・cos・tan、逆三角関数を自動計算,retain-monitor,,保留可操作的计算/转换/查询任务；字数与外链数量不作机械门槛，持续用真实使用和独立算例校验,逐URL结构与搜索记录；按模板/主题判断,False,True,2323,1,Google 2026-09-10..10-07: clicks-observed; Bing bucket 2026-10-02(top returned pages): clicks-observed
https://keisantool.com/seimei-hoken-kojo/,tool,生命保険料控除計算【2026・2027年】新旧契約・所得税と住民税,retain-monitor,,保留可操作的计算/转换/查询任务；字数与外链数量不作机械门槛，持续用真实使用和独立算例校验,逐URL结构与搜索记录；按模板/主题判断,False,True,2376,4,Google 2026-09-10..10-07: impressions-observed; Bing bucket 2026-10-02(top returned pages): no-returned-row
https://keisantool.com/seiri/,tool,排卵日・生理日計算器 - 生理周期から次回の生理・排卵日を予測 | 計算ツール,retain-monitor,,保留可操作的计算/转换/查询任务；字数与外链数量不作机械门槛，持续用真实使用和独立算例校验,逐URL结构与搜索记录；按模板/主题判断,False,True,2208,1,Google 2026-09-10..10-07: impressions-observed; Bing bucket 2026-10-02(top returned pages): no-returned-row
https://keisantool.com/seiza/,tool,星座調べ - 誕生日から12星座を自動判定 | 計算ツール,retain-monitor,,保留可操作的计算/转换/查询任务；字数与外链数量不作机械门槛，持续用真实使用和独立算例校验,逐URL结构与搜索记录；按模板/主题判断,False,True,2058,0,Google 2026-09-10..10-07: impressions-observed; Bing bucket 2026-10-02(top returned pages): clicks-observed
https://keisantool.com/seiza-aisho/futago-futago/,zodiac-pair,双子座同士の相性は？恋愛・友達・仕事を80点で診断 | 計算ツール,retain-noindex-review,,维持已有noindex；144排列来自7个判定模型，保留站内查询用途并收敛未来扩展；noindex不豁免广告审核,逐URL结构与搜索记录；按模板/主题判断,True,False,1757,0,Google 2026-09-10..10-07: impressions-observed; Bing bucket 2026-10-02(top returned pages): no-returned-row
https://keisantool.com/seiza-aisho/futago-ite/,zodiac-pair,双子座と射手座の相性は？恋愛・友達・仕事を76点で診断 | 計算ツール,retain-noindex-review,,维持已有noindex；144排列来自7个判定模型，保留站内查询用途并收敛未来扩展；noindex不豁免广告审核,逐URL结构与搜索记录；按模板/主题判断,True,False,1832,0,Google 2026-09-10..10-07: no-returned-row; Bing bucket 2026-10-02(top returned pages): no-returned-row
https://keisantool.com/seiza-aisho/futago-kani/,zodiac-pair,双子座と蟹座の相性は？恋愛・友達・仕事を62点で診断 | 計算ツール,retain-noindex-review,,维持已有noindex；144排列来自7个判定模型，保留站内查询用途并收敛未来扩展；noindex不豁免广告审核,逐URL结构与搜索记录；按模板/主题判断,True,False,1823,0,Google 2026-09-10..10-07: no-returned-row; Bing bucket 2026-10-02(top returned pages): no-returned-row
https://keisantool.com/seiza-aisho/futago-mizugame/,zodiac-pair,双子座と水瓶座の相性は？恋愛・友達・仕事を92点で診断 | 計算ツール,retain-noindex-review,,维持已有noindex；144排列来自7个判定模型，保留站内查询用途并收敛未来扩展；noindex不豁免广告审核,逐URL结构与搜索记录；按模板/主题判断,True,False,1827,0,Google 2026-09-10..10-07: impressions-observed; Bing bucket 2026-10-02(top returned pages): no-returned-row
https://keisantool.com/seiza-aisho/futago-ohitsuji/,zodiac-pair,双子座と牡羊座の相性は？恋愛・友達・仕事を84点で診断 | 計算ツール,merge-candidate-not-executed,https://keisantool.com/seiza-aisho/ohitsuji-futago/,反向排列得分与判定相同；建议合并到对应顺序页。尚未重定向、删除或变更索引，需单独评估迁移及历史访问,逐URL结构与搜索记录；按模板/主题判断,True,False,1789,0,Google 2026-09-10..10-07: impressions-observed; Bing bucket 2026-10-02(top returned pages): no-returned-row
https://keisantool.com/seiza-aisho/futago-otome/,zodiac-pair,双子座と乙女座の相性は？恋愛・友達・仕事を48点で診断 | 計算ツール,retain-noindex-review,,维持已有noindex；144排列来自7个判定模型，保留站内查询用途并收敛未来扩展；noindex不豁免广告审核,逐URL结构与搜索记录；按模板/主题判断,True,False,1841,0,Google 2026-09-10..10-07: impressions-observed; Bing bucket 2026-10-02(top returned pages): no-returned-row
https://keisantool.com/seiza-aisho/futago-oushi/,zodiac-pair,双子座と牡牛座の相性は？恋愛・友達・仕事を62点で診断 | 計算ツール,merge-candidate-not-executed,https://keisantool.com/seiza-aisho/oushi-futago/,反向排列得分与判定相同；建议合并到对应顺序页。尚未重定向、删除或变更索引，需单独评估迁移及历史访问,逐URL结构与搜索记录；按模板/主题判断,True,False,1840,0,Google 2026-09-10..10-07: no-returned-row; Bing bucket 2026-10-02(top returned pages): no-returned-row
https://keisantool.com/seiza-aisho/futago-sasori/,zodiac-pair,双子座と蠍座の相性は？恋愛・友達・仕事を55点で診断 | 計算ツール,retain-noindex-review,,维持已有noindex；144排列来自7个判定模型，保留站内查询用途并收敛未来扩展；noindex不豁免广告审核,逐URL结构与搜索记录；按模板/主题判断,True,False,1812,0,Google 2026-09-10..10-07: no-returned-row; Bing bucket 2026-10-02(top returned pages): no-returned-row
https://keisantool.com/seiza-aisho/futago-shishi/,zodiac-pair,双子座と獅子座の相性は？恋愛・友達・仕事を84点で診断 | 計算ツール,retain-noindex-review,,维持已有noindex；144排列来自7个判定模型，保留站内查询用途并收敛未来扩展；noindex不豁免广告审核,逐URL结构与搜索记录；按模板/主题判断,True,False,1791,0,Google 2026-09-10..10-07: impressions-observed; Bing bucket 2026-10-02(top returned pages): no-returned-row
https://keisantool.com/seiza-aisho/futago-tenbin/,zodiac-pair,双子座と天秤座の相性は？恋愛・友達・仕事を92点で診断 | 計算ツール,retain-noindex-review,,维持已有noindex；144排列来自7个判定模型，保留站内查询用途并收敛未来扩展；noindex不豁免广告审核,逐URL结构与搜索记录；按模板/主题判断,True,False,1827,0,Google 2026-09-10..10-07: no-returned-row; Bing bucket 2026-10-02(top returned pages): no-returned-row
https://keisantool.com/seiza-aisho/futago-uo/,zodiac-pair,双子座と魚座の相性は？恋愛・友達・仕事を48点で診断 | 計算ツール,retain-noindex-review,,维持已有noindex；144排列来自7个判定模型，保留站内查询用途并收敛未来扩展；noindex不豁免广告审核,逐URL结构与搜索记录；按模板/主题判断,True,False,1824,0,Google 2026-09-10..10-07: no-returned-row; Bing bucket 2026-10-02(top returned pages): no-returned-row
https://keisantool.com/seiza-aisho/futago-yagi/,zodiac-pair,双子座と山羊座の相性は？恋愛・友達・仕事を55点で診断 | 計算ツール,retain-noindex-review,,维持已有noindex；144排列来自7个判定模型，保留站内查询用途并收敛未来扩展；noindex不豁免广告审核,逐URL结构与搜索记录；按模板/主题判断,True,False,1825,0,Google 2026-09-10..10-07: no-returned-row; Bing bucket 2026-10-02(top returned pages): no-returned-row
https://keisantool.com/seiza-aisho/,tool,星座相性診断 - 12星座の相性表・全144組み合わせを計算 | 計算ツール,retain-monitor,,保留可操作的计算/转换/查询任务；字数与外链数量不作机械门槛，持续用真实使用和独立算例校验,逐URL结构与搜索记录；按模板/主题判断,False,True,1886,0,Google 2026-09-10..10-07: clicks-observed; Bing bucket 2026-10-02(top returned pages): no-returned-row
https://keisantool.com/seiza-aisho/ite-futago/,zodiac-pair,射手座と双子座の相性は？恋愛・友達・仕事を76点で診断 | 計算ツール,merge-candidate-not-executed,https://keisantool.com/seiza-aisho/futago-ite/,反向排列得分与判定相同；建议合并到对应顺序页。尚未重定向、删除或变更索引，需单独评估迁移及历史访问,逐URL结构与搜索记录；按模板/主题判断,True,False,1832,0,Google 2026-09-10..10-07: no-returned-row; Bing bucket 2026-10-02(top returned pages): no-returned-row
https://keisantool.com/seiza-aisho/ite-ite/,zodiac-pair,射手座同士の相性は？恋愛・友達・仕事を80点で診断 | 計算ツール,retain-noindex-review,,维持已有noindex；144排列来自7个判定模型，保留站内查询用途并收敛未来扩展；noindex不豁免广告审核,逐URL结构与搜索记录；按模板/主题判断,True,False,1751,0,Google 2026-09-10..10-07: no-returned-row; Bing bucket 2026-10-02(top returned pages): no-returned-row
https://keisantool.com/seiza-aisho/ite-kani/,zodiac-pair,射手座と蟹座の相性は？恋愛・友達・仕事を55点で診断 | 計算ツール,merge-candidate-not-executed,https://keisantool.com/seiza-aisho/kani-ite/,反向排列得分与判定相同；建议合并到对应顺序页。尚未重定向、删除或变更索引，需单独评估迁移及历史访问,逐URL结构与搜索记录；按模板/主题判断,True,False,1806,0,Google 2026-09-10..10-07: no-returned-row; Bing bucket 2026-10-02(top returned pages): no-returned-row
https://keisantool.com/seiza-aisho/ite-mizugame/,zodiac-pair,射手座と水瓶座の相性は？恋愛・友達・仕事を84点で診断 | 計算ツール,retain-noindex-review,,维持已有noindex；144排列来自7个判定模型，保留站内查询用途并收敛未来扩展；noindex不豁免广告审核,逐URL结构与搜索记录；按模板/主题判断,True,False,1792,0,Google 2026-09-10..10-07: no-returned-row; Bing bucket 2026-10-02(top returned pages): no-returned-row
https://keisantool.com/seiza-aisho/ite-ohitsuji/,zodiac-pair,射手座と牡羊座の相性は？恋愛・友達・仕事を92点で診断 | 計算ツール,merge-candidate-not-executed,https://keisantool.com/seiza-aisho/ohitsuji-ite/,反向排列得分与判定相同；建议合并到对应顺序页。尚未重定向、删除或变更索引，需单独评估迁移及历史访问,逐URL结构与搜索记录；按模板/主题判断,True,False,1818,0,Google 2026-09-10..10-07: no-returned-row; Bing bucket 2026-10-02(top returned pages): no-returned-row
https://keisantool.com/seiza-aisho/ite-otome/,zodiac-pair,射手座と乙女座の相性は？恋愛・友達・仕事を48点で診断 | 計算ツール,merge-candidate-not-executed,https://keisantool.com/seiza-aisho/otome-ite/,反向排列得分与判定相同；建议合并到对应顺序页。尚未重定向、删除或变更索引，需单独评估迁移及历史访问,逐URL结构与搜索记录；按模板/主题判断,True,False,1838,0,Google 2026-09-10..10-07: no-returned-row; Bing bucket 2026-10-02(top returned pages): no-returned-row
https://keisantool.com/seiza-aisho/ite-oushi/,zodiac-pair,射手座と牡牛座の相性は？恋愛・友達・仕事を55点で診断 | 計算ツール,merge-candidate-not-executed,https://keisantool.com/seiza-aisho/oushi-ite/,反向排列得分与判定相同；建议合并到对应顺序页。尚未重定向、删除或变更索引，需单独评估迁移及历史访问,逐URL结构与搜索记录；按模板/主题判断,True,False,1823,0,Google 2026-09-10..10-07: no-returned-row; Bing bucket 2026-10-02(top returned pages): no-returned-row
https://keisantool.com/seiza-aisho/ite-sasori/,zodiac-pair,射手座と蠍座の相性は？恋愛・友達・仕事を62点で診断 | 計算ツール,merge-candidate-not-executed,https://keisantool.com/seiza-aisho/sasori-ite/,反向排列得分与判定相同；建议合并到对应顺序页。尚未重定向、删除或变更索引，需单独评估迁移及历史访问,逐URL结构与搜索记录；按模板/主题判断,True,False,1823,0,Google 2026-09-10..10-07: no-returned-row; Bing bucket 2026-10-02(top returned pages): no-returned-row
https://keisantool.com/seiza-aisho/ite-shishi/,zodiac-pair,射手座と獅子座の相性は？恋愛・友達・仕事を92点で診断 | 計算ツール,merge-candidate-not-executed,https://keisantool.com/seiza-aisho/shishi-ite/,反向排列得分与判定相同；建议合并到对应顺序页。尚未重定向、删除或变更索引，需单独评估迁移及历史访问,逐URL结构与搜索记录；按模板/主题判断,True,False,1820,0,Google 2026-09-10..10-07: no-returned-row; Bing bucket 2026-10-02(top returned pages): no-returned-row
https://keisantool.com/seiza-aisho/ite-tenbin/,zodiac-pair,射手座と天秤座の相性は？恋愛・友達・仕事を84点で診断 | 計算ツール,merge-candidate-not-executed,https://keisantool.com/seiza-aisho/tenbin-ite/,反向排列得分与判定相同；建议合并到对应顺序页。尚未重定向、删除或变更索引，需单独评估迁移及历史访问,逐URL结构与搜索记录；按模板/主题判断,True,False,1792,0,Google 2026-09-10..10-07: no-returned-row; Bing bucket 2026-10-02(top returned pages): no-returned-row
https://keisantool.com/seiza-aisho/ite-uo/,zodiac-pair,射手座と魚座の相性は？恋愛・友達・仕事を48点で診断 | 計算ツール,retain-noindex-review,,维持已有noindex；144排列来自7个判定模型，保留站内查询用途并收敛未来扩展；noindex不豁免广告审核,逐URL结构与搜索记录；按模板/主题判断,True,False,1821,0,Google 2026-09-10..10-07: no-returned-row; Bing bucket 2026-10-02(top returned pages): no-returned-row
https://keisantool.com/seiza-aisho/ite-yagi/,zodiac-pair,射手座と山羊座の相性は？恋愛・友達・仕事を62点で診断 | 計算ツール,retain-noindex-review,,维持已有noindex；144排列来自7个判定模型，保留站内查询用途并收敛未来扩展；noindex不豁免广告审核,逐URL结构与搜索记录；按模板/主题判断,True,False,1836,0,Google 2026-09-10..10-07: impressions-observed; Bing bucket 2026-10-02(top returned pages): no-returned-row
https://keisantool.com/seiza-aisho/kani-futago/,zodiac-pair,蟹座と双子座の相性は？恋愛・友達・仕事を62点で診断 | 計算ツール,merge-candidate-not-executed,https://keisantool.com/seiza-aisho/futago-kani/,反向排列得分与判定相同；建议合并到对应顺序页。尚未重定向、删除或变更索引，需单独评估迁移及历史访问,逐URL结构与搜索记录；按模板/主题判断,True,False,1812,0,Google 2026-09-10..10-07: no-returned-row; Bing bucket 2026-10-02(top returned pages): no-returned-row
https://keisantool.com/seiza-aisho/kani-ite/,zodiac-pair,蟹座と射手座の相性は？恋愛・友達・仕事を55点で診断 | 計算ツール,retain-noindex-review,,维持已有noindex；144排列来自7个判定模型，保留站内查询用途并收敛未来扩展；noindex不豁免广告审核,逐URL结构与搜索记录；按模板/主题判断,True,False,1795,0,Google 2026-09-10..10-07: no-returned-row; Bing bucket 2026-10-02(top returned pages): no-returned-row
https://keisantool.com/seiza-aisho/kani-kani/,zodiac-pair,蟹座同士の相性は？恋愛・友達・仕事を80点で診断 | 計算ツール,retain-noindex-review,,维持已有noindex；144排列来自7个判定模型，保留站内查询用途并收敛未来扩展；noindex不豁免广告审核,逐URL结构与搜索记录；按模板/主题判断,True,False,1721,0,Google 2026-09-10..10-07: no-returned-row; Bing bucket 2026-10-02(top returned pages): no-returned-row
https://keisantool.com/seiza-aisho/kani-mizugame/,zodiac-pair,蟹座と水瓶座の相性は？恋愛・友達・仕事を55点で診断 | 計算ツール,retain-noindex-review,,维持已有noindex；144排列来自7个判定模型，保留站内查询用途并收敛未来扩展；noindex不豁免广告审核,逐URL结构与搜索记录；按模板/主题判断,True,False,1800,0,Google 2026-09-10..10-07: no-returned-row; Bing bucket 2026-10-02(top returned pages): no-returned-row
https://keisantool.com/seiza-aisho/kani-ohitsuji/,zodiac-pair,蟹座と牡羊座の相性は？恋愛・友達・仕事を48点で診断 | 計算ツール,merge-candidate-not-executed,https://keisantool.com/seiza-aisho/ohitsuji-kani/,反向排列得分与判定相同；建议合并到对应顺序页。尚未重定向、删除或变更索引，需单独评估迁移及历史访问,逐URL结构与搜索记录；按模板/主题判断,True,False,1808,0,Google 2026-09-10..10-07: no-returned-row; Bing bucket 2026-10-02(top returned pages): no-returned-row
https://keisantool.com/seiza-aisho/kani-otome/,zodiac-pair,蟹座と乙女座の相性は？恋愛・友達・仕事を84点で診断 | 計算ツール,retain-noindex-review,,维持已有noindex；144排列来自7个判定模型，保留站内查询用途并收敛未来扩展；noindex不豁免广告审核,逐URL结构与搜索记录；按模板/主题判断,True,False,1762,0,Google 2026-09-10..10-07: no-returned-row; Bing bucket 2026-10-02(top returned pages): no-returned-row
https://keisantool.com/seiza-aisho/kani-oushi/,zodiac-pair,蟹座と牡牛座の相性は？恋愛・友達・仕事を84点で診断 | 計算ツール,merge-candidate-not-executed,https://keisantool.com/seiza-aisho/oushi-kani/,反向排列得分与判定相同；建议合并到对应顺序页。尚未重定向、删除或变更索引，需单独评估迁移及历史访问,逐URL结构与搜索记录；按模板/主题判断,True,False,1761,0,Google 2026-09-10..10-07: no-returned-row; Bing bucket 2026-10-02(top returned pages): no-returned-row
https://keisantool.com/seiza-aisho/kani-sasori/,zodiac-pair,蟹座と蠍座の相性は？恋愛・友達・仕事を92点で診断 | 計算ツール,retain-noindex-review,,维持已有noindex；144排列来自7个判定模型，保留站内查询用途并收敛未来扩展；noindex不豁免广告审核,逐URL结构与搜索记录；按模板/主题判断,True,False,1779,0,Google 2026-09-10..10-07: no-returned-row; Bing bucket 2026-10-02(top returned pages): no-returned-row
https://keisantool.com/seiza-aisho/kani-shishi/,zodiac-pair,蟹座と獅子座の相性は？恋愛・友達・仕事を62点で診断 | 計算ツール,retain-noindex-review,,维持已有noindex；144排列来自7个判定模型，保留站内查询用途并收敛未来扩展；noindex不豁免广告审核,逐URL结构与搜索记录；按模板/主题判断,True,False,1810,0,Google 2026-09-10..10-07: no-returned-row; Bing bucket 2026-10-02(top returned pages): no-returned-row
https://keisantool.com/seiza-aisho/kani-tenbin/,zodiac-pair,蟹座と天秤座の相性は？恋愛・友達・仕事を48点で診断 | 計算ツール,retain-noindex-review,,维持已有noindex；144排列来自7个判定模型，保留站内查询用途并收敛未来扩展；noindex不豁免广告审核,逐URL结构与搜索记录；按模板/主题判断,True,False,1814,0,Google 2026-09-10..10-07: no-returned-row; Bing bucket 2026-10-02(top returned pages): no-returned-row
https://keisantool.com/seiza-aisho/kani-uo/,zodiac-pair,蟹座と魚座の相性は？恋愛・友達・仕事を92点で診断 | 計算ツール,retain-noindex-review,,维持已有noindex；144排列来自7个判定模型，保留站内查询用途并收敛未来扩展；noindex不豁免广告审核,逐URL结构与搜索记录；按模板/主题判断,True,False,1777,0,Google 2026-09-10..10-07: no-returned-row; Bing bucket 2026-10-02(top returned pages): no-returned-row
https://keisantool.com/seiza-aisho/kani-yagi/,zodiac-pair,蟹座と山羊座の相性は？恋愛・友達・仕事を76点で診断 | 計算ツール,retain-noindex-review,,维持已有noindex；144排列来自7个判定模型，保留站内查询用途并收敛未来扩展；noindex不豁免广告审核,逐URL结构与搜索记录；按模板/主题判断,True,False,1802,0,Google 2026-09-10..10-07: no-returned-row; Bing bucket 2026-10-02(top returned pages): no-returned-row
https://keisantool.com/seiza-aisho/mizugame-futago/,zodiac-pair,水瓶座と双子座の相性は？恋愛・友達・仕事を92点で診断 | 計算ツール,merge-candidate-not-executed,https://keisantool.com/seiza-aisho/futago-mizugame/,反向排列得分与判定相同；建议合并到对应顺序页。尚未重定向、删除或变更索引，需单独评估迁移及历史访问,逐URL结构与搜索记录；按模板/主题判断,True,False,1827,0,Google 2026-09-10..10-07: clicks-observed; Bing bucket 2026-10-02(top returned pages): no-returned-row
https://keisantool.com/seiza-aisho/mizugame-ite/,zodiac-pair,水瓶座と射手座の相性は？恋愛・友達・仕事を84点で診断 | 計算ツール,merge-candidate-not-executed,https://keisantool.com/seiza-aisho/ite-mizugame/,反向排列得分与判定相同；建议合并到对应顺序页。尚未重定向、删除或变更索引，需单独评估迁移及历史访问,逐URL结构与搜索记录；按模板/主题判断,True,False,1792,0,Google 2026-09-10..10-07: no-returned-row; Bing bucket 2026-10-02(top returned pages): no-returned-row
https://keisantool.com/seiza-aisho/mizugame-kani/,zodiac-pair,水瓶座と蟹座の相性は？恋愛・友達・仕事を55点で診断 | 計算ツール,merge-candidate-not-executed,https://keisantool.com/seiza-aisho/kani-mizugame/,反向排列得分与判定相同；建议合并到对应顺序页。尚未重定向、删除或变更索引，需单独评估迁移及历史访问,逐URL结构与搜索记录；按模板/主题判断,True,False,1811,0,Google 2026-09-10..10-07: no-returned-row; Bing bucket 2026-10-02(top returned pages): no-returned-row
https://keisantool.com/seiza-aisho/mizugame-mizugame/,zodiac-pair,水瓶座同士の相性は？恋愛・友達・仕事を80点で診断 | 計算ツール,retain-noindex-review,,维持已有noindex；144排列来自7个判定模型，保留站内查询用途并收敛未来扩展；noindex不豁免广告审核,逐URL结构与搜索记录；按模板/主题判断,True,False,1761,0,Google 2026-09-10..10-07: no-returned-row; Bing bucket 2026-10-02(top returned pages): no-returned-row
https://keisantool.com/seiza-aisho/mizugame-ohitsuji/,zodiac-pair,水瓶座と牡羊座の相性は？恋愛・友達・仕事を84点で診断 | 計算ツール,merge-candidate-not-executed,https://keisantool.com/seiza-aisho/ohitsuji-mizugame/,反向排列得分与判定相同；建议合并到对应顺序页。尚未重定向、删除或变更索引，需单独评估迁移及历史访问,逐URL结构与搜索记录；按模板/主题判断,True,False,1791,0,Google 2026-09-10..10-07: no-returned-row; Bing bucket 2026-10-02(top returned pages): no-returned-row
https://keisantool.com/seiza-aisho/mizugame-otome/,zodiac-pair,水瓶座と乙女座の相性は？恋愛・友達・仕事を55点で診断 | 計算ツール,merge-candidate-not-executed,https://keisantool.com/seiza-aisho/otome-mizugame/,反向排列得分与判定相同；建议合并到对应顺序页。尚未重定向、删除或变更索引，需单独评估迁移及历史访问,逐URL结构与搜索记录；按模板/主题判断,True,False,1829,0,Google 2026-09-10..10-07: no-returned-row; Bing bucket 2026-10-02(top returned pages): no-returned-row
https://keisantool.com/seiza-aisho/mizugame-oushi/,zodiac-pair,水瓶座と牡牛座の相性は？恋愛・友達・仕事を48点で診断 | 計算ツール,merge-candidate-not-executed,https://keisantool.com/seiza-aisho/oushi-mizugame/,反向排列得分与判定相同；建议合并到对应顺序页。尚未重定向、删除或变更索引，需单独评估迁移及历史访问,逐URL结构与搜索记录；按模板/主题判断,True,False,1842,0,Google 2026-09-10..10-07: impressions-observed; Bing bucket 2026-10-02(top returned pages): no-returned-row
https://keisantool.com/seiza-aisho/mizugame-sasori/,zodiac-pair,水瓶座と蠍座の相性は？恋愛・友達・仕事を48点で診断 | 計算ツール,merge-candidate-not-executed,https://keisantool.com/seiza-aisho/sasori-mizugame/,反向排列得分与判定相同；建议合并到对应顺序页。尚未重定向、删除或变更索引，需单独评估迁移及历史访问,逐URL结构与搜索记录；按模板/主题判断,True,False,1828,0,Google 2026-09-10..10-07: no-returned-row; Bing bucket 2026-10-02(top returned pages): no-returned-row
https://keisantool.com/seiza-aisho/mizugame-shishi/,zodiac-pair,水瓶座と獅子座の相性は？恋愛・友達・仕事を76点で診断 | 計算ツール,merge-candidate-not-executed,https://keisantool.com/seiza-aisho/shishi-mizugame/,反向排列得分与判定相同；建议合并到对应顺序页。尚未重定向、删除或变更索引，需单独评估迁移及历史访问,逐URL结构与搜索记录；按模板/主题判断,True,False,1835,0,Google 2026-09-10..10-07: no-returned-row; Bing bucket 2026-10-02(top returned pages): no-returned-row
https://keisantool.com/seiza-aisho/mizugame-tenbin/,zodiac-pair,水瓶座と天秤座の相性は？恋愛・友達・仕事を92点で診断 | 計算ツール,merge-candidate-not-executed,https://keisantool.com/seiza-aisho/tenbin-mizugame/,反向排列得分与判定相同；建议合并到对应顺序页。尚未重定向、删除或变更索引，需单独评估迁移及历史访问,逐URL结构与搜索记录；按模板/主题判断,True,False,1829,0,Google 2026-09-10..10-07: impressions-observed; Bing bucket 2026-10-02(top returned pages): no-returned-row
https://keisantool.com/seiza-aisho/mizugame-uo/,zodiac-pair,水瓶座と魚座の相性は？恋愛・友達・仕事を62点で診断 | 計算ツール,retain-noindex-review,,维持已有noindex；144排列来自7个判定模型，保留站内查询用途并收敛未来扩展；noindex不豁免广告审核,逐URL结构与搜索记录；按模板/主题判断,True,False,1826,0,Google 2026-09-10..10-07: impressions-observed; Bing bucket 2026-10-02(top returned pages): no-returned-row
https://keisantool.com/seiza-aisho/mizugame-yagi/,zodiac-pair,水瓶座と山羊座の相性は？恋愛・友達・仕事を62点で診断 | 計算ツール,merge-candidate-not-executed,https://keisantool.com/seiza-aisho/yagi-mizugame/,反向排列得分与判定相同；建议合并到对应顺序页。尚未重定向、删除或变更索引，需单独评估迁移及历史访问,逐URL结构与搜索记录；按模板/主题判断,True,False,1841,0,Google 2026-09-10..10-07: no-returned-row; Bing bucket 2026-10-02(top returned pages): no-returned-row
https://keisantool.com/seiza-aisho/ohitsuji-futago/,zodiac-pair,牡羊座と双子座の相性は？恋愛・友達・仕事を84点で診断 | 計算ツール,retain-noindex-review,,维持已有noindex；144排列来自7个判定模型，保留站内查询用途并收敛未来扩展；noindex不豁免广告审核,逐URL结构与搜索记录；按模板/主题判断,True,False,1789,0,Google 2026-09-10..10-07: no-returned-row; Bing bucket 2026-10-02(top returned pages): no-returned-row
https://keisantool.com/seiza-aisho/ohitsuji-ite/,zodiac-pair,牡羊座と射手座の相性は？恋愛・友達・仕事を92点で診断 | 計算ツール,retain-noindex-review,,维持已有noindex；144排列来自7个判定模型，保留站内查询用途并收敛未来扩展；noindex不豁免广告审核,逐URL结构与搜索记录；按模板/主题判断,True,False,1818,0,Google 2026-09-10..10-07: impressions-observed; Bing bucket 2026-10-02(top returned pages): no-returned-row
https://keisantool.com/seiza-aisho/ohitsuji-kani/,zodiac-pair,牡羊座と蟹座の相性は？恋愛・友達・仕事を48点で診断 | 計算ツール,retain-noindex-review,,维持已有noindex；144排列来自7个判定模型，保留站内查询用途并收敛未来扩展；noindex不豁免广告审核,逐URL结构与搜索记录；按模板/主题判断,True,False,1819,0,Google 2026-09-10..10-07: no-returned-row; Bing bucket 2026-10-02(top returned pages): no-returned-row
https://keisantool.com/seiza-aisho/ohitsuji-mizugame/,zodiac-pair,牡羊座と水瓶座の相性は？恋愛・友達・仕事を84点で診断 | 計算ツール,retain-noindex-review,,维持已有noindex；144排列来自7个判定模型，保留站内查询用途并收敛未来扩展；noindex不豁免广告审核,逐URL结构与搜索记录；按模板/主题判断,True,False,1791,0,Google 2026-09-10..10-07: no-returned-row; Bing bucket 2026-10-02(top returned pages): no-returned-row
https://keisantool.com/seiza-aisho/ohitsuji-ohitsuji/,zodiac-pair,牡羊座同士の相性は？恋愛・友達・仕事を80点で診断 | 計算ツール,retain-noindex-review,,维持已有noindex；144排列来自7个判定模型，保留站内查询用途并收敛未来扩展；noindex不豁免广告审核,逐URL结构与搜索记录；按模板/主题判断,True,False,1749,0,Google 2026-09-10..10-07: impressions-observed; Bing bucket 2026-10-02(top returned pages): no-returned-row
https://keisantool.com/seiza-aisho/ohitsuji-otome/,zodiac-pair,牡羊座と乙女座の相性は？恋愛・友達・仕事を55点で診断 | 計算ツール,retain-noindex-review,,维持已有noindex；144排列来自7个判定模型，保留站内查询用途并收敛未来扩展；noindex不豁免广告审核,逐URL结构与搜索记录；按模板/主题判断,True,False,1823,0,Google 2026-09-10..10-07: no-returned-row; Bing bucket 2026-10-02(top returned pages): no-returned-row
https://keisantool.com/seiza-aisho/ohitsuji-oushi/,zodiac-pair,牡羊座と牡牛座の相性は？恋愛・友達・仕事を62点で診断 | 計算ツール,retain-noindex-review,,维持已有noindex；144排列来自7个判定模型，保留站内查询用途并收敛未来扩展；noindex不豁免广告审核,逐URL结构与搜索记录；按模板/主题判断,True,False,1836,0,Google 2026-09-10..10-07: no-returned-row; Bing bucket 2026-10-02(top returned pages): no-returned-row
https://keisantool.com/seiza-aisho/ohitsuji-sasori/,zodiac-pair,牡羊座と蠍座の相性は？恋愛・友達・仕事を55点で診断 | 計算ツール,retain-noindex-review,,维持已有noindex；144排列来自7个判定模型，保留站内查询用途并收敛未来扩展；noindex不豁免广告审核,逐URL结构与搜索记录；按模板/主题判断,True,False,1808,0,Google 2026-09-10..10-07: no-returned-row; Bing bucket 2026-10-02(top returned pages): no-returned-row
https://keisantool.com/seiza-aisho/ohitsuji-shishi/,zodiac-pair,牡羊座と獅子座の相性は？恋愛・友達・仕事を92点で診断 | 計算ツール,retain-noindex-review,,维持已有noindex；144排列来自7个判定模型，保留站内查询用途并收敛未来扩展；noindex不豁免广告审核,逐URL结构与搜索记录；按模板/主题判断,True,False,1819,0,Google 2026-09-10..10-07: no-returned-row; Bing bucket 2026-10-02(top returned pages): no-returned-row
https://keisantool.com/seiza-aisho/ohitsuji-tenbin/,zodiac-pair,牡羊座と天秤座の相性は？恋愛・友達・仕事を76点で診断 | 計算ツール,retain-noindex-review,,维持已有noindex；144排列来自7个判定模型，保留站内查询用途并收敛未来扩展；noindex不豁免广告审核,逐URL结构与搜索记录；按模板/主题判断,True,False,1833,0,Google 2026-09-10..10-07: impressions-observed; Bing bucket 2026-10-02(top returned pages): no-returned-row
https://keisantool.com/seiza-aisho/ohitsuji-uo/,zodiac-pair,牡羊座と魚座の相性は？恋愛・友達・仕事を62点で診断 | 計算ツール,retain-noindex-review,,维持已有noindex；144排列来自7个判定模型，保留站内查询用途并收敛未来扩展；noindex不豁免广告审核,逐URL结构与搜索记录；按模板/主题判断,True,False,1820,0,Google 2026-09-10..10-07: no-returned-row; Bing bucket 2026-10-02(top returned pages): no-returned-row
https://keisantool.com/seiza-aisho/ohitsuji-yagi/,zodiac-pair,牡羊座と山羊座の相性は？恋愛・友達・仕事を48点で診断 | 計算ツール,retain-noindex-review,,维持已有noindex；144排列来自7个判定模型，保留站内查询用途并收敛未来扩展；noindex不豁免广告审核,逐URL结构与搜索记录；按模板/主题判断,True,False,1835,0,Google 2026-09-10..10-07: no-returned-row; Bing bucket 2026-10-02(top returned pages): no-returned-row
https://keisantool.com/seiza-aisho/otome-futago/,zodiac-pair,乙女座と双子座の相性は？恋愛・友達・仕事を48点で診断 | 計算ツール,merge-candidate-not-executed,https://keisantool.com/seiza-aisho/futago-otome/,反向排列得分与判定相同；建议合并到对应顺序页。尚未重定向、删除或变更索引，需单独评估迁移及历史访问,逐URL结构与搜索记录；按模板/主题判断,True,False,1841,0,Google 2026-09-10..10-07: no-returned-row; Bing bucket 2026-10-02(top returned pages): no-returned-row
https://keisantool.com/seiza-aisho/otome-ite/,zodiac-pair,乙女座と射手座の相性は？恋愛・友達・仕事を48点で診断 | 計算ツール,retain-noindex-review,,维持已有noindex；144排列来自7个判定模型，保留站内查询用途并收敛未来扩展；noindex不豁免广告审核,逐URL结构与搜索记录；按模板/主题判断,True,False,1838,0,Google 2026-09-10..10-07: no-returned-row; Bing bucket 2026-10-02(top returned pages): no-returned-row
https://keisantool.com/seiza-aisho/otome-kani/,zodiac-pair,乙女座と蟹座の相性は？恋愛・友達・仕事を84点で診断 | 計算ツール,merge-candidate-not-executed,https://keisantool.com/seiza-aisho/kani-otome/,反向排列得分与判定相同；建议合并到对应顺序页。尚未重定向、删除或变更索引，需单独评估迁移及历史访问,逐URL结构与搜索记录；按模板/主题判断,True,False,1773,0,Google 2026-09-10..10-07: no-returned-row; Bing bucket 2026-10-02(top returned pages): no-returned-row
https://keisantool.com/seiza-aisho/otome-mizugame/,zodiac-pair,乙女座と水瓶座の相性は？恋愛・友達・仕事を55点で診断 | 計算ツール,retain-noindex-review,,维持已有noindex；144排列来自7个判定模型，保留站内查询用途并收敛未来扩展；noindex不豁免广告审核,逐URL结构与搜索记录；按模板/主题判断,True,False,1829,0,Google 2026-09-10..10-07: no-returned-row; Bing bucket 2026-10-02(top returned pages): no-returned-row
https://keisantool.com/seiza-aisho/otome-ohitsuji/,zodiac-pair,乙女座と牡羊座の相性は？恋愛・友達・仕事を55点で診断 | 計算ツール,merge-candidate-not-executed,https://keisantool.com/seiza-aisho/ohitsuji-otome/,反向排列得分与判定相同；建议合并到对应顺序页。尚未重定向、删除或变更索引，需单独评估迁移及历史访问,逐URL结构与搜索记录；按模板/主题判断,True,False,1823,0,Google 2026-09-10..10-07: no-returned-row; Bing bucket 2026-10-02(top returned pages): no-returned-row
https://keisantool.com/seiza-aisho/otome-otome/,zodiac-pair,乙女座同士の相性は？恋愛・友達・仕事を80点で診断 | 計算ツール,retain-noindex-review,,维持已有noindex；144排列来自7个判定模型，保留站内查询用途并收敛未来扩展；noindex不豁免广告审核,逐URL结构与搜索记录；按模板/主题判断,True,False,1755,0,Google 2026-09-10..10-07: no-returned-row; Bing bucket 2026-10-02(top returned pages): no-returned-row
https://keisantool.com/seiza-aisho/otome-oushi/,zodiac-pair,乙女座と牡牛座の相性は？恋愛・友達・仕事を92点で診断 | 計算ツール,merge-candidate-not-executed,https://keisantool.com/seiza-aisho/oushi-otome/,反向排列得分与判定相同；建议合并到对应顺序页。尚未重定向、删除或变更索引，需单独评估迁移及历史访问,逐URL结构与搜索记录；按模板/主题判断,True,False,1822,0,Google 2026-09-10..10-07: no-returned-row; Bing bucket 2026-10-02(top returned pages): no-returned-row
https://keisantool.com/seiza-aisho/otome-sasori/,zodiac-pair,乙女座と蠍座の相性は？恋愛・友達・仕事を84点で診断 | 計算ツール,retain-noindex-review,,维持已有noindex；144排列来自7个判定模型，保留站内查询用途并收敛未来扩展；noindex不豁免广告审核,逐URL结构与搜索记录；按模板/主题判断,True,False,1776,0,Google 2026-09-10..10-07: no-returned-row; Bing bucket 2026-10-02(top returned pages): no-returned-row
https://keisantool.com/seiza-aisho/otome-shishi/,zodiac-pair,乙女座と獅子座の相性は？恋愛・友達・仕事を62点で診断 | 計算ツール,merge-candidate-not-executed,https://keisantool.com/seiza-aisho/shishi-otome/,反向排列得分与判定相同；建议合并到对应顺序页。尚未重定向、删除或变更索引，需单独评估迁移及历史访问,逐URL结构与搜索记录；按模板/主题判断,True,False,1839,0,Google 2026-09-10..10-07: impressions-observed; Bing bucket 2026-10-02(top returned pages): no-returned-row
https://keisantool.com/seiza-aisho/otome-tenbin/,zodiac-pair,乙女座と天秤座の相性は？恋愛・友達・仕事を62点で診断 | 計算ツール,retain-noindex-review,,维持已有noindex；144排列来自7个判定模型，保留站内查询用途并收敛未来扩展；noindex不豁免广告审核,逐URL结构与搜索记录；按模板/主题判断,True,False,1843,0,Google 2026-09-10..10-07: no-returned-row; Bing bucket 2026-10-02(top returned pages): no-returned-row
https://keisantool.com/seiza-aisho/otome-uo/,zodiac-pair,乙女座と魚座の相性は？恋愛・友達・仕事を76点で診断 | 計算ツール,retain-noindex-review,,维持已有noindex；144排列来自7个判定模型，保留站内查询用途并收敛未来扩展；noindex不豁免广告审核,逐URL结构与搜索记录；按模板/主题判断,True,False,1816,0,Google 2026-09-10..10-07: no-returned-row; Bing bucket 2026-10-02(top returned pages): no-returned-row
https://keisantool.com/seiza-aisho/otome-yagi/,zodiac-pair,乙女座と山羊座の相性は？恋愛・友達・仕事を92点で診断 | 計算ツール,retain-noindex-review,,维持已有noindex；144排列来自7个判定模型，保留站内查询用途并收敛未来扩展；noindex不豁免广告审核,逐URL结构与搜索记录；按模板/主题判断,True,False,1821,0,Google 2026-09-10..10-07: clicks-observed; Bing bucket 2026-10-02(top returned pages): no-returned-row
https://keisantool.com/seiza-aisho/oushi-futago/,zodiac-pair,牡牛座と双子座の相性は？恋愛・友達・仕事を62点で診断 | 計算ツール,retain-noindex-review,,维持已有noindex；144排列来自7个判定模型，保留站内查询用途并收敛未来扩展；noindex不豁免广告审核,逐URL结构与搜索记录；按模板/主题判断,True,False,1840,0,Google 2026-09-10..10-07: no-returned-row; Bing bucket 2026-10-02(top returned pages): no-returned-row
https://keisantool.com/seiza-aisho/oushi-ite/,zodiac-pair,牡牛座と射手座の相性は？恋愛・友達・仕事を55点で診断 | 計算ツール,retain-noindex-review,,维持已有noindex；144排列来自7个判定模型，保留站内查询用途并收敛未来扩展；noindex不豁免广告审核,逐URL结构与搜索记录；按模板/主题判断,True,False,1823,0,Google 2026-09-10..10-07: impressions-observed; Bing bucket 2026-10-02(top returned pages): no-returned-row
https://keisantool.com/seiza-aisho/oushi-kani/,zodiac-pair,牡牛座と蟹座の相性は？恋愛・友達・仕事を84点で診断 | 計算ツール,retain-noindex-review,,维持已有noindex；144排列来自7个判定模型，保留站内查询用途并收敛未来扩展；noindex不豁免广告审核,逐URL结构与搜索记录；按模板/主题判断,True,False,1772,0,Google 2026-09-10..10-07: no-returned-row; Bing bucket 2026-10-02(top returned pages): no-returned-row
https://keisantool.com/seiza-aisho/oushi-mizugame/,zodiac-pair,牡牛座と水瓶座の相性は？恋愛・友達・仕事を48点で診断 | 計算ツール,retain-noindex-review,,维持已有noindex；144排列来自7个判定模型，保留站内查询用途并收敛未来扩展；noindex不豁免广告审核,逐URL结构与搜索记录；按模板/主题判断,True,False,1842,0,Google 2026-09-10..10-07: impressions-observed; Bing bucket 2026-10-02(top returned pages): no-returned-row
https://keisantool.com/seiza-aisho/oushi-ohitsuji/,zodiac-pair,牡牛座と牡羊座の相性は？恋愛・友達・仕事を62点で診断 | 計算ツール,merge-candidate-not-executed,https://keisantool.com/seiza-aisho/ohitsuji-oushi/,反向排列得分与判定相同；建议合并到对应顺序页。尚未重定向、删除或变更索引，需单独评估迁移及历史访问,逐URL结构与搜索记录；按模板/主题判断,True,False,1836,0,Google 2026-09-10..10-07: no-returned-row; Bing bucket 2026-10-02(top returned pages): no-returned-row
https://keisantool.com/seiza-aisho/oushi-otome/,zodiac-pair,牡牛座と乙女座の相性は？恋愛・友達・仕事を92点で診断 | 計算ツール,retain-noindex-review,,维持已有noindex；144排列来自7个判定模型，保留站内查询用途并收敛未来扩展；noindex不豁免广告审核,逐URL结构与搜索记录；按模板/主题判断,True,False,1822,0,Google 2026-09-10..10-07: no-returned-row; Bing bucket 2026-10-02(top returned pages): no-returned-row
https://keisantool.com/seiza-aisho/oushi-oushi/,zodiac-pair,牡牛座同士の相性は？恋愛・友達・仕事を80点で診断 | 計算ツール,retain-noindex-review,,维持已有noindex；144排列来自7个判定模型，保留站内查询用途并收敛未来扩展；noindex不豁免广告审核,逐URL结构与搜索记录；按模板/主题判断,True,False,1753,0,Google 2026-09-10..10-07: no-returned-row; Bing bucket 2026-10-02(top returned pages): no-returned-row
https://keisantool.com/seiza-aisho/oushi-sasori/,zodiac-pair,牡牛座と蠍座の相性は？恋愛・友達・仕事を76点で診断 | 計算ツール,retain-noindex-review,,维持已有noindex；144排列来自7个判定模型，保留站内查询用途并收敛未来扩展；noindex不豁免广告审核,逐URL结构与搜索记录；按模板/主题判断,True,False,1817,0,Google 2026-09-10..10-07: no-returned-row; Bing bucket 2026-10-02(top returned pages): no-returned-row
https://keisantool.com/seiza-aisho/oushi-shishi/,zodiac-pair,牡牛座と獅子座の相性は？恋愛・友達・仕事を48点で診断 | 計算ツール,retain-noindex-review,,维持已有noindex；144排列来自7个判定模型，保留站内查询用途并收敛未来扩展；noindex不豁免广告审核,逐URL结构与搜索记录；按模板/主题判断,True,False,1838,0,Google 2026-09-10..10-07: no-returned-row; Bing bucket 2026-10-02(top returned pages): no-returned-row
https://keisantool.com/seiza-aisho/oushi-tenbin/,zodiac-pair,牡牛座と天秤座の相性は？恋愛・友達・仕事を55点で診断 | 計算ツール,retain-noindex-review,,维持已有noindex；144排列来自7个判定模型，保留站内查询用途并收敛未来扩展；noindex不豁免广告审核,逐URL结构与搜索记录；按模板/主题判断,True,False,1828,0,Google 2026-09-10..10-07: no-returned-row; Bing bucket 2026-10-02(top returned pages): no-returned-row
https://keisantool.com/seiza-aisho/oushi-uo/,zodiac-pair,牡牛座と魚座の相性は？恋愛・友達・仕事を84点で診断 | 計算ツール,retain-noindex-review,,维持已有noindex；144排列来自7个判定模型，保留站内查询用途并收敛未来扩展；noindex不豁免广告审核,逐URL结构与搜索记录；按模板/主题判断,True,False,1773,0,Google 2026-09-10..10-07: no-returned-row; Bing bucket 2026-10-02(top returned pages): no-returned-row
https://keisantool.com/seiza-aisho/oushi-yagi/,zodiac-pair,牡牛座と山羊座の相性は？恋愛・友達・仕事を92点で診断 | 計算ツール,retain-noindex-review,,维持已有noindex；144排列来自7个判定模型，保留站内查询用途并收敛未来扩展；noindex不豁免广告审核,逐URL结构与搜索记录；按模板/主题判断,True,False,1820,0,Google 2026-09-10..10-07: no-returned-row; Bing bucket 2026-10-02(top returned pages): no-returned-row
https://keisantool.com/seiza-aisho/sasori-futago/,zodiac-pair,蠍座と双子座の相性は？恋愛・友達・仕事を55点で診断 | 計算ツール,merge-candidate-not-executed,https://keisantool.com/seiza-aisho/futago-sasori/,反向排列得分与判定相同；建议合并到对应顺序页。尚未重定向、删除或变更索引，需单独评估迁移及历史访问,逐URL结构与搜索记录；按模板/主题判断,True,False,1801,0,Google 2026-09-10..10-07: no-returned-row; Bing bucket 2026-10-02(top returned pages): no-returned-row
https://keisantool.com/seiza-aisho/sasori-ite/,zodiac-pair,蠍座と射手座の相性は？恋愛・友達・仕事を62点で診断 | 計算ツール,retain-noindex-review,,维持已有noindex；144排列来自7个判定模型，保留站内查询用途并收敛未来扩展；noindex不豁免广告审核,逐URL结构与搜索记录；按模板/主题判断,True,False,1812,0,Google 2026-09-10..10-07: no-returned-row; Bing bucket 2026-10-02(top returned pages): no-returned-row
https://keisantool.com/seiza-aisho/sasori-kani/,zodiac-pair,蠍座と蟹座の相性は？恋愛・友達・仕事を92点で診断 | 計算ツール,merge-candidate-not-executed,https://keisantool.com/seiza-aisho/kani-sasori/,反向排列得分与判定相同；建议合并到对应顺序页。尚未重定向、删除或变更索引，需单独评估迁移及历史访问,逐URL结构与搜索记录；按模板/主题判断,True,False,1779,0,Google 2026-09-10..10-07: no-returned-row; Bing bucket 2026-10-02(top returned pages): no-returned-row
https://keisantool.com/seiza-aisho/sasori-mizugame/,zodiac-pair,蠍座と水瓶座の相性は？恋愛・友達・仕事を48点で診断 | 計算ツール,retain-noindex-review,,维持已有noindex；144排列来自7个判定模型，保留站内查询用途并收敛未来扩展；noindex不豁免广告审核,逐URL结构与搜索记录；按模板/主题判断,True,False,1817,0,Google 2026-09-10..10-07: no-returned-row; Bing bucket 2026-10-02(top returned pages): no-returned-row
https://keisantool.com/seiza-aisho/sasori-ohitsuji/,zodiac-pair,蠍座と牡羊座の相性は？恋愛・友達・仕事を55点で診断 | 計算ツール,merge-candidate-not-executed,https://keisantool.com/seiza-aisho/ohitsuji-sasori/,反向排列得分与判定相同；建议合并到对应顺序页。尚未重定向、删除或变更索引，需单独评估迁移及历史访问,逐URL结构与搜索记录；按模板/主题判断,True,False,1797,0,Google 2026-09-10..10-07: no-returned-row; Bing bucket 2026-10-02(top returned pages): no-returned-row
https://keisantool.com/seiza-aisho/sasori-otome/,zodiac-pair,蠍座と乙女座の相性は？恋愛・友達・仕事を84点で診断 | 計算ツール,merge-candidate-not-executed,https://keisantool.com/seiza-aisho/otome-sasori/,反向排列得分与判定相同；建议合并到对应顺序页。尚未重定向、删除或变更索引，需单独评估迁移及历史访问,逐URL结构与搜索记录；按模板/主题判断,True,False,1765,0,Google 2026-09-10..10-07: no-returned-row; Bing bucket 2026-10-02(top returned pages): no-returned-row
https://keisantool.com/seiza-aisho/sasori-oushi/,zodiac-pair,蠍座と牡牛座の相性は？恋愛・友達・仕事を76点で診断 | 計算ツール,merge-candidate-not-executed,https://keisantool.com/seiza-aisho/oushi-sasori/,反向排列得分与判定相同；建议合并到对应顺序页。尚未重定向、删除或变更索引，需单独评估迁移及历史访问,逐URL结构与搜索记录；按模板/主题判断,True,False,1806,0,Google 2026-09-10..10-07: no-returned-row; Bing bucket 2026-10-02(top returned pages): no-returned-row
https://keisantool.com/seiza-aisho/sasori-sasori/,zodiac-pair,蠍座同士の相性は？恋愛・友達・仕事を80点で診断 | 計算ツール,retain-noindex-review,,维持已有noindex；144排列来自7个判定模型，保留站内查询用途并收敛未来扩展；noindex不豁免广告审核,逐URL结构与搜索记录；按模板/主题判断,True,False,1727,0,Google 2026-09-10..10-07: no-returned-row; Bing bucket 2026-10-02(top returned pages): no-returned-row
https://keisantool.com/seiza-aisho/sasori-shishi/,zodiac-pair,蠍座と獅子座の相性は？恋愛・友達・仕事を48点で診断 | 計算ツール,merge-candidate-not-executed,https://keisantool.com/seiza-aisho/shishi-sasori/,反向排列得分与判定相同；建议合并到对应顺序页。尚未重定向、删除或变更索引，需单独评估迁移及历史访问,逐URL结构与搜索记录；按模板/主题判断,True,False,1813,0,Google 2026-09-10..10-07: no-returned-row; Bing bucket 2026-10-02(top returned pages): no-returned-row
https://keisantool.com/seiza-aisho/sasori-tenbin/,zodiac-pair,蠍座と天秤座の相性は？恋愛・友達・仕事を62点で診断 | 計算ツール,merge-candidate-not-executed,https://keisantool.com/seiza-aisho/tenbin-sasori/,反向排列得分与判定相同；建议合并到对应顺序页。尚未重定向、删除或变更索引，需单独评估迁移及历史访问,逐URL结构与搜索记录；按模板/主题判断,True,False,1817,0,Google 2026-09-10..10-07: no-returned-row; Bing bucket 2026-10-02(top returned pages): no-returned-row
https://keisantool.com/seiza-aisho/sasori-uo/,zodiac-pair,蠍座と魚座の相性は？恋愛・友達・仕事を92点で診断 | 計算ツール,retain-noindex-review,,维持已有noindex；144排列来自7个判定模型，保留站内查询用途并收敛未来扩展；noindex不豁免广告审核,逐URL结构与搜索记录；按模板/主题判断,True,False,1780,0,Google 2026-09-10..10-07: no-returned-row; Bing bucket 2026-10-02(top returned pages): no-returned-row
https://keisantool.com/seiza-aisho/sasori-yagi/,zodiac-pair,蠍座と山羊座の相性は？恋愛・友達・仕事を84点で診断 | 計算ツール,retain-noindex-review,,维持已有noindex；144排列来自7个判定模型，保留站内查询用途并收敛未来扩展；noindex不豁免广告审核,逐URL结构与搜索记录；按模板/主题判断,True,False,1763,0,Google 2026-09-10..10-07: clicks-observed; Bing bucket 2026-10-02(top returned pages): no-returned-row
https://keisantool.com/seiza-aisho/shishi-futago/,zodiac-pair,獅子座と双子座の相性は？恋愛・友達・仕事を84点で診断 | 計算ツール,merge-candidate-not-executed,https://keisantool.com/seiza-aisho/futago-shishi/,反向排列得分与判定相同；建议合并到对应顺序页。尚未重定向、删除或变更索引，需单独评估迁移及历史访问,逐URL结构与搜索记录；按模板/主题判断,True,False,1791,0,Google 2026-09-10..10-07: impressions-observed; Bing bucket 2026-10-02(top returned pages): no-returned-row
https://keisantool.com/seiza-aisho/shishi-ite/,zodiac-pair,獅子座と射手座の相性は？恋愛・友達・仕事を92点で診断 | 計算ツール,retain-noindex-review,,维持已有noindex；144排列来自7个判定模型，保留站内查询用途并收敛未来扩展；noindex不豁免广告审核,逐URL结构与搜索记录；按模板/主题判断,True,False,1820,0,Google 2026-09-10..10-07: no-returned-row; Bing bucket 2026-10-02(top returned pages): no-returned-row
https://keisantool.com/seiza-aisho/shishi-kani/,zodiac-pair,獅子座と蟹座の相性は？恋愛・友達・仕事を62点で診断 | 計算ツール,merge-candidate-not-executed,https://keisantool.com/seiza-aisho/kani-shishi/,反向排列得分与判定相同；建议合并到对应顺序页。尚未重定向、删除或变更索引，需单独评估迁移及历史访问,逐URL结构与搜索记录；按模板/主题判断,True,False,1821,0,Google 2026-09-10..10-07: no-returned-row; Bing bucket 2026-10-02(top returned pages): no-returned-row
https://keisantool.com/seiza-aisho/shishi-mizugame/,zodiac-pair,獅子座と水瓶座の相性は？恋愛・友達・仕事を76点で診断 | 計算ツール,retain-noindex-review,,维持已有noindex；144排列来自7个判定模型，保留站内查询用途并收敛未来扩展；noindex不豁免广告审核,逐URL结构与搜索记录；按模板/主题判断,True,False,1835,0,Google 2026-09-10..10-07: impressions-observed; Bing bucket 2026-10-02(top returned pages): no-returned-row
https://keisantool.com/seiza-aisho/shishi-ohitsuji/,zodiac-pair,獅子座と牡羊座の相性は？恋愛・友達・仕事を92点で診断 | 計算ツール,merge-candidate-not-executed,https://keisantool.com/seiza-aisho/ohitsuji-shishi/,反向排列得分与判定相同；建议合并到对应顺序页。尚未重定向、删除或变更索引，需单独评估迁移及历史访问,逐URL结构与搜索记录；按模板/主题判断,True,False,1819,0,Google 2026-09-10..10-07: no-returned-row; Bing bucket 2026-10-02(top returned pages): no-returned-row
https://keisantool.com/seiza-aisho/shishi-otome/,zodiac-pair,獅子座と乙女座の相性は？恋愛・友達・仕事を62点で診断 | 計算ツール,retain-noindex-review,,维持已有noindex；144排列来自7个判定模型，保留站内查询用途并收敛未来扩展；noindex不豁免广告审核,逐URL结构与搜索记录；按模板/主题判断,True,False,1839,0,Google 2026-09-10..10-07: no-returned-row; Bing bucket 2026-10-02(top returned pages): no-returned-row
https://keisantool.com/seiza-aisho/shishi-oushi/,zodiac-pair,獅子座と牡牛座の相性は？恋愛・友達・仕事を48点で診断 | 計算ツール,merge-candidate-not-executed,https://keisantool.com/seiza-aisho/oushi-shishi/,反向排列得分与判定相同；建议合并到对应顺序页。尚未重定向、删除或变更索引，需单独评估迁移及历史访问,逐URL结构与搜索记录；按模板/主题判断,True,False,1838,0,Google 2026-09-10..10-07: impressions-observed; Bing bucket 2026-10-02(top returned pages): no-returned-row
https://keisantool.com/seiza-aisho/shishi-sasori/,zodiac-pair,獅子座と蠍座の相性は？恋愛・友達・仕事を48点で診断 | 計算ツール,retain-noindex-review,,维持已有noindex；144排列来自7个判定模型，保留站内查询用途并收敛未来扩展；noindex不豁免广告审核,逐URL结构与搜索记录；按模板/主题判断,True,False,1824,0,Google 2026-09-10..10-07: no-returned-row; Bing bucket 2026-10-02(top returned pages): no-returned-row
https://keisantool.com/seiza-aisho/shishi-shishi/,zodiac-pair,獅子座同士の相性は？恋愛・友達・仕事を80点で診断 | 計算ツール,retain-noindex-review,,维持已有noindex；144排列来自7个判定模型，保留站内查询用途并收敛未来扩展；noindex不豁免广告审核,逐URL结构与搜索记录；按模板/主题判断,True,False,1753,0,Google 2026-09-10..10-07: no-returned-row; Bing bucket 2026-10-02(top returned pages): no-returned-row
https://keisantool.com/seiza-aisho/shishi-tenbin/,zodiac-pair,獅子座と天秤座の相性は？恋愛・友達・仕事を84点で診断 | 計算ツール,retain-noindex-review,,维持已有noindex；144排列来自7个判定模型，保留站内查询用途并收敛未来扩展；noindex不豁免广告审核,逐URL结构与搜索记录；按模板/主题判断,True,False,1793,0,Google 2026-09-10..10-07: no-returned-row; Bing bucket 2026-10-02(top returned pages): no-returned-row
https://keisantool.com/seiza-aisho/shishi-uo/,zodiac-pair,獅子座と魚座の相性は？恋愛・友達・仕事を55点で診断 | 計算ツール,retain-noindex-review,,维持已有noindex；144排列来自7个判定模型，保留站内查询用途并收敛未来扩展；noindex不豁免广告审核,逐URL结构与搜索记录；按模板/主题判断,True,False,1808,0,Google 2026-09-10..10-07: no-returned-row; Bing bucket 2026-10-02(top returned pages): no-returned-row
https://keisantool.com/seiza-aisho/shishi-yagi/,zodiac-pair,獅子座と山羊座の相性は？恋愛・友達・仕事を55点で診断 | 計算ツール,retain-noindex-review,,维持已有noindex；144排列来自7个判定模型，保留站内查询用途并收敛未来扩展；noindex不豁免广告审核,逐URL结构与搜索记录；按模板/主题判断,True,False,1823,0,Google 2026-09-10..10-07: clicks-observed; Bing bucket 2026-10-02(top returned pages): no-returned-row
https://keisantool.com/seiza-aisho/tenbin-futago/,zodiac-pair,天秤座と双子座の相性は？恋愛・友達・仕事を92点で診断 | 計算ツール,merge-candidate-not-executed,https://keisantool.com/seiza-aisho/futago-tenbin/,反向排列得分与判定相同；建议合并到对应顺序页。尚未重定向、删除或变更索引，需单独评估迁移及历史访问,逐URL结构与搜索记录；按模板/主题判断,True,False,1827,0,Google 2026-09-10..10-07: no-returned-row; Bing bucket 2026-10-02(top returned pages): no-returned-row
https://keisantool.com/seiza-aisho/tenbin-ite/,zodiac-pair,天秤座と射手座の相性は？恋愛・友達・仕事を84点で診断 | 計算ツール,retain-noindex-review,,维持已有noindex；144排列来自7个判定模型，保留站内查询用途并收敛未来扩展；noindex不豁免广告审核,逐URL结构与搜索记录；按模板/主题判断,True,False,1792,0,Google 2026-09-10..10-07: no-returned-row; Bing bucket 2026-10-02(top returned pages): no-returned-row
https://keisantool.com/seiza-aisho/tenbin-kani/,zodiac-pair,天秤座と蟹座の相性は？恋愛・友達・仕事を48点で診断 | 計算ツール,merge-candidate-not-executed,https://keisantool.com/seiza-aisho/kani-tenbin/,反向排列得分与判定相同；建议合并到对应顺序页。尚未重定向、删除或变更索引，需单独评估迁移及历史访问,逐URL结构与搜索记录；按模板/主题判断,True,False,1825,0,Google 2026-09-10..10-07: no-returned-row; Bing bucket 2026-10-02(top returned pages): no-returned-row
https://keisantool.com/seiza-aisho/tenbin-mizugame/,zodiac-pair,天秤座と水瓶座の相性は？恋愛・友達・仕事を92点で診断 | 計算ツール,retain-noindex-review,,维持已有noindex；144排列来自7个判定模型，保留站内查询用途并收敛未来扩展；noindex不豁免广告审核,逐URL结构与搜索记录；按模板/主题判断,True,False,1829,0,Google 2026-09-10..10-07: no-returned-row; Bing bucket 2026-10-02(top returned pages): no-returned-row
https://keisantool.com/seiza-aisho/tenbin-ohitsuji/,zodiac-pair,天秤座と牡羊座の相性は？恋愛・友達・仕事を76点で診断 | 計算ツール,merge-candidate-not-executed,https://keisantool.com/seiza-aisho/ohitsuji-tenbin/,反向排列得分与判定相同；建议合并到对应顺序页。尚未重定向、删除或变更索引，需单独评估迁移及历史访问,逐URL结构与搜索记录；按模板/主题判断,True,False,1833,0,Google 2026-09-10..10-07: no-returned-row; Bing bucket 2026-10-02(top returned pages): no-returned-row
https://keisantool.com/seiza-aisho/tenbin-otome/,zodiac-pair,天秤座と乙女座の相性は？恋愛・友達・仕事を62点で診断 | 計算ツール,merge-candidate-not-executed,https://keisantool.com/seiza-aisho/otome-tenbin/,反向排列得分与判定相同；建议合并到对应顺序页。尚未重定向、删除或变更索引，需单独评估迁移及历史访问,逐URL结构与搜索记录；按模板/主题判断,True,False,1843,0,Google 2026-09-10..10-07: no-returned-row; Bing bucket 2026-10-02(top returned pages): no-returned-row
https://keisantool.com/seiza-aisho/tenbin-oushi/,zodiac-pair,天秤座と牡牛座の相性は？恋愛・友達・仕事を55点で診断 | 計算ツール,merge-candidate-not-executed,https://keisantool.com/seiza-aisho/oushi-tenbin/,反向排列得分与判定相同；建议合并到对应顺序页。尚未重定向、删除或变更索引，需单独评估迁移及历史访问,逐URL结构与搜索记录；按模板/主题判断,True,False,1828,0,Google 2026-09-10..10-07: impressions-observed; Bing bucket 2026-10-02(top returned pages): no-returned-row
https://keisantool.com/seiza-aisho/tenbin-sasori/,zodiac-pair,天秤座と蠍座の相性は？恋愛・友達・仕事を62点で診断 | 計算ツール,retain-noindex-review,,维持已有noindex；144排列来自7个判定模型，保留站内查询用途并收敛未来扩展；noindex不豁免广告审核,逐URL结构与搜索记录；按模板/主题判断,True,False,1828,0,Google 2026-09-10..10-07: no-returned-row; Bing bucket 2026-10-02(top returned pages): no-returned-row
https://keisantool.com/seiza-aisho/tenbin-shishi/,zodiac-pair,天秤座と獅子座の相性は？恋愛・友達・仕事を84点で診断 | 計算ツール,merge-candidate-not-executed,https://keisantool.com/seiza-aisho/shishi-tenbin/,反向排列得分与判定相同；建议合并到对应顺序页。尚未重定向、删除或变更索引，需单独评估迁移及历史访问,逐URL结构与搜索记录；按模板/主题判断,True,False,1793,0,Google 2026-09-10..10-07: impressions-observed; Bing bucket 2026-10-02(top returned pages): no-returned-row
https://keisantool.com/seiza-aisho/tenbin-tenbin/,zodiac-pair,天秤座同士の相性は？恋愛・友達・仕事を80点で診断 | 計算ツール,retain-noindex-review,,维持已有noindex；144排列来自7个判定模型，保留站内查询用途并收敛未来扩展；noindex不豁免广告审核,逐URL结构与搜索记录；按模板/主题判断,True,False,1761,0,Google 2026-09-10..10-07: no-returned-row; Bing bucket 2026-10-02(top returned pages): no-returned-row
https://keisantool.com/seiza-aisho/tenbin-uo/,zodiac-pair,天秤座と魚座の相性は？恋愛・友達・仕事を55点で診断 | 計算ツール,retain-noindex-review,,维持已有noindex；144排列来自7个判定模型，保留站内查询用途并收敛未来扩展；noindex不豁免广告审核,逐URL结构与搜索记录；按模板/主题判断,True,False,1812,0,Google 2026-09-10..10-07: no-returned-row; Bing bucket 2026-10-02(top returned pages): no-returned-row
https://keisantool.com/seiza-aisho/tenbin-yagi/,zodiac-pair,天秤座と山羊座の相性は？恋愛・友達・仕事を48点で診断 | 計算ツール,retain-noindex-review,,维持已有noindex；144排列来自7个判定模型，保留站内查询用途并收敛未来扩展；noindex不豁免广告审核,逐URL结构与搜索记录；按模板/主题判断,True,False,1841,0,Google 2026-09-10..10-07: no-returned-row; Bing bucket 2026-10-02(top returned pages): no-returned-row
https://keisantool.com/seiza-aisho/uo-futago/,zodiac-pair,魚座と双子座の相性は？恋愛・友達・仕事を48点で診断 | 計算ツール,merge-candidate-not-executed,https://keisantool.com/seiza-aisho/futago-uo/,反向排列得分与判定相同；建议合并到对应顺序页。尚未重定向、删除或变更索引，需单独评估迁移及历史访问,逐URL结构与搜索记录；按模板/主题判断,True,False,1813,0,Google 2026-09-10..10-07: no-returned-row; Bing bucket 2026-10-02(top returned pages): no-returned-row
https://keisantool.com/seiza-aisho/uo-ite/,zodiac-pair,魚座と射手座の相性は？恋愛・友達・仕事を48点で診断 | 計算ツール,merge-candidate-not-executed,https://keisantool.com/seiza-aisho/ite-uo/,反向排列得分与判定相同；建议合并到对应顺序页。尚未重定向、删除或变更索引，需单独评估迁移及历史访问,逐URL结构与搜索记录；按模板/主题判断,True,False,1810,0,Google 2026-09-10..10-07: no-returned-row; Bing bucket 2026-10-02(top returned pages): no-returned-row
https://keisantool.com/seiza-aisho/uo-kani/,zodiac-pair,魚座と蟹座の相性は？恋愛・友達・仕事を92点で診断 | 計算ツール,merge-candidate-not-executed,https://keisantool.com/seiza-aisho/kani-uo/,反向排列得分与判定相同；建议合并到对应顺序页。尚未重定向、删除或变更索引，需单独评估迁移及历史访问,逐URL结构与搜索记录；按模板/主题判断,True,False,1777,0,Google 2026-09-10..10-07: no-returned-row; Bing bucket 2026-10-02(top returned pages): no-returned-row
https://keisantool.com/seiza-aisho/uo-mizugame/,zodiac-pair,魚座と水瓶座の相性は？恋愛・友達・仕事を62点で診断 | 計算ツール,merge-candidate-not-executed,https://keisantool.com/seiza-aisho/mizugame-uo/,反向排列得分与判定相同；建议合并到对应顺序页。尚未重定向、删除或变更索引，需单独评估迁移及历史访问,逐URL结构与搜索记录；按模板/主题判断,True,False,1815,0,Google 2026-09-10..10-07: no-returned-row; Bing bucket 2026-10-02(top returned pages): no-returned-row
https://keisantool.com/seiza-aisho/uo-ohitsuji/,zodiac-pair,魚座と牡羊座の相性は？恋愛・友達・仕事を62点で診断 | 計算ツール,merge-candidate-not-executed,https://keisantool.com/seiza-aisho/ohitsuji-uo/,反向排列得分与判定相同；建议合并到对应顺序页。尚未重定向、删除或变更索引，需单独评估迁移及历史访问,逐URL结构与搜索记录；按模板/主题判断,True,False,1809,0,Google 2026-09-10..10-07: no-returned-row; Bing bucket 2026-10-02(top returned pages): no-returned-row
https://keisantool.com/seiza-aisho/uo-otome/,zodiac-pair,魚座と乙女座の相性は？恋愛・友達・仕事を76点で診断 | 計算ツール,merge-candidate-not-executed,https://keisantool.com/seiza-aisho/otome-uo/,反向排列得分与判定相同；建议合并到对应顺序页。尚未重定向、删除或变更索引，需单独评估迁移及历史访问,逐URL结构与搜索记录；按模板/主题判断,True,False,1805,0,Google 2026-09-10..10-07: no-returned-row; Bing bucket 2026-10-02(top returned pages): no-returned-row
https://keisantool.com/seiza-aisho/uo-oushi/,zodiac-pair,魚座と牡牛座の相性は？恋愛・友達・仕事を84点で診断 | 計算ツール,merge-candidate-not-executed,https://keisantool.com/seiza-aisho/oushi-uo/,反向排列得分与判定相同；建议合并到对应顺序页。尚未重定向、删除或变更索引，需单独评估迁移及历史访问,逐URL结构与搜索记录；按模板/主题判断,True,False,1762,0,Google 2026-09-10..10-07: no-returned-row; Bing bucket 2026-10-02(top returned pages): no-returned-row
https://keisantool.com/seiza-aisho/uo-sasori/,zodiac-pair,魚座と蠍座の相性は？恋愛・友達・仕事を92点で診断 | 計算ツール,merge-candidate-not-executed,https://keisantool.com/seiza-aisho/sasori-uo/,反向排列得分与判定相同；建议合并到对应顺序页。尚未重定向、删除或变更索引，需单独评估迁移及历史访问,逐URL结构与搜索记录；按模板/主题判断,True,False,1780,0,Google 2026-09-10..10-07: no-returned-row; Bing bucket 2026-10-02(top returned pages): no-returned-row
https://keisantool.com/seiza-aisho/uo-shishi/,zodiac-pair,魚座と獅子座の相性は？恋愛・友達・仕事を55点で診断 | 計算ツール,merge-candidate-not-executed,https://keisantool.com/seiza-aisho/shishi-uo/,反向排列得分与判定相同；建议合并到对应顺序页。尚未重定向、删除或变更索引，需单独评估迁移及历史访问,逐URL结构与搜索记录；按模板/主题判断,True,False,1797,0,Google 2026-09-10..10-07: no-returned-row; Bing bucket 2026-10-02(top returned pages): no-returned-row
https://keisantool.com/seiza-aisho/uo-tenbin/,zodiac-pair,魚座と天秤座の相性は？恋愛・友達・仕事を55点で診断 | 計算ツール,merge-candidate-not-executed,https://keisantool.com/seiza-aisho/tenbin-uo/,反向排列得分与判定相同；建议合并到对应顺序页。尚未重定向、删除或变更索引，需单独评估迁移及历史访问,逐URL结构与搜索记录；按模板/主题判断,True,False,1801,0,Google 2026-09-10..10-07: no-returned-row; Bing bucket 2026-10-02(top returned pages): no-returned-row
https://keisantool.com/seiza-aisho/uo-uo/,zodiac-pair,魚座同士の相性は？恋愛・友達・仕事を80点で診断 | 計算ツール,retain-noindex-review,,维持已有noindex；144排列来自7个判定模型，保留站内查询用途并收敛未来扩展；noindex不豁免广告审核,逐URL结构与搜索记录；按模板/主题判断,True,False,1723,0,Google 2026-09-10..10-07: no-returned-row; Bing bucket 2026-10-02(top returned pages): no-returned-row
https://keisantool.com/seiza-aisho/uo-yagi/,zodiac-pair,魚座と山羊座の相性は？恋愛・友達・仕事を84点で診断 | 計算ツール,merge-candidate-not-executed,https://keisantool.com/seiza-aisho/yagi-uo/,反向排列得分与判定相同；建议合并到对应顺序页。尚未重定向、删除或变更索引，需单独评估迁移及历史访问,逐URL结构与搜索记录；按模板/主题判断,True,False,1761,0,Google 2026-09-10..10-07: no-returned-row; Bing bucket 2026-10-02(top returned pages): no-returned-row
https://keisantool.com/seiza-aisho/yagi-futago/,zodiac-pair,山羊座と双子座の相性は？恋愛・友達・仕事を55点で診断 | 計算ツール,merge-candidate-not-executed,https://keisantool.com/seiza-aisho/futago-yagi/,反向排列得分与判定相同；建议合并到对应顺序页。尚未重定向、删除或变更索引，需单独评估迁移及历史访问,逐URL结构与搜索记录；按模板/主题判断,True,False,1825,0,Google 2026-09-10..10-07: impressions-observed; Bing bucket 2026-10-02(top returned pages): no-returned-row
https://keisantool.com/seiza-aisho/yagi-ite/,zodiac-pair,山羊座と射手座の相性は？恋愛・友達・仕事を62点で診断 | 計算ツール,merge-candidate-not-executed,https://keisantool.com/seiza-aisho/ite-yagi/,反向排列得分与判定相同；建议合并到对应顺序页。尚未重定向、删除或变更索引，需单独评估迁移及历史访问,逐URL结构与搜索记录；按模板/主题判断,True,False,1836,0,Google 2026-09-10..10-07: impressions-observed; Bing bucket 2026-10-02(top returned pages): no-returned-row
https://keisantool.com/seiza-aisho/yagi-kani/,zodiac-pair,山羊座と蟹座の相性は？恋愛・友達・仕事を76点で診断 | 計算ツール,merge-candidate-not-executed,https://keisantool.com/seiza-aisho/kani-yagi/,反向排列得分与判定相同；建议合并到对应顺序页。尚未重定向、删除或变更索引，需单独评估迁移及历史访问,逐URL结构与搜索记录；按模板/主题判断,True,False,1813,0,Google 2026-09-10..10-07: no-returned-row; Bing bucket 2026-10-02(top returned pages): no-returned-row
https://keisantool.com/seiza-aisho/yagi-mizugame/,zodiac-pair,山羊座と水瓶座の相性は？恋愛・友達・仕事を62点で診断 | 計算ツール,retain-noindex-review,,维持已有noindex；144排列来自7个判定模型，保留站内查询用途并收敛未来扩展；noindex不豁免广告审核,逐URL结构与搜索记录；按模板/主题判断,True,False,1841,0,Google 2026-09-10..10-07: no-returned-row; Bing bucket 2026-10-02(top returned pages): no-returned-row
https://keisantool.com/seiza-aisho/yagi-ohitsuji/,zodiac-pair,山羊座と牡羊座の相性は？恋愛・友達・仕事を48点で診断 | 計算ツール,merge-candidate-not-executed,https://keisantool.com/seiza-aisho/ohitsuji-yagi/,反向排列得分与判定相同；建议合并到对应顺序页。尚未重定向、删除或变更索引，需单独评估迁移及历史访问,逐URL结构与搜索记录；按模板/主题判断,True,False,1835,0,Google 2026-09-10..10-07: impressions-observed; Bing bucket 2026-10-02(top returned pages): no-returned-row
https://keisantool.com/seiza-aisho/yagi-otome/,zodiac-pair,山羊座と乙女座の相性は？恋愛・友達・仕事を92点で診断 | 計算ツール,merge-candidate-not-executed,https://keisantool.com/seiza-aisho/otome-yagi/,反向排列得分与判定相同；建议合并到对应顺序页。尚未重定向、删除或变更索引，需单独评估迁移及历史访问,逐URL结构与搜索记录；按模板/主题判断,True,False,1821,0,Google 2026-09-10..10-07: no-returned-row; Bing bucket 2026-10-02(top returned pages): no-returned-row
https://keisantool.com/seiza-aisho/yagi-oushi/,zodiac-pair,山羊座と牡牛座の相性は？恋愛・友達・仕事を92点で診断 | 計算ツール,merge-candidate-not-executed,https://keisantool.com/seiza-aisho/oushi-yagi/,反向排列得分与判定相同；建议合并到对应顺序页。尚未重定向、删除或变更索引，需单独评估迁移及历史访问,逐URL结构与搜索记录；按模板/主题判断,True,False,1820,0,Google 2026-09-10..10-07: no-returned-row; Bing bucket 2026-10-02(top returned pages): no-returned-row
https://keisantool.com/seiza-aisho/yagi-sasori/,zodiac-pair,山羊座と蠍座の相性は？恋愛・友達・仕事を84点で診断 | 計算ツール,merge-candidate-not-executed,https://keisantool.com/seiza-aisho/sasori-yagi/,反向排列得分与判定相同；建议合并到对应顺序页。尚未重定向、删除或变更索引，需单独评估迁移及历史访问,逐URL结构与搜索记录；按模板/主题判断,True,False,1774,0,Google 2026-09-10..10-07: no-returned-row; Bing bucket 2026-10-02(top returned pages): no-returned-row
https://keisantool.com/seiza-aisho/yagi-shishi/,zodiac-pair,山羊座と獅子座の相性は？恋愛・友達・仕事を55点で診断 | 計算ツール,merge-candidate-not-executed,https://keisantool.com/seiza-aisho/shishi-yagi/,反向排列得分与判定相同；建议合并到对应顺序页。尚未重定向、删除或变更索引，需单独评估迁移及历史访问,逐URL结构与搜索记录；按模板/主题判断,True,False,1823,0,Google 2026-09-10..10-07: impressions-observed; Bing bucket 2026-10-02(top returned pages): no-returned-row
https://keisantool.com/seiza-aisho/yagi-tenbin/,zodiac-pair,山羊座と天秤座の相性は？恋愛・友達・仕事を48点で診断 | 計算ツール,merge-candidate-not-executed,https://keisantool.com/seiza-aisho/tenbin-yagi/,反向排列得分与判定相同；建议合并到对应顺序页。尚未重定向、删除或变更索引，需单独评估迁移及历史访问,逐URL结构与搜索记录；按模板/主题判断,True,False,1841,0,Google 2026-09-10..10-07: no-returned-row; Bing bucket 2026-10-02(top returned pages): no-returned-row
https://keisantool.com/seiza-aisho/yagi-uo/,zodiac-pair,山羊座と魚座の相性は？恋愛・友達・仕事を84点で診断 | 計算ツール,retain-noindex-review,,维持已有noindex；144排列来自7个判定模型，保留站内查询用途并收敛未来扩展；noindex不豁免广告审核,逐URL结构与搜索记录；按模板/主题判断,True,False,1772,0,Google 2026-09-10..10-07: impressions-observed; Bing bucket 2026-10-02(top returned pages): no-returned-row
https://keisantool.com/seiza-aisho/yagi-yagi/,zodiac-pair,山羊座同士の相性は？恋愛・友達・仕事を80点で診断 | 計算ツール,retain-noindex-review,,维持已有noindex；144排列来自7个判定模型，保留站内查询用途并收敛未来扩展；noindex不豁免广告审核,逐URL结构与搜索记录；按模板/主题判断,True,False,1751,0,Google 2026-09-10..10-07: no-returned-row; Bing bucket 2026-10-02(top returned pages): no-returned-row
https://keisantool.com/shakaihoken/,tool,社会保険料計算器 - 健康保険・厚生年金・雇用保険 | 計算ツール,retain-monitor,,保留可操作的计算/转换/查询任务；字数与外链数量不作机械门槛，持续用真实使用和独立算例校验,逐URL结构与搜索记录；按模板/主题判断,False,True,1173,3,Google 2026-09-10..10-07: impressions-observed; Bing bucket 2026-10-02(top returned pages): no-returned-row
https://keisantool.com/shitsugyou-teate/,tool,失業手当計算シミュレーション【2026年】いくらもらえる？ | 計算ツール,retain-monitor,,保留可操作的计算/转换/查询任务；字数与外链数量不作机械门槛，持续用真实使用和独立算例校验,逐URL结构与搜索记录；按模板/主题判断,False,True,1463,2,Google 2026-09-10..10-07: impressions-observed; Bing bucket 2026-10-02(top returned pages): clicks-observed
https://keisantool.com/shotokuzei/,tool,所得税計算器 - 年収から所得税を概算 | 計算ツール,retain-monitor,,保留可操作的计算/转换/查询任务；字数与外链数量不作机械门槛，持续用真实使用和独立算例校验,逐URL结构与搜索记录；按模板/主题判断,False,True,1009,3,Google 2026-09-10..10-07: impressions-observed; Bing bucket 2026-10-02(top returned pages): no-returned-row
https://keisantool.com/shoubyou/,tool,傷病手当金計算シミュレーション｜支給日額・期間・総額はいくら？,retain-monitor,,保留可操作的计算/转换/查询任务；字数与外链数量不作机械门槛，持续用真实使用和独立算例校验,逐URL结构与搜索记录；按模板/主题判断,False,True,2152,4,Google 2026-09-10..10-07: clicks-observed; Bing bucket 2026-10-02(top returned pages): no-returned-row
https://keisantool.com/shukujitsu/2025/,holiday-year,2025年（令和7年）カレンダー｜祝日一覧・連休 | 計算ツール,retain-monitor,,保留年度祝日与连休；未来年度应区分已公布与推定规则,逐URL结构与搜索记录；按模板/主题判断,False,True,2240,2,Google 2026-09-10..10-07: impressions-observed; Bing bucket 2026-10-02(top returned pages): no-returned-row
https://keisantool.com/shukujitsu/2026/,holiday-year,2026年（令和8年）カレンダー｜祝日一覧・連休 | 計算ツール,retain-canonical-alias,https://keisantool.com/shukujitsu/,既有当前月/年度别名，指向主入口且排除sitemap；不作为新增独立内容,逐URL结构与搜索记录；按模板/主题判断,False,False,2206,2,Google 2026-09-10..10-07: no-returned-row; Bing bucket 2026-10-02(top returned pages): no-returned-row
https://keisantool.com/shukujitsu/2027/,holiday-year,2027年（令和9年）カレンダー｜祝日一覧・連休 | 計算ツール,retain-monitor,,保留年度祝日与连休；未来年度应区分已公布与推定规则,逐URL结构与搜索记录；按模板/主题判断,False,True,2133,2,Google 2026-09-10..10-07: impressions-observed; Bing bucket 2026-10-02(top returned pages): clicks-observed
https://keisantool.com/shukujitsu/2028/,holiday-year,2028年（令和10年）カレンダー｜祝日一覧・連休 | 計算ツール,retain-monitor,,保留年度祝日与连休；未来年度应区分已公布与推定规则,逐URL结构与搜索记录；按模板/主题判断,False,True,2265,2,Google 2026-09-10..10-07: impressions-observed; Bing bucket 2026-10-02(top returned pages): clicks-observed
https://keisantool.com/shukujitsu/2029/,holiday-year,2029年（令和11年）カレンダー｜祝日一覧・連休 | 計算ツール,retain-monitor,,保留年度祝日与连休；未来年度应区分已公布与推定规则,逐URL结构与搜索记录；按模板/主题判断,False,True,2333,2,Google 2026-09-10..10-07: impressions-observed; Bing bucket 2026-10-02(top returned pages): no-returned-row
https://keisantool.com/shukujitsu/,tool,2026年（令和8年）カレンダー｜祝日一覧・連休 | 計算ツール,retain-monitor,,保留可操作的计算/转换/查询任务；字数与外链数量不作机械门槛，持续用真实使用和独立算例校验,逐URL结构与搜索记录；按模板/主题判断,False,True,2241,0,Google 2026-09-10..10-07: impressions-observed; Bing bucket 2026-10-02(top returned pages): clicks-observed
https://keisantool.com/shukushaku/,tool,縮尺計算ツール｜地図・図面の実際の距離と1:nを自動計算,retain-monitor,,保留可操作的计算/转换/查询任务；字数与外链数量不作机械门槛，持续用真实使用和独立算例校验,逐URL结构与搜索记录；按模板/主题判断,False,True,1538,2,Google 2026-09-10..10-07: clicks-observed; Bing bucket 2026-10-02(top returned pages): clicks-observed
https://keisantool.com/shussan/,tool,出産予定日計算器 - 最終月経日から出産予定日・妊娠週数を自動計算 | 計算ツール,fixed-retain,,修正产休开始日早一天；添加含出产当天的官方计数依据,本轮人工核对所列问题/来源；计算页独立回归及浏览器验证，非全部事实认证,False,True,1363,1,Google 2026-09-10..10-07: clicks-observed; Bing bucket 2026-10-02(top returned pages): no-returned-row
https://keisantool.com/suisui/,tool,水分摂取量計算器 - 体重と係数から水分量の目安を試算 | 計算ツール,retain-monitor,,保留可操作的计算/转换/查询任务；字数与外链数量不作机械门槛，持续用真实使用和独立算例校验,逐URL结构与搜索记录；按模板/主题判断,False,True,853,1,Google 2026-09-10..10-07: impressions-observed; Bing bucket 2026-10-02(top returned pages): no-returned-row
https://keisantool.com/suumijutsu/,tool,数秘術計算器 - 生年月日から誕生数と性格を判定 | 計算ツール,retain-monitor,,保留可操作的计算/转换/查询任务；字数与外链数量不作机械门槛，持续用真实使用和独立算例校验,逐URL结构与搜索记录；按模板/主题判断,False,True,692,0,Google 2026-09-10..10-07: impressions-observed; Bing bucket 2026-10-02(top returned pages): no-returned-row
https://keisantool.com/taikakusen/,tool,対角線計算ツール｜長方形・直方体・テレビ画面インチ,retain-monitor,,保留可操作的计算/转换/查询任务；字数与外链数量不作机械门槛，持续用真实使用和独立算例校验,逐URL结构与搜索记录；按模板/主题判断,False,True,1476,0,Google 2026-09-10..10-07: clicks-observed; Bing bucket 2026-10-02(top returned pages): clicks-observed
https://keisantool.com/taiseki/,tool,体積・表面積計算ツール｜直方体・円柱・円錐・球・リットル,retain-monitor,,保留可操作的计算/转换/查询任务；字数与外链数量不作机械门槛，持续用真实使用和独立算例校验,逐URL结构与搜索记录；按模板/主题判断,False,True,1440,1,Google 2026-09-10..10-07: impressions-observed; Bing bucket 2026-10-02(top returned pages): clicks-observed
https://keisantool.com/taishoku-yukyu/,tool,退職前の有給消化計算｜開始日・最終出勤日を退職日から逆算,retain-monitor,,保留可操作的计算/转换/查询任务；字数与外链数量不作机械门槛，持续用真实使用和独立算例校验,逐URL结构与搜索记录；按模板/主题判断,False,True,1087,1,Google 2026-09-10..10-07: impressions-observed; Bing bucket 2026-10-02(top returned pages): no-returned-row
https://keisantool.com/tani/,tool,単位変換器 - 長さ・重さ・面積・体積・温度・速さを一括変換 | 計算ツール,retain-monitor,,保留可操作的计算/转换/查询任务；字数与外链数量不作机械门槛，持续用真实使用和独立算例校验,逐URL结构与搜索记录；按模板/主题判断,False,True,1288,0,Google 2026-09-10..10-07: impressions-observed; Bing bucket 2026-10-02(top returned pages): no-returned-row
https://keisantool.com/tanjobi-aisho/,tool,誕生日相性診断 - ふたりの生年月日から相性を計算（数秘術×六星占術）| 計算ツール,retain-monitor,,保留可操作的计算/转换/查询任务；字数与外链数量不作机械门槛，持续用真实使用和独立算例校验,逐URL结构与搜索记录；按模板/主题判断,False,True,1846,0,Google 2026-09-10..10-07: clicks-observed; Bing bucket 2026-10-02(top returned pages): no-returned-row
https://keisantool.com/teikou/,tool,合成抵抗計算ツール｜並列・直列・オームの法則・LED抵抗,retain-monitor,,保留可操作的计算/转换/查询任务；字数与外链数量不作机械门槛，持续用真实使用和独立算例校验,逐URL结构与搜索记录；按模板/主题判断,False,True,2156,3,Google 2026-09-10..10-07: clicks-observed; Bing bucket 2026-10-02(top returned pages): no-returned-row
https://keisantool.com/terms/,site-information,利用規約・免責事項 | 計算ツール,retain-operational-review,,保留主体、联系、隐私和编辑责任信息；必须与实际运营一致，邮箱收信及CMP账号状态尚未验证,逐URL结构与搜索记录；按模板/主题判断,False,True,889,0,Google 2026-09-10..10-07: impressions-observed; Bing bucket 2026-10-02(top returned pages): no-returned-row
https://keisantool.com/toruku/,tool,トルク計算・単位換算｜力×距離・モーター出力と回転数,retain-monitor,,保留可操作的计算/转换/查询任务；字数与外链数量不作机械门槛，持续用真实使用和独立算例校验,逐URL结构与搜索记录；按模板/主题判断,False,True,1250,2,Google 2026-09-10..10-07: clicks-observed; Bing bucket 2026-10-02(top returned pages): clicks-observed
https://keisantool.com/tsubo-heibei/,tool,坪・平米（㎡）換算ツール｜1坪は何m2・畳数も自動計算,retain-monitor,,保留可操作的计算/转换/查询任务；字数与外链数量不作机械门槛，持续用真实使用和独立算例校验,逐URL结构与搜索记录；按模板/主题判断,False,True,2300,3,Google 2026-09-10..10-07: clicks-observed; Bing bucket 2026-10-02(top returned pages): clicks-observed
https://keisantool.com/umaredoshi/1900/,birth-year,1900年生まれは何歳？2026年は125歳・126歳｜年齢早見表・干支・厄年 | 計算ツール,retain-monitor,,保留年份答案、和历和年龄年表；数值不同有独立查询意义，12年周期文字相似不构成删除依据,逐URL结构与搜索记录；按模板/主题判断,False,True,3053,0,Google 2026-09-10..10-07: no-returned-row; Bing bucket 2026-10-02(top returned pages): no-returned-row
https://keisantool.com/umaredoshi/1901/,birth-year,1901年生まれは何歳？2026年は124歳・125歳｜年齢早見表・干支・厄年 | 計算ツール,retain-monitor,,保留年份答案、和历和年龄年表；数值不同有独立查询意义，12年周期文字相似不构成删除依据,逐URL结构与搜索记录；按模板/主题判断,False,True,3089,0,Google 2026-09-10..10-07: no-returned-row; Bing bucket 2026-10-02(top returned pages): no-returned-row
https://keisantool.com/umaredoshi/1902/,birth-year,1902年生まれは何歳？2026年は123歳・124歳｜年齢早見表・干支・厄年 | 計算ツール,retain-monitor,,保留年份答案、和历和年龄年表；数值不同有独立查询意义，12年周期文字相似不构成删除依据,逐URL结构与搜索记录；按模板/主题判断,False,True,3055,0,Google 2026-09-10..10-07: no-returned-row; Bing bucket 2026-10-02(top returned pages): no-returned-row
https://keisantool.com/umaredoshi/1903/,birth-year,1903年生まれは何歳？2026年は122歳・123歳｜年齢早見表・干支・厄年 | 計算ツール,retain-monitor,,保留年份答案、和历和年龄年表；数值不同有独立查询意义，12年周期文字相似不构成删除依据,逐URL结构与搜索记录；按模板/主题判断,False,True,3087,0,Google 2026-09-10..10-07: no-returned-row; Bing bucket 2026-10-02(top returned pages): no-returned-row
https://keisantool.com/umaredoshi/1904/,birth-year,1904年生まれは何歳？2026年は121歳・122歳｜年齢早見表・干支・厄年 | 計算ツール,retain-monitor,,保留年份答案、和历和年龄年表；数值不同有独立查询意义，12年周期文字相似不构成删除依据,逐URL结构与搜索记录；按模板/主题判断,False,True,3056,0,Google 2026-09-10..10-07: impressions-observed; Bing bucket 2026-10-02(top returned pages): no-returned-row
https://keisantool.com/umaredoshi/1905/,birth-year,1905年生まれは何歳？2026年は120歳・121歳｜年齢早見表・干支・厄年 | 計算ツール,retain-monitor,,保留年份答案、和历和年龄年表；数值不同有独立查询意义，12年周期文字相似不构成删除依据,逐URL结构与搜索记录；按模板/主题判断,False,True,3109,0,Google 2026-09-10..10-07: impressions-observed; Bing bucket 2026-10-02(top returned pages): no-returned-row
https://keisantool.com/umaredoshi/1906/,birth-year,1906年生まれは何歳？2026年は119歳・120歳｜年齢早見表・干支・厄年 | 計算ツール,retain-monitor,,保留年份答案、和历和年龄年表；数值不同有独立查询意义，12年周期文字相似不构成删除依据,逐URL结构与搜索记录；按模板/主题判断,False,True,3052,0,Google 2026-09-10..10-07: impressions-observed; Bing bucket 2026-10-02(top returned pages): no-returned-row
https://keisantool.com/umaredoshi/1907/,birth-year,1907年生まれは何歳？2026年は118歳・119歳｜年齢早見表・干支・厄年 | 計算ツール,retain-monitor,,保留年份答案、和历和年龄年表；数值不同有独立查询意义，12年周期文字相似不构成删除依据,逐URL结构与搜索记录；按模板/主题判断,False,True,3111,0,Google 2026-09-10..10-07: no-returned-row; Bing bucket 2026-10-02(top returned pages): no-returned-row
https://keisantool.com/umaredoshi/1908/,birth-year,1908年生まれは何歳？2026年は117歳・118歳｜年齢早見表・干支・厄年 | 計算ツール,retain-monitor,,保留年份答案、和历和年龄年表；数值不同有独立查询意义，12年周期文字相似不构成删除依据,逐URL结构与搜索记录；按模板/主题判断,False,True,3050,0,Google 2026-09-10..10-07: no-returned-row; Bing bucket 2026-10-02(top returned pages): no-returned-row
https://keisantool.com/umaredoshi/1909/,birth-year,1909年生まれは何歳？2026年は116歳・117歳｜年齢早見表・干支・厄年 | 計算ツール,retain-monitor,,保留年份答案、和历和年龄年表；数值不同有独立查询意义，12年周期文字相似不构成删除依据,逐URL结构与搜索记录；按模板/主题判断,False,True,3110,0,Google 2026-09-10..10-07: no-returned-row; Bing bucket 2026-10-02(top returned pages): no-returned-row
https://keisantool.com/umaredoshi/1910/,birth-year,1910年生まれは何歳？2026年は115歳・116歳｜年齢早見表・干支・厄年 | 計算ツール,retain-monitor,,保留年份答案、和历和年龄年表；数值不同有独立查询意义，12年周期文字相似不构成删除依据,逐URL结构与搜索记录；按模板/主题判断,False,True,3049,0,Google 2026-09-10..10-07: no-returned-row; Bing bucket 2026-10-02(top returned pages): no-returned-row
https://keisantool.com/umaredoshi/1911/,birth-year,1911年生まれは何歳？2026年は114歳・115歳｜年齢早見表・干支・厄年 | 計算ツール,retain-monitor,,保留年份答案、和历和年龄年表；数值不同有独立查询意义，12年周期文字相似不构成删除依据,逐URL结构与搜索记录；按模板/主题判断,False,True,3108,0,Google 2026-09-10..10-07: no-returned-row; Bing bucket 2026-10-02(top returned pages): no-returned-row
https://keisantool.com/umaredoshi/1912/,birth-year,1912年生まれは何歳？2026年は113歳・114歳｜年齢早見表・干支・厄年 | 計算ツール,retain-monitor,,保留年份答案、和历和年龄年表；数值不同有独立查询意义，12年周期文字相似不构成删除依据,逐URL结构与搜索记录；按模板/主题判断,False,True,3066,0,Google 2026-09-10..10-07: impressions-observed; Bing bucket 2026-10-02(top returned pages): no-returned-row
https://keisantool.com/umaredoshi/1913/,birth-year,1913年生まれは何歳？2026年は112歳・113歳｜年齢早見表・干支・厄年 | 計算ツール,retain-monitor,,保留年份答案、和历和年龄年表；数值不同有独立查询意义，12年周期文字相似不构成删除依据,逐URL结构与搜索记录；按模板/主题判断,False,True,3104,0,Google 2026-09-10..10-07: impressions-observed; Bing bucket 2026-10-02(top returned pages): no-returned-row
https://keisantool.com/umaredoshi/1914/,birth-year,1914年生まれは何歳？2026年は111歳・112歳｜年齢早見表・干支・厄年 | 計算ツール,retain-monitor,,保留年份答案、和历和年龄年表；数值不同有独立查询意义，12年周期文字相似不构成删除依据,逐URL结构与搜索记录；按模板/主题判断,False,True,3044,0,Google 2026-09-10..10-07: impressions-observed; Bing bucket 2026-10-02(top returned pages): no-returned-row
https://keisantool.com/umaredoshi/1915/,birth-year,1915年生まれは何歳？2026年は110歳・111歳｜年齢早見表・干支・厄年 | 計算ツール,retain-monitor,,保留年份答案、和历和年龄年表；数值不同有独立查询意义，12年周期文字相似不构成删除依据,逐URL结构与搜索记录；按模板/主题判断,False,True,3103,0,Google 2026-09-10..10-07: no-returned-row; Bing bucket 2026-10-02(top returned pages): no-returned-row
https://keisantool.com/umaredoshi/1916/,birth-year,1916年生まれは何歳？2026年は109歳・110歳｜年齢早見表・干支・厄年 | 計算ツール,retain-monitor,,保留年份答案、和历和年龄年表；数值不同有独立查询意义，12年周期文字相似不构成删除依据,逐URL结构与搜索记录；按模板/主题判断,False,True,3046,0,Google 2026-09-10..10-07: impressions-observed; Bing bucket 2026-10-02(top returned pages): no-returned-row
https://keisantool.com/umaredoshi/1917/,birth-year,1917年生まれは何歳？2026年は108歳・109歳｜年齢早見表・干支・厄年 | 計算ツール,retain-monitor,,保留年份答案、和历和年龄年表；数值不同有独立查询意义，12年周期文字相似不构成删除依据,逐URL结构与搜索记录；按模板/主题判断,False,True,3105,0,Google 2026-09-10..10-07: no-returned-row; Bing bucket 2026-10-02(top returned pages): no-returned-row
https://keisantool.com/umaredoshi/1918/,birth-year,1918年生まれは何歳？2026年は107歳・108歳｜年齢早見表・干支・厄年 | 計算ツール,retain-monitor,,保留年份答案、和历和年龄年表；数值不同有独立查询意义，12年周期文字相似不构成删除依据,逐URL结构与搜索记录；按模板/主题判断,False,True,3044,0,Google 2026-09-10..10-07: no-returned-row; Bing bucket 2026-10-02(top returned pages): no-returned-row
https://keisantool.com/umaredoshi/1919/,birth-year,1919年生まれは何歳？2026年は106歳・107歳｜年齢早見表・干支・厄年 | 計算ツール,retain-monitor,,保留年份答案、和历和年龄年表；数值不同有独立查询意义，12年周期文字相似不构成删除依据,逐URL结构与搜索记录；按模板/主题判断,False,True,3107,0,Google 2026-09-10..10-07: impressions-observed; Bing bucket 2026-10-02(top returned pages): no-returned-row
https://keisantool.com/umaredoshi/1920/,birth-year,1920年生まれは何歳？2026年は105歳・106歳｜年齢早見表・干支・厄年 | 計算ツール,retain-monitor,,保留年份答案、和历和年龄年表；数值不同有独立查询意义，12年周期文字相似不构成删除依据,逐URL结构与搜索记录；按模板/主题判断,False,True,3044,0,Google 2026-09-10..10-07: no-returned-row; Bing bucket 2026-10-02(top returned pages): no-returned-row
https://keisantool.com/umaredoshi/1921/,birth-year,1921年生まれは何歳？2026年は104歳・105歳｜年齢早見表・干支・厄年 | 計算ツール,retain-monitor,,保留年份答案、和历和年龄年表；数值不同有独立查询意义，12年周期文字相似不构成删除依据,逐URL结构与搜索记录；按模板/主题判断,False,True,3095,0,Google 2026-09-10..10-07: no-returned-row; Bing bucket 2026-10-02(top returned pages): no-returned-row
https://keisantool.com/umaredoshi/1922/,birth-year,1922年生まれは何歳？2026年は103歳・104歳｜年齢早見表・干支・厄年 | 計算ツール,retain-monitor,,保留年份答案、和历和年龄年表；数值不同有独立查询意义，12年周期文字相似不构成删除依据,逐URL结构与搜索记录；按模板/主题判断,False,True,3045,0,Google 2026-09-10..10-07: no-returned-row; Bing bucket 2026-10-02(top returned pages): no-returned-row
https://keisantool.com/umaredoshi/1923/,birth-year,1923年生まれは何歳？2026年は102歳・103歳｜年齢早見表・干支・厄年 | 計算ツール,retain-monitor,,保留年份答案、和历和年龄年表；数值不同有独立查询意义，12年周期文字相似不构成删除依据,逐URL结构与搜索记录；按模板/主题判断,False,True,3088,0,Google 2026-09-10..10-07: impressions-observed; Bing bucket 2026-10-02(top returned pages): no-returned-row
https://keisantool.com/umaredoshi/1924/,birth-year,1924年生まれは何歳？2026年は101歳・102歳｜年齢早見表・干支・厄年 | 計算ツール,retain-monitor,,保留年份答案、和历和年龄年表；数值不同有独立查询意义，12年周期文字相似不构成删除依据,逐URL结构与搜索记录；按模板/主题判断,False,True,3056,0,Google 2026-09-10..10-07: no-returned-row; Bing bucket 2026-10-02(top returned pages): no-returned-row
https://keisantool.com/umaredoshi/1925/,birth-year,1925年生まれは何歳？2026年は100歳・101歳｜年齢早見表・干支・厄年 | 計算ツール,retain-monitor,,保留年份答案、和历和年龄年表；数值不同有独立查询意义，12年周期文字相似不构成删除依据,逐URL结构与搜索记录；按模板/主题判断,False,True,3081,0,Google 2026-09-10..10-07: no-returned-row; Bing bucket 2026-10-02(top returned pages): no-returned-row
https://keisantool.com/umaredoshi/1926/,birth-year,1926年生まれは何歳？2026年は99歳・100歳｜年齢早見表・干支・厄年 | 計算ツール,retain-monitor,,保留年份答案、和历和年龄年表；数值不同有独立查询意义，12年周期文字相似不构成删除依据,逐URL结构与搜索记录；按模板/主题判断,False,True,3067,0,Google 2026-09-10..10-07: no-returned-row; Bing bucket 2026-10-02(top returned pages): no-returned-row
https://keisantool.com/umaredoshi/1927/,birth-year,1927年生まれは何歳？2026年は98歳・99歳｜年齢早見表・干支・厄年 | 計算ツール,retain-monitor,,保留年份答案、和历和年龄年表；数值不同有独立查询意义，12年周期文字相似不构成删除依据,逐URL结构与搜索记录；按模板/主题判断,False,True,3059,0,Google 2026-09-10..10-07: no-returned-row; Bing bucket 2026-10-02(top returned pages): no-returned-row
https://keisantool.com/umaredoshi/1928/,birth-year,1928年生まれは何歳？2026年は97歳・98歳｜年齢早見表・干支・厄年 | 計算ツール,retain-monitor,,保留年份答案、和历和年龄年表；数值不同有独立查询意义，12年周期文字相似不构成删除依据,逐URL结构与搜索记录；按模板/主题判断,False,True,3030,0,Google 2026-09-10..10-07: no-returned-row; Bing bucket 2026-10-02(top returned pages): no-returned-row
https://keisantool.com/umaredoshi/1929/,birth-year,1929年生まれは何歳？2026年は96歳・97歳｜年齢早見表・干支・厄年 | 計算ツール,retain-monitor,,保留年份答案、和历和年龄年表；数值不同有独立查询意义，12年周期文字相似不构成删除依据,逐URL结构与搜索记录；按模板/主题判断,False,True,3045,0,Google 2026-09-10..10-07: no-returned-row; Bing bucket 2026-10-02(top returned pages): no-returned-row
https://keisantool.com/umaredoshi/1930/,birth-year,1930年生まれは何歳？2026年は95歳・96歳｜年齢早見表・干支・厄年 | 計算ツール,retain-monitor,,保留年份答案、和历和年龄年表；数值不同有独立查询意义，12年周期文字相似不构成删除依据,逐URL结构与搜索记录；按模板/主题判断,False,True,3022,0,Google 2026-09-10..10-07: impressions-observed; Bing bucket 2026-10-02(top returned pages): no-returned-row
https://keisantool.com/umaredoshi/1931/,birth-year,1931年生まれは何歳？2026年は94歳・95歳｜年齢早見表・干支・厄年 | 計算ツール,retain-monitor,,保留年份答案、和历和年龄年表；数值不同有独立查询意义，12年周期文字相似不构成删除依据,逐URL结构与搜索记录；按模板/主题判断,False,True,3043,0,Google 2026-09-10..10-07: no-returned-row; Bing bucket 2026-10-02(top returned pages): no-returned-row
https://keisantool.com/umaredoshi/1932/,birth-year,1932年生まれは何歳？2026年は93歳・94歳｜年齢早見表・干支・厄年 | 計算ツール,retain-monitor,,保留年份答案、和历和年龄年表；数值不同有独立查询意义，12年周期文字相似不构成删除依据,逐URL结构与搜索记录；按模板/主题判断,False,True,3015,0,Google 2026-09-10..10-07: no-returned-row; Bing bucket 2026-10-02(top returned pages): no-returned-row
https://keisantool.com/umaredoshi/1933/,birth-year,1933年生まれは何歳？2026年は92歳・93歳｜年齢早見表・干支・厄年 | 計算ツール,retain-monitor,,保留年份答案、和历和年龄年表；数值不同有独立查询意义，12年周期文字相似不构成删除依据,逐URL结构与搜索记录；按模板/主题判断,False,True,3037,0,Google 2026-09-10..10-07: no-returned-row; Bing bucket 2026-10-02(top returned pages): no-returned-row
https://keisantool.com/umaredoshi/1934/,birth-year,1934年生まれは何歳？2026年は91歳・92歳｜年齢早見表・干支・厄年 | 計算ツール,retain-monitor,,保留年份答案、和历和年龄年表；数值不同有独立查询意义，12年周期文字相似不构成删除依据,逐URL结构与搜索记录；按模板/主题判断,False,True,3014,0,Google 2026-09-10..10-07: impressions-observed; Bing bucket 2026-10-02(top returned pages): no-returned-row
https://keisantool.com/umaredoshi/1935/,birth-year,1935年生まれは何歳？2026年は90歳・91歳｜年齢早見表・干支・厄年 | 計算ツール,retain-monitor,,保留年份答案、和历和年龄年表；数值不同有独立查询意义，12年周期文字相似不构成删除依据,逐URL结构与搜索记录；按模板/主题判断,False,True,3039,0,Google 2026-09-10..10-07: no-returned-row; Bing bucket 2026-10-02(top returned pages): no-returned-row
https://keisantool.com/umaredoshi/1936/,birth-year,1936年生まれは何歳？2026年は89歳・90歳｜年齢早見表・干支・厄年 | 計算ツール,retain-monitor,,保留年份答案、和历和年龄年表；数值不同有独立查询意义，12年周期文字相似不构成删除依据,逐URL结构与搜索记录；按模板/主题判断,False,True,3016,0,Google 2026-09-10..10-07: no-returned-row; Bing bucket 2026-10-02(top returned pages): no-returned-row
https://keisantool.com/umaredoshi/1937/,birth-year,1937年生まれは何歳？2026年は88歳・89歳｜年齢早見表・干支・厄年 | 計算ツール,retain-monitor,,保留年份答案、和历和年龄年表；数值不同有独立查询意义，12年周期文字相似不构成删除依据,逐URL结构与搜索记录；按模板/主题判断,False,True,3041,0,Google 2026-09-10..10-07: no-returned-row; Bing bucket 2026-10-02(top returned pages): no-returned-row
https://keisantool.com/umaredoshi/1938/,birth-year,1938年生まれは何歳？2026年は87歳・88歳｜年齢早見表・干支・厄年 | 計算ツール,retain-monitor,,保留年份答案、和历和年龄年表；数值不同有独立查询意义，12年周期文字相似不构成删除依据,逐URL结构与搜索记录；按模板/主题判断,False,True,3020,0,Google 2026-09-10..10-07: no-returned-row; Bing bucket 2026-10-02(top returned pages): no-returned-row
https://keisantool.com/umaredoshi/1939/,birth-year,1939年生まれは何歳？2026年は86歳・87歳｜年齢早見表・干支・厄年 | 計算ツール,retain-monitor,,保留年份答案、和历和年龄年表；数值不同有独立查询意义，12年周期文字相似不构成删除依据,逐URL结构与搜索记录；按模板/主题判断,False,True,3041,0,Google 2026-09-10..10-07: impressions-observed; Bing bucket 2026-10-02(top returned pages): no-returned-row
https://keisantool.com/umaredoshi/1940/,birth-year,1940年生まれは何歳？2026年は85歳・86歳｜年齢早見表・干支・厄年 | 計算ツール,retain-monitor,,保留年份答案、和历和年龄年表；数值不同有独立查询意义，12年周期文字相似不构成删除依据,逐URL结构与搜索记录；按模板/主题判断,False,True,3022,0,Google 2026-09-10..10-07: no-returned-row; Bing bucket 2026-10-02(top returned pages): no-returned-row
https://keisantool.com/umaredoshi/1941/,birth-year,1941年生まれは何歳？2026年は84歳・85歳｜年齢早見表・干支・厄年 | 計算ツール,retain-monitor,,保留年份答案、和历和年龄年表；数值不同有独立查询意义，12年周期文字相似不构成删除依据,逐URL结构与搜索记录；按模板/主题判断,False,True,3039,0,Google 2026-09-10..10-07: no-returned-row; Bing bucket 2026-10-02(top returned pages): no-returned-row
https://keisantool.com/umaredoshi/1942/,birth-year,1942年生まれは何歳？2026年は83歳・84歳｜年齢早見表・干支・厄年 | 計算ツール,retain-monitor,,保留年份答案、和历和年龄年表；数值不同有独立查询意义，12年周期文字相似不构成删除依据,逐URL结构与搜索记录；按模板/主题判断,False,True,3007,0,Google 2026-09-10..10-07: impressions-observed; Bing bucket 2026-10-02(top returned pages): no-returned-row
https://keisantool.com/umaredoshi/1943/,birth-year,1943年生まれは何歳？2026年は82歳・83歳｜年齢早見表・干支・厄年 | 計算ツール,retain-monitor,,保留年份答案、和历和年龄年表；数值不同有独立查询意义，12年周期文字相似不构成删除依据,逐URL结构与搜索记录；按模板/主题判断,False,True,3043,0,Google 2026-09-10..10-07: no-returned-row; Bing bucket 2026-10-02(top returned pages): no-returned-row
https://keisantool.com/umaredoshi/1944/,birth-year,1944年生まれは何歳？2026年は81歳・82歳｜年齢早見表・干支・厄年 | 計算ツール,retain-monitor,,保留年份答案、和历和年龄年表；数值不同有独立查询意义，12年周期文字相似不构成删除依据,逐URL结构与搜索记录；按模板/主题判断,False,True,3006,0,Google 2026-09-10..10-07: no-returned-row; Bing bucket 2026-10-02(top returned pages): no-returned-row
https://keisantool.com/umaredoshi/1945/,birth-year,1945年生まれは何歳？2026年は80歳・81歳｜年齢早見表・干支・厄年 | 計算ツール,retain-monitor,,保留年份答案、和历和年龄年表；数值不同有独立查询意义，12年周期文字相似不构成删除依据,逐URL结构与搜索记录；按模板/主题判断,False,True,3061,0,Google 2026-09-10..10-07: no-returned-row; Bing bucket 2026-10-02(top returned pages): no-returned-row
https://keisantool.com/umaredoshi/1946/,birth-year,1946年生まれは何歳？2026年は79歳・80歳｜年齢早見表・干支・厄年 | 計算ツール,retain-monitor,,保留年份答案、和历和年龄年表；数值不同有独立查询意义，12年周期文字相似不构成删除依据,逐URL结构与搜索记录；按模板/主题判断,False,True,3004,0,Google 2026-09-10..10-07: no-returned-row; Bing bucket 2026-10-02(top returned pages): no-returned-row
https://keisantool.com/umaredoshi/1947/,birth-year,1947年生まれは何歳？2026年は78歳・79歳｜年齢早見表・干支・厄年 | 計算ツール,retain-monitor,,保留年份答案、和历和年龄年表；数值不同有独立查询意义，12年周期文字相似不构成删除依据,逐URL结构与搜索记录；按模板/主题判断,False,True,3059,0,Google 2026-09-10..10-07: impressions-observed; Bing bucket 2026-10-02(top returned pages): no-returned-row
https://keisantool.com/umaredoshi/1948/,birth-year,1948年生まれは何歳？2026年は77歳・78歳｜年齢早見表・干支・厄年 | 計算ツール,retain-monitor,,保留年份答案、和历和年龄年表；数值不同有独立查询意义，12年周期文字相似不构成删除依据,逐URL结构与搜索记录；按模板/主题判断,False,True,3000,0,Google 2026-09-10..10-07: impressions-observed; Bing bucket 2026-10-02(top returned pages): no-returned-row
https://keisantool.com/umaredoshi/1949/,birth-year,1949年生まれは何歳？2026年は76歳・77歳｜年齢早見表・干支・厄年 | 計算ツール,retain-monitor,,保留年份答案、和历和年龄年表；数值不同有独立查询意义，12年周期文字相似不构成删除依据,逐URL结构与搜索记录；按模板/主题判断,False,True,3063,0,Google 2026-09-10..10-07: impressions-observed; Bing bucket 2026-10-02(top returned pages): no-returned-row
https://keisantool.com/umaredoshi/1950/,birth-year,1950年生まれは何歳？2026年は75歳・76歳｜年齢早見表・干支・厄年 | 計算ツール,retain-monitor,,保留年份答案、和历和年龄年表；数值不同有独立查询意义，12年周期文字相似不构成删除依据,逐URL结构与搜索记录；按模板/主题判断,False,True,3003,0,Google 2026-09-10..10-07: impressions-observed; Bing bucket 2026-10-02(top returned pages): no-returned-row
https://keisantool.com/umaredoshi/1951/,birth-year,1951年生まれは何歳？2026年は74歳・75歳｜年齢早見表・干支・厄年 | 計算ツール,retain-monitor,,保留年份答案、和历和年龄年表；数值不同有独立查询意义，12年周期文字相似不构成删除依据,逐URL结构与搜索记录；按模板/主题判断,False,True,3062,0,Google 2026-09-10..10-07: no-returned-row; Bing bucket 2026-10-02(top returned pages): no-returned-row
https://keisantool.com/umaredoshi/1952/,birth-year,1952年生まれは何歳？2026年は73歳・74歳｜年齢早見表・干支・厄年 | 計算ツール,retain-monitor,,保留年份答案、和历和年龄年表；数值不同有独立查询意义，12年周期文字相似不构成删除依据,逐URL结构与搜索记录；按模板/主题判断,False,True,3000,0,Google 2026-09-10..10-07: no-returned-row; Bing bucket 2026-10-02(top returned pages): no-returned-row
https://keisantool.com/umaredoshi/1953/,birth-year,1953年生まれは何歳？2026年は72歳・73歳｜年齢早見表・干支・厄年 | 計算ツール,retain-monitor,,保留年份答案、和历和年龄年表；数值不同有独立查询意义，12年周期文字相似不构成删除依据,逐URL结构与搜索记录；按模板/主题判断,False,True,3058,0,Google 2026-09-10..10-07: impressions-observed; Bing bucket 2026-10-02(top returned pages): no-returned-row
https://keisantool.com/umaredoshi/1954/,birth-year,1954年生まれは何歳？2026年は71歳・72歳｜年齢早見表・干支・厄年 | 計算ツール,retain-monitor,,保留年份答案、和历和年龄年表；数值不同有独立查询意义，12年周期文字相似不构成删除依据,逐URL结构与搜索记录；按模板/主题判断,False,True,3000,0,Google 2026-09-10..10-07: no-returned-row; Bing bucket 2026-10-02(top returned pages): no-returned-row
https://keisantool.com/umaredoshi/1955/,birth-year,1955年生まれは何歳？2026年は70歳・71歳｜年齢早見表・干支・厄年 | 計算ツール,retain-monitor,,保留年份答案、和历和年龄年表；数值不同有独立查询意义，12年周期文字相似不构成删除依据,逐URL结构与搜索记录；按模板/主题判断,False,True,3062,0,Google 2026-09-10..10-07: no-returned-row; Bing bucket 2026-10-02(top returned pages): no-returned-row
https://keisantool.com/umaredoshi/1956/,birth-year,1956年生まれは何歳？2026年は69歳・70歳｜年齢早見表・干支・厄年 | 計算ツール,retain-monitor,,保留年份答案、和历和年龄年表；数值不同有独立查询意义，12年周期文字相似不构成删除依据,逐URL结构与搜索记录；按模板/主题判断,False,True,3000,0,Google 2026-09-10..10-07: no-returned-row; Bing bucket 2026-10-02(top returned pages): no-returned-row
https://keisantool.com/umaredoshi/1957/,birth-year,1957年生まれは何歳？2026年は68歳・69歳｜年齢早見表・干支・厄年 | 計算ツール,retain-monitor,,保留年份答案、和历和年龄年表；数值不同有独立查询意义，12年周期文字相似不构成删除依据,逐URL结构与搜索记录；按模板/主题判断,False,True,3061,0,Google 2026-09-10..10-07: impressions-observed; Bing bucket 2026-10-02(top returned pages): no-returned-row
https://keisantool.com/umaredoshi/1958/,birth-year,1958年生まれは何歳？2026年は67歳・68歳｜年齢早見表・干支・厄年 | 計算ツール,retain-monitor,,保留年份答案、和历和年龄年表；数值不同有独立查询意义，12年周期文字相似不构成删除依据,逐URL结构与搜索记录；按模板/主题判断,False,True,3000,0,Google 2026-09-10..10-07: impressions-observed; Bing bucket 2026-10-02(top returned pages): no-returned-row
https://keisantool.com/umaredoshi/1959/,birth-year,1959年生まれは何歳？2026年は66歳・67歳｜年齢早見表・干支・厄年 | 計算ツール,retain-monitor,,保留年份答案、和历和年龄年表；数值不同有独立查询意义，12年周期文字相似不构成删除依据,逐URL结构与搜索记录；按模板/主题判断,False,True,3059,0,Google 2026-09-10..10-07: no-returned-row; Bing bucket 2026-10-02(top returned pages): no-returned-row
https://keisantool.com/umaredoshi/1960/,birth-year,1960年生まれは何歳？2026年は65歳・66歳｜年齢早見表・干支・厄年 | 計算ツール,retain-monitor,,保留年份答案、和历和年龄年表；数值不同有独立查询意义，12年周期文字相似不构成删除依据,逐URL结构与搜索记录；按模板/主题判断,False,True,2998,0,Google 2026-09-10..10-07: no-returned-row; Bing bucket 2026-10-02(top returned pages): no-returned-row
https://keisantool.com/umaredoshi/1961/,birth-year,1961年生まれは何歳？2026年は64歳・65歳｜年齢早見表・干支・厄年 | 計算ツール,retain-monitor,,保留年份答案、和历和年龄年表；数值不同有独立查询意义，12年周期文字相似不构成删除依据,逐URL结构与搜索记录；按模板/主题判断,False,True,3050,0,Google 2026-09-10..10-07: impressions-observed; Bing bucket 2026-10-02(top returned pages): no-returned-row
https://keisantool.com/umaredoshi/1962/,birth-year,1962年生まれは何歳？2026年は63歳・64歳｜年齢早見表・干支・厄年 | 計算ツール,retain-monitor,,保留年份答案、和历和年龄年表；数值不同有独立查询意义，12年周期文字相似不构成删除依据,逐URL结构与搜索记录；按模板/主题判断,False,True,3002,0,Google 2026-09-10..10-07: no-returned-row; Bing bucket 2026-10-02(top returned pages): no-returned-row
https://keisantool.com/umaredoshi/1963/,birth-year,1963年生まれは何歳？2026年は62歳・63歳｜年齢早見表・干支・厄年 | 計算ツール,retain-monitor,,保留年份答案、和历和年龄年表；数值不同有独立查询意义，12年周期文字相似不构成删除依据,逐URL结构与搜索记录；按模板/主题判断,False,True,3046,0,Google 2026-09-10..10-07: impressions-observed; Bing bucket 2026-10-02(top returned pages): no-returned-row
https://keisantool.com/umaredoshi/1964/,birth-year,1964年生まれは何歳？2026年は61歳・62歳｜年齢早見表・干支・厄年 | 計算ツール,retain-monitor,,保留年份答案、和历和年龄年表；数值不同有独立查询意义，12年周期文字相似不构成删除依据,逐URL结构与搜索记录；按模板/主题判断,False,True,3019,0,Google 2026-09-10..10-07: impressions-observed; Bing bucket 2026-10-02(top returned pages): no-returned-row
https://keisantool.com/umaredoshi/1965/,birth-year,1965年生まれは何歳？2026年は60歳・61歳｜年齢早見表・干支・厄年 | 計算ツール,retain-monitor,,保留年份答案、和历和年龄年表；数值不同有独立查询意义，12年周期文字相似不构成删除依据,逐URL结构与搜索记录；按模板/主题判断,False,True,3053,0,Google 2026-09-10..10-07: impressions-observed; Bing bucket 2026-10-02(top returned pages): no-returned-row
https://keisantool.com/umaredoshi/1966/,birth-year,1966年生まれは何歳？2026年は59歳・60歳｜年齢早見表・干支・厄年 | 計算ツール,retain-monitor,,保留年份答案、和历和年龄年表；数值不同有独立查询意义，12年周期文字相似不构成删除依据,逐URL结构与搜索记录；按模板/主题判断,False,True,3029,0,Google 2026-09-10..10-07: impressions-observed; Bing bucket 2026-10-02(top returned pages): no-returned-row
https://keisantool.com/umaredoshi/1967/,birth-year,1967年生まれは何歳？2026年は58歳・59歳｜年齢早見表・干支・厄年 | 計算ツール,retain-monitor,,保留年份答案、和历和年龄年表；数值不同有独立查询意义，12年周期文字相似不构成删除依据,逐URL结构与搜索记录；按模板/主题判断,False,True,3057,0,Google 2026-09-10..10-07: impressions-observed; Bing bucket 2026-10-02(top returned pages): no-returned-row
https://keisantool.com/umaredoshi/1968/,birth-year,1968年生まれは何歳？2026年は57歳・58歳｜年齢早見表・干支・厄年 | 計算ツール,retain-monitor,,保留年份答案、和历和年龄年表；数值不同有独立查询意义，12年周期文字相似不构成删除依据,逐URL结构与搜索记录；按模板/主题判断,False,True,3020,0,Google 2026-09-10..10-07: impressions-observed; Bing bucket 2026-10-02(top returned pages): no-returned-row
https://keisantool.com/umaredoshi/1969/,birth-year,1969年生まれは何歳？2026年は56歳・57歳｜年齢早見表・干支・厄年 | 計算ツール,retain-monitor,,保留年份答案、和历和年龄年表；数值不同有独立查询意义，12年周期文字相似不构成删除依据,逐URL结构与搜索记录；按模板/主题判断,False,True,3042,0,Google 2026-09-10..10-07: impressions-observed; Bing bucket 2026-10-02(top returned pages): clicks-observed
https://keisantool.com/umaredoshi/1970/,birth-year,1970年生まれは何歳？2026年は55歳・56歳｜年齢早見表・干支・厄年 | 計算ツール,retain-monitor,,保留年份答案、和历和年龄年表；数值不同有独立查询意义，12年周期文字相似不构成删除依据,逐URL结构与搜索记录；按模板/主题判断,False,True,3020,0,Google 2026-09-10..10-07: impressions-observed; Bing bucket 2026-10-02(top returned pages): no-returned-row
https://keisantool.com/umaredoshi/1971/,birth-year,1971年生まれは何歳？2026年は54歳・55歳｜年齢早見表・干支・厄年 | 計算ツール,retain-monitor,,保留年份答案、和历和年龄年表；数值不同有独立查询意义，12年周期文字相似不构成删除依据,逐URL结构与搜索记录；按模板/主题判断,False,True,3040,0,Google 2026-09-10..10-07: impressions-observed; Bing bucket 2026-10-02(top returned pages): no-returned-row
https://keisantool.com/umaredoshi/1972/,birth-year,1972年生まれは何歳？2026年は53歳・54歳｜年齢早見表・干支・厄年 | 計算ツール,retain-monitor,,保留年份答案、和历和年龄年表；数值不同有独立查询意义，12年周期文字相似不构成删除依据,逐URL结构与搜索记录；按模板/主题判断,False,True,3017,0,Google 2026-09-10..10-07: impressions-observed; Bing bucket 2026-10-02(top returned pages): no-returned-row
https://keisantool.com/umaredoshi/1973/,birth-year,1973年生まれは何歳？2026年は52歳・53歳｜年齢早見表・干支・厄年 | 計算ツール,retain-monitor,,保留年份答案、和历和年龄年表；数值不同有独立查询意义，12年周期文字相似不构成删除依据,逐URL结构与搜索记录；按模板/主题判断,False,True,3043,0,Google 2026-09-10..10-07: clicks-observed; Bing bucket 2026-10-02(top returned pages): no-returned-row
https://keisantool.com/umaredoshi/1974/,birth-year,1974年生まれは何歳？2026年は51歳・52歳｜年齢早見表・干支・厄年 | 計算ツール,retain-monitor,,保留年份答案、和历和年龄年表；数值不同有独立查询意义，12年周期文字相似不构成删除依据,逐URL结构与搜索记录；按模板/主题判断,False,True,3020,0,Google 2026-09-10..10-07: impressions-observed; Bing bucket 2026-10-02(top returned pages): no-returned-row
https://keisantool.com/umaredoshi/1975/,birth-year,1975年生まれは何歳？2026年は50歳・51歳｜年齢早見表・干支・厄年 | 計算ツール,retain-monitor,,保留年份答案、和历和年龄年表；数值不同有独立查询意义，12年周期文字相似不构成删除依据,逐URL结构与搜索记录；按模板/主题判断,False,True,3039,0,Google 2026-09-10..10-07: impressions-observed; Bing bucket 2026-10-02(top returned pages): clicks-observed
https://keisantool.com/umaredoshi/1976/,birth-year,1976年生まれは何歳？2026年は49歳・50歳｜年齢早見表・干支・厄年 | 計算ツール,retain-monitor,,保留年份答案、和历和年龄年表；数值不同有独立查询意义，12年周期文字相似不构成删除依据,逐URL结构与搜索记录；按模板/主题判断,False,True,3018,0,Google 2026-09-10..10-07: clicks-observed; Bing bucket 2026-10-02(top returned pages): no-returned-row
https://keisantool.com/umaredoshi/1977/,birth-year,1977年生まれは何歳？2026年は48歳・49歳｜年齢早見表・干支・厄年 | 計算ツール,retain-monitor,,保留年份答案、和历和年龄年表；数值不同有独立查询意义，12年周期文字相似不构成删除依据,逐URL结构与搜索记录；按模板/主题判断,False,True,3039,0,Google 2026-09-10..10-07: no-returned-row; Bing bucket 2026-10-02(top returned pages): no-returned-row
https://keisantool.com/umaredoshi/1978/,birth-year,1978年生まれは何歳？2026年は47歳・48歳｜年齢早見表・干支・厄年 | 計算ツール,retain-monitor,,保留年份答案、和历和年龄年表；数值不同有独立查询意义，12年周期文字相似不构成删除依据,逐URL结构与搜索记录；按模板/主题判断,False,True,3019,0,Google 2026-09-10..10-07: impressions-observed; Bing bucket 2026-10-02(top returned pages): no-returned-row
https://keisantool.com/umaredoshi/1979/,birth-year,1979年生まれは何歳？2026年は46歳・47歳｜年齢早見表・干支・厄年 | 計算ツール,retain-monitor,,保留年份答案、和历和年龄年表；数值不同有独立查询意义，12年周期文字相似不构成删除依据,逐URL结构与搜索记录；按模板/主题判断,False,True,3043,0,Google 2026-09-10..10-07: impressions-observed; Bing bucket 2026-10-02(top returned pages): clicks-observed
https://keisantool.com/umaredoshi/1980/,birth-year,1980年生まれは何歳？2026年は45歳・46歳｜年齢早見表・干支・厄年 | 計算ツール,retain-monitor,,保留年份答案、和历和年龄年表；数值不同有独立查询意义，12年周期文字相似不构成删除依据,逐URL结构与搜索记录；按模板/主题判断,False,True,3020,0,Google 2026-09-10..10-07: impressions-observed; Bing bucket 2026-10-02(top returned pages): no-returned-row
https://keisantool.com/umaredoshi/1981/,birth-year,1981年生まれは何歳？2026年は44歳・45歳｜年齢早見表・干支・厄年 | 計算ツール,retain-monitor,,保留年份答案、和历和年龄年表；数值不同有独立查询意义，12年周期文字相似不构成删除依据,逐URL结构与搜索记录；按模板/主题判断,False,True,3041,0,Google 2026-09-10..10-07: clicks-observed; Bing bucket 2026-10-02(top returned pages): clicks-observed
https://keisantool.com/umaredoshi/1982/,birth-year,1982年生まれは何歳？2026年は43歳・44歳｜年齢早見表・干支・厄年 | 計算ツール,retain-monitor,,保留年份答案、和历和年龄年表；数值不同有独立查询意义，12年周期文字相似不构成删除依据,逐URL结构与搜索记录；按模板/主题判断,False,True,3007,0,Google 2026-09-10..10-07: impressions-observed; Bing bucket 2026-10-02(top returned pages): no-returned-row
https://keisantool.com/umaredoshi/1983/,birth-year,1983年生まれは何歳？2026年は42歳・43歳｜年齢早見表・干支・厄年 | 計算ツール,retain-monitor,,保留年份答案、和历和年龄年表；数值不同有独立查询意义，12年周期文字相似不构成删除依据,逐URL结构与搜索记录；按模板/主题判断,False,True,3039,0,Google 2026-09-10..10-07: no-returned-row; Bing bucket 2026-10-02(top returned pages): clicks-observed
https://keisantool.com/umaredoshi/1984/,birth-year,1984年生まれは何歳？2026年は41歳・42歳｜年齢早見表・干支・厄年 | 計算ツール,retain-monitor,,保留年份答案、和历和年龄年表；数值不同有独立查询意义，12年周期文字相似不构成删除依据,逐URL结构与搜索记录；按模板/主题判断,False,True,3011,0,Google 2026-09-10..10-07: impressions-observed; Bing bucket 2026-10-02(top returned pages): no-returned-row
https://keisantool.com/umaredoshi/1985/,birth-year,1985年生まれは何歳？2026年は40歳・41歳｜年齢早見表・干支・厄年 | 計算ツール,retain-monitor,,保留年份答案、和历和年龄年表；数值不同有独立查询意义，12年周期文字相似不构成删除依据,逐URL结构与搜索记录；按模板/主题判断,False,True,3072,0,Google 2026-09-10..10-07: impressions-observed; Bing bucket 2026-10-02(top returned pages): no-returned-row
https://keisantool.com/umaredoshi/1986/,birth-year,1986年生まれは何歳？2026年は39歳・40歳｜年齢早見表・干支・厄年 | 計算ツール,retain-monitor,,保留年份答案、和历和年龄年表；数值不同有独立查询意义，12年周期文字相似不构成删除依据,逐URL结构与搜索记录；按模板/主题判断,False,True,3009,0,Google 2026-09-10..10-07: impressions-observed; Bing bucket 2026-10-02(top returned pages): no-returned-row
https://keisantool.com/umaredoshi/1987/,birth-year,1987年生まれは何歳？2026年は38歳・39歳｜年齢早見表・干支・厄年 | 計算ツール,retain-monitor,,保留年份答案、和历和年龄年表；数值不同有独立查询意义，12年周期文字相似不构成删除依据,逐URL结构与搜索记录；按模板/主题判断,False,True,3059,0,Google 2026-09-10..10-07: impressions-observed; Bing bucket 2026-10-02(top returned pages): clicks-observed
https://keisantool.com/umaredoshi/1988/,birth-year,1988年生まれは何歳？2026年は37歳・38歳｜年齢早見表・干支・厄年 | 計算ツール,retain-monitor,,保留年份答案、和历和年龄年表；数值不同有独立查询意义，12年周期文字相似不构成删除依据,逐URL结构与搜索记录；按模板/主题判断,False,True,3002,0,Google 2026-09-10..10-07: impressions-observed; Bing bucket 2026-10-02(top returned pages): no-returned-row
https://keisantool.com/umaredoshi/1989/,birth-year,1989年生まれは何歳？2026年は36歳・37歳｜年齢早見表・干支・厄年 | 計算ツール,retain-monitor,,保留年份答案、和历和年龄年表；数值不同有独立查询意义，12年周期文字相似不构成删除依据,逐URL结构与搜索记录；按模板/主题判断,False,True,3085,0,Google 2026-09-10..10-07: impressions-observed; Bing bucket 2026-10-02(top returned pages): no-returned-row
https://keisantool.com/umaredoshi/1990/,birth-year,1990年生まれは何歳？2026年は35歳・36歳｜年齢早見表・干支・厄年 | 計算ツール,retain-monitor,,保留年份答案、和历和年龄年表；数值不同有独立查询意义，12年周期文字相似不构成删除依据,逐URL结构与搜索记录；按模板/主题判断,False,True,3002,0,Google 2026-09-10..10-07: impressions-observed; Bing bucket 2026-10-02(top returned pages): no-returned-row
https://keisantool.com/umaredoshi/1991/,birth-year,1991年生まれは何歳？2026年は34歳・35歳｜年齢早見表・干支・厄年 | 計算ツール,retain-monitor,,保留年份答案、和历和年龄年表；数值不同有独立查询意义，12年周期文字相似不构成删除依据,逐URL结构与搜索记录；按模板/主题判断,False,True,3065,0,Google 2026-09-10..10-07: impressions-observed; Bing bucket 2026-10-02(top returned pages): no-returned-row
https://keisantool.com/umaredoshi/1992/,birth-year,1992年生まれは何歳？2026年は33歳・34歳｜年齢早見表・干支・厄年 | 計算ツール,retain-monitor,,保留年份答案、和历和年龄年表；数值不同有独立查询意义，12年周期文字相似不构成删除依据,逐URL结构与搜索记录；按模板/主题判断,False,True,2996,0,Google 2026-09-10..10-07: impressions-observed; Bing bucket 2026-10-02(top returned pages): no-returned-row
https://keisantool.com/umaredoshi/1993/,birth-year,1993年生まれは何歳？2026年は32歳・33歳｜年齢早見表・干支・厄年 | 計算ツール,retain-monitor,,保留年份答案、和历和年龄年表；数值不同有独立查询意义，12年周期文字相似不构成删除依据,逐URL结构与搜索记录；按模板/主题判断,False,True,3061,0,Google 2026-09-10..10-07: impressions-observed; Bing bucket 2026-10-02(top returned pages): no-returned-row
https://keisantool.com/umaredoshi/1994/,birth-year,1994年生まれは何歳？2026年は31歳・32歳｜年齢早見表・干支・厄年 | 計算ツール,retain-monitor,,保留年份答案、和历和年龄年表；数值不同有独立查询意义，12年周期文字相似不构成删除依据,逐URL结构与搜索记录；按模板/主题判断,False,True,3005,0,Google 2026-09-10..10-07: impressions-observed; Bing bucket 2026-10-02(top returned pages): no-returned-row
https://keisantool.com/umaredoshi/1995/,birth-year,1995年生まれは何歳？2026年は30歳・31歳｜年齢早見表・干支・厄年 | 計算ツール,retain-monitor,,保留年份答案、和历和年龄年表；数值不同有独立查询意义，12年周期文字相似不构成删除依据,逐URL结构与搜索记录；按模板/主题判断,False,True,3060,0,Google 2026-09-10..10-07: impressions-observed; Bing bucket 2026-10-02(top returned pages): no-returned-row
https://keisantool.com/umaredoshi/1996/,birth-year,1996年生まれは何歳？2026年は29歳・30歳｜年齢早見表・干支・厄年 | 計算ツール,retain-monitor,,保留年份答案、和历和年龄年表；数值不同有独立查询意义，12年周期文字相似不构成删除依据,逐URL结构与搜索记录；按模板/主题判断,False,True,2996,0,Google 2026-09-10..10-07: impressions-observed; Bing bucket 2026-10-02(top returned pages): clicks-observed
https://keisantool.com/umaredoshi/1997/,birth-year,1997年生まれは何歳？2026年は28歳・29歳｜年齢早見表・干支・厄年 | 計算ツール,retain-monitor,,保留年份答案、和历和年龄年表；数值不同有独立查询意义，12年周期文字相似不构成删除依据,逐URL结构与搜索记录；按模板/主题判断,False,True,3059,0,Google 2026-09-10..10-07: impressions-observed; Bing bucket 2026-10-02(top returned pages): no-returned-row
https://keisantool.com/umaredoshi/1998/,birth-year,1998年生まれは何歳？2026年は27歳・28歳｜年齢早見表・干支・厄年 | 計算ツール,retain-monitor,,保留年份答案、和历和年龄年表；数值不同有独立查询意义，12年周期文字相似不构成删除依据,逐URL结构与搜索记录；按模板/主题判断,False,True,3000,0,Google 2026-09-10..10-07: no-returned-row; Bing bucket 2026-10-02(top returned pages): no-returned-row
https://keisantool.com/umaredoshi/1999/,birth-year,1999年生まれは何歳？2026年は26歳・27歳｜年齢早見表・干支・厄年 | 計算ツール,retain-monitor,,保留年份答案、和历和年龄年表；数值不同有独立查询意义，12年周期文字相似不构成删除依据,逐URL结构与搜索记录；按模板/主题判断,False,True,3059,0,Google 2026-09-10..10-07: impressions-observed; Bing bucket 2026-10-02(top returned pages): no-returned-row
https://keisantool.com/umaredoshi/2000/,birth-year,2000年生まれは何歳？2026年は25歳・26歳｜年齢早見表・干支・厄年 | 計算ツール,retain-monitor,,保留年份答案、和历和年龄年表；数值不同有独立查询意义，12年周期文字相似不构成删除依据,逐URL结构与搜索记录；按模板/主题判断,False,True,3000,0,Google 2026-09-10..10-07: impressions-observed; Bing bucket 2026-10-02(top returned pages): no-returned-row
https://keisantool.com/umaredoshi/2001/,birth-year,2001年生まれは何歳？2026年は24歳・25歳｜年齢早見表・干支・厄年 | 計算ツール,retain-monitor,,保留年份答案、和历和年龄年表；数值不同有独立查询意义，12年周期文字相似不构成删除依据,逐URL结构与搜索记录；按模板/主题判断,False,True,3051,0,Google 2026-09-10..10-07: impressions-observed; Bing bucket 2026-10-02(top returned pages): no-returned-row
https://keisantool.com/umaredoshi/2002/,birth-year,2002年生まれは何歳？2026年は23歳・24歳｜年齢早見表・干支・厄年 | 計算ツール,retain-monitor,,保留年份答案、和历和年龄年表；数值不同有独立查询意义，12年周期文字相似不构成删除依据,逐URL结构与搜索记录；按模板/主题判断,False,True,3005,0,Google 2026-09-10..10-07: impressions-observed; Bing bucket 2026-10-02(top returned pages): no-returned-row
https://keisantool.com/umaredoshi/2003/,birth-year,2003年生まれは何歳？2026年は22歳・23歳｜年齢早見表・干支・厄年 | 計算ツール,retain-monitor,,保留年份答案、和历和年龄年表；数值不同有独立查询意义，12年周期文字相似不构成删除依据,逐URL结构与搜索记录；按模板/主题判断,False,True,3055,0,Google 2026-09-10..10-07: impressions-observed; Bing bucket 2026-10-02(top returned pages): no-returned-row
https://keisantool.com/umaredoshi/2004/,birth-year,2004年生まれは何歳？2026年は21歳・22歳｜年齢早見表・干支・厄年 | 計算ツール,retain-monitor,,保留年份答案、和历和年龄年表；数值不同有独立查询意义，12年周期文字相似不构成删除依据,逐URL结构与搜索记录；按模板/主题判断,False,True,3019,0,Google 2026-09-10..10-07: impressions-observed; Bing bucket 2026-10-02(top returned pages): no-returned-row
https://keisantool.com/umaredoshi/2005/,birth-year,2005年生まれは何歳？2026年は20歳・21歳｜年齢早見表・干支・厄年 | 計算ツール,retain-monitor,,保留年份答案、和历和年龄年表；数值不同有独立查询意义，12年周期文字相似不构成删除依据,逐URL结构与搜索记录；按模板/主题判断,False,True,3045,0,Google 2026-09-10..10-07: impressions-observed; Bing bucket 2026-10-02(top returned pages): no-returned-row
https://keisantool.com/umaredoshi/2006/,birth-year,2006年生まれは何歳？2026年は19歳・20歳｜年齢早見表・干支・厄年 | 計算ツール,retain-monitor,,保留年份答案、和历和年龄年表；数值不同有独立查询意义，12年周期文字相似不构成删除依据,逐URL结构与搜索记录；按模板/主题判断,False,True,3020,0,Google 2026-09-10..10-07: impressions-observed; Bing bucket 2026-10-02(top returned pages): no-returned-row
https://keisantool.com/umaredoshi/2007/,birth-year,2007年生まれは何歳？2026年は18歳・19歳｜年齢早見表・干支・厄年 | 計算ツール,retain-monitor,,保留年份答案、和历和年龄年表；数值不同有独立查询意义，12年周期文字相似不构成删除依据,逐URL结构与搜索记录；按模板/主题判断,False,True,3050,0,Google 2026-09-10..10-07: impressions-observed; Bing bucket 2026-10-02(top returned pages): clicks-observed
https://keisantool.com/umaredoshi/2008/,birth-year,2008年生まれは何歳？2026年は17歳・18歳｜年齢早見表・干支・厄年 | 計算ツール,retain-monitor,,保留年份答案、和历和年龄年表；数值不同有独立查询意义，12年周期文字相似不构成删除依据,逐URL结构与搜索记录；按模板/主题判断,False,True,3025,0,Google 2026-09-10..10-07: impressions-observed; Bing bucket 2026-10-02(top returned pages): no-returned-row
https://keisantool.com/umaredoshi/2009/,birth-year,2009年生まれは何歳？2026年は16歳・17歳｜年齢早見表・干支・厄年 | 計算ツール,retain-monitor,,保留年份答案、和历和年龄年表；数值不同有独立查询意义，12年周期文字相似不构成删除依据,逐URL结构与搜索记录；按模板/主题判断,False,True,3047,0,Google 2026-09-10..10-07: no-returned-row; Bing bucket 2026-10-02(top returned pages): no-returned-row
https://keisantool.com/umaredoshi/2010/,birth-year,2010年生まれは何歳？2026年は15歳・16歳｜年齢早見表・干支・厄年 | 計算ツール,retain-monitor,,保留年份答案、和历和年龄年表；数值不同有独立查询意义，12年周期文字相似不构成删除依据,逐URL结构与搜索记录；按模板/主题判断,False,True,3020,0,Google 2026-09-10..10-07: impressions-observed; Bing bucket 2026-10-02(top returned pages): no-returned-row
https://keisantool.com/urlencode/,tool,URL エンコード / デコード - パーセントエンコードを瞬時に変換 | 計算ツール,retain-monitor,,保留可操作的计算/转换/查询任务；字数与外链数量不作机械门槛，持续用真实使用和独立算例校验,逐URL结构与搜索记录；按模板/主题判断,False,True,1445,0,Google 2026-09-10..10-07: impressions-observed; Bing bucket 2026-10-02(top returned pages): no-returned-row
https://keisantool.com/wareki/,tool,和暦・西暦変換器【令和8年=2026年】元号⇔西暦をかんたん変換 | 計算ツール,retain-monitor,,保留可操作的计算/转换/查询任务；字数与外链数量不作机械门槛，持续用真实使用和独立算例校验,逐URL结构与搜索记录；按模板/主题判断,False,True,3782,0,Google 2026-09-10..10-07: clicks-observed; Bing bucket 2026-10-02(top returned pages): clicks-observed
https://keisantool.com/wariai/,tool,割合計算・パーセント計算｜何％・逆算・増減率を無料計算 | 計算ツール,retain-monitor,,保留可操作的计算/转换/查询任务；字数与外链数量不作机械门槛，持续用真实使用和独立算例校验,逐URL结构与搜索记录；按模板/主题判断,False,True,1735,0,Google 2026-09-10..10-07: clicks-observed; Bing bucket 2026-10-02(top returned pages): clicks-observed
https://keisantool.com/warikai/,tool,割り勘計算ツール｜飲み会の端数・傾斜配分を無料計算 | 計算ツール,retain-monitor,,保留可操作的计算/转换/查询任务；字数与外链数量不作机械门槛，持续用真实使用和独立算例校验,逐URL结构与搜索记录；按模板/主题判断,False,True,1574,0,Google 2026-09-10..10-07: clicks-observed; Bing bucket 2026-10-02(top returned pages): clicks-observed
https://keisantool.com/widgets/,resource-hub,無料カレンダー埋め込み｜営業日数・祝日入り月間カレンダー,retain-monitor,,保留资料发现、下载或嵌入入口；按导航任务判断，不要求凑长文,逐URL结构与搜索记录；按模板/主题判断,False,True,679,0,Google 2026-09-10..10-07: no-returned-row; Bing bucket 2026-10-02(top returned pages): no-returned-row
https://keisantool.com/yakudoshi/,tool,厄年早見表【2026年・令和8年】男女別チェッカー | 計算ツール,retain-monitor,,保留可操作的计算/转换/查询任务；字数与外链数量不作机械门槛，持续用真实使用和独立算例校验,逐URL结构与搜索记录；按模板/主题判断,False,True,1766,0,Google 2026-09-10..10-07: clicks-observed; Bing bucket 2026-10-02(top returned pages): no-returned-row
https://keisantool.com/yukyu-nissu/,tool,有給休暇付与日数計算ツール｜正社員・パートの有給はいつ何日？,retain-monitor,,保留可操作的计算/转换/查询任务；字数与外链数量不作机械门槛，持续用真实使用和独立算例校验,逐URL结构与搜索记录；按模板/主题判断,False,True,2668,4,Google 2026-09-10..10-07: clicks-observed; Bing bucket 2026-10-02(top returned pages): clicks-observed
https://keisantool.com/zeizei/,tool,消費税計算ツール｜税込・税抜・10％・8％・割引を自動計算,retain-monitor,,保留可操作的计算/转换/查询任务；字数与外链数量不作机械门槛，持续用真实使用和独立算例校验,逐URL结构与搜索记录；按模板/主题判断,False,True,1119,2,Google 2026-09-10..10-07: impressions-observed; Bing bucket 2026-10-02(top returned pages): no-returned-row
